station_id,marque
10000005,Esso Express
10000006,Casino
1000001,Carrefour Market
10000018,Total
10000019,Total Access
1000002,Carrefour
10000020,Total Access
1000004,Total
1000007,E. Leclerc
1000008,TotalEnergies
1000009,Intermarché
1000012,Total
1000013,Carrefour
1000016,TotalEnergies
10100001,Carrefour
10100002,Total
10100003,Esso Express
10100004,E.Leclerc
10110001,Esso
10110002,Intermarché
10120004,Super U
10120006,Avia
10123001,Carrefour
10130001,Avia
10130004,Intermarché
10140001,Avia
10150001,Esso Express
10150002,Intermarché
10150003,Shell
10160001,Intermarché
10160002,TotalEnergies
10170001,Intermarché
10180001,Intermarché
10190001,AVIA XPress
10200002,E.Leclerc
10200004,Esso
10200006,Carrefour
10210001,Station du Chaourçois - Peugeot
10210002,bi1
10230001,Avia
10230002,Total
10250001,Avia
10250002,Carrefour
10260001,Total
10260003,Carrefour
10270006,Total Access
10270007,Total
10270009,E.Leclerc
10270010,Carrefour
10300002,Esso
10300005,Total Access
10310001,TotalEnergies
10340001,Avia
10350001,Intermarché
10360001,Avia
10370001,Intermarché
10400002,Carrefour Market
10400003,Intermarché
10400007,Carrefour Contact
10410003,E.Leclerc
10430003,E.Leclerc
10430005,Intermarché
10500001,Total
10500002,Intermarché
10500005,E.Leclerc
10600002,Carrefour
10600005,Esso
10600009,Total Access
10600012,Auchan
10700001,Total
10700002,Carrefour Market
10700003,Intermarché
10800002,Intermarché
10800003,Intermarché
10800006,Carrefour
10800007,Intermarché
1090001,Auchan
11000003,TotalEnergies
11000005,Esso Express
11000007,E.Leclerc
11000009,Intermarché
11000012,Triay Frères
11000013,Intermarché
11000014,Dyneff
11000015,TotalEnergies
11000016,Carrefour
11000018,Auchan
11000019,E.Leclerc
1100002,Carrefour Market
1100004,Avia
1100006,Intermarché
1100007,Total
1100008,Intermarché
1100009,Intermarché
11100002,Dyneff
11100003,Dyneff
11100004,Dyneff
11100008,Esso
11100009,Esso
1110001,Carrefour
11100010,Esso
11100013,TotalEnergies
11100015,Super U
11100016,Auchan
11101001,Carrefour
11106001,E. Leclerc
11110001,Super U
11110004,Intermarché
11110005,TotalEnergies
11110008,E.Leclerc
11120001,Intermarché
11120002,Carrefour
11120003,Intermarché
11130001,Intermarché
11130002,Carrefour
11140001,Dyneff
11150001,Carrefour
11150002,Système U
11160002,Independent
11160003,Carrefour
11170002,Intermarché
11200001,Carrefour
11200002,Dyneff
11200003,Dyneff
11200006,Intermarché
11200007,Système U
11200008,Total Access
1120004,Super U
1120005,Intermarché
1120006,Total
1120008,TotalEnergies
1120009,Avia
11210002,Super U
11220001,Dyneff
11250001,TotalEnergies
11260001,Intermarché
11290001,Dyneff
11290002,Dyneff
11290003,TotalEnergies
11290005,Carrefour
11300001,Dyneff
11300003,Esso Express
11300004,E.Leclerc
11300006,Système U
1130002,Avia
1130003,TotalEnergies
11310001,Carrefour Express Le Carburant
11360002,Super U
11370001,Carrefour
11370004,Esso
11390001,Dyneff
11400002,Dyneff
11400004,Total
11400005,Intermarché
11400008,E.Leclerc
11400009,Netto
1140001,U Express
11430001,Dyneff
11430002,Intermarché
11480007,Avia
11480008,Avia
11480009,Esso
11500002,TotalEnergies
11500004,Lopez et Fils
11500005,Carrefour
1150001,Carrefour
1150002,Total
11540001,TotalEnergies
11560002,Total
11590002,BP
11590004,Auchan
11600005,Dyneff
1160002,Super U
1160005,Total Access
11620001,Dyneff
11700001,Dyneff
11700005,Intermarché
11700007,Avia
11700008,Avia
11700009,Intermarché
1170001,Carrefour
1170002,Carrefour
1170003,Intermarché
1170005,Avia
11800002,Super U
11800003,Intermarché
1190001,Avia
1200001,Carrefour
12000010,E.Leclerc
12000011,Intermarché
12000013,Total
12000014,Total
12000015,Dyneff
12000016,Intermarché
1200003,Carrefour
12100002,TotalEnergies
12100004,Carrefour
12100005,Auchan
12100006,E.Leclerc
12100009,E.Leclerc
1210001,Carrefour
12100010,Servifioul
12100011,Intermarché
1210003,E.Leclerc
12110002,Intermarché
12110003,Intermarché
12110004,Total
12120001,Carrefour
12120002,Carrefour
12130001,Total
12130002,Intermarché
12140002,Dyneff
12150003,Augade
12150004,Intermarché
12150005,Terre des Grands Causses
12150006,Total
12150007,Relais 9
12160002,TotalEnergies
12160003,Carrefour Market
12170001,Carrefour Contact
12170004,Carrefour
12200001,TotalEnergies
12200002,Carrefour
12200004,E. Leclerc
12200005,Intermarché
12200006,Elan
1220001,Carrefour
12210001,Casino
12220001,Système U
12230001,Total
12230003,Servifioul
12230004,Total
12240002,Intermarché
12260002,Total
12260007,Carrefour Contact
12270001,Intermarché
12270002,Total
12290001,Total Access
12290003,Total Access
12300004,Intermarché
12300005,Super U
1230002,Avia
1230003,Elan
12310001,Total
12310002,Intermarché
12330002,TotalEnergies
12330003,Station Intermarché Salles-la-Source
12330004,Netto
12340001,Total
12340002,Intermarché
12350002,Spar
12360001,Intermarché
12390001,U
12400001,Carrefour
12400002,Total Contact
12400003,Intermarché
12400005,Motrio
12400006,Super U
12400007,Avia
12430001,Total
12450001,Carrefour
12450002,Total
12490001,Station Suau Michel
12490002,Avia
12500002,Total
12500003,Station d'Olt
12500004,La station u
1250004,Avia
1250005,TotalEnergies
1250006,Système U
1250007,Fulli
12510001,Super U
12560001,Station La Vallée du Lot
12560002,Les Rebels
12560003,Station du Val de Serre
12580001,Station service du Plateau
12600001,Garage Yerles
12600002,Avia
1260002,TotalEnergies
12700001,Intermarché
1270003,TotalEnergies
12780002,Porte du Lévézou
12800001,Total
12800002,Intermarché
12800003,Energie
12850001,Système U
12850002,E.Leclerc
12850004,E.Leclerc
12850007,TotalEnergies
1290001,U
13000001,Intermarché
13000003,Station Dorgelès
1300001,Carrefour
1300002,Auchan
1300003,Intermarché
1300004,TotalEnergies
13002007,Avia
13003004,Total Access
13004005,TotalEnergies
13005011,Esso Express
13005012,TotalEnergies
13005013,TotalEnergies
13006003,Avia
13006005,Total
13007001,Esso Express
13007008,Eni
13008001,Casino
13008004,Esso Express
13008008,Carrefour
13008014,Avia
13008017,TotalEnergies
13008018,Relais de Mermoz
13008019,Eni
13009006,E. Leclerc
13009008,TotalEnergies
13009009,Avia
13009011,Intermarché
13010001,Auchan
13010005,TotalEnergies
13010011,TotalEnergies
13011003,Shell
13011016,TotalEnergies
13011017,Total
13011018,Intermarché
13011019,La Source
13011022,Intermarché
13011023,Station La Millière
13011025,Eni
13011026,Auchan
13011027,Carrefour
13011028,Carrefour
13012016,Intermarché
13012022,Total Access
13012024,Auchan
13012025,Esso
13012028,Carrefour
13012029,Intermarché
13013002,Esso
13013003,Esso
13013011,Les Olives
13013012,Le Relais de Plombières
13013014,Eni
13013016,TotalEnergies
13013017,Total Access
13013018,Casino
13013019,Intermarché
13014001,Carrefour
13014010,Avia
13014015,Eni
13015004,Esso Express
13015016,Eni
13015019,Total Access
13015020,Eni
13016007,TotalEnergies
13016008,TotalEnergies
13090017,TotalEnergies
13090018,TotalEnergies
13090020,Eni
13090021,Auchan
13100005,Esso Express
13100006,Esso Express
1310001,Total
13100013,Total Access
13100014,TotalEnergies
13100015,Total Access
13100016,Total
13100017,Total Access
13100021,Carburant Loti
1310005,Netto
13105001,Intermarché
13110003,Carrefour
13110004,Euro Stat
13110005,Total
13112003,Intermarché
13112005,Avia
13115001,Total
13118001,Super U
13120001,Carrefour
13120003,Intermarché
13120005,E.Leclerc
13120008,TotalEnergies
13120009,Relais de la Garde
13122001,Total
13122002,Intermarché
13124003,E.Leclerc
13124004,E.Leclerc
13127005,Eni
13127006,E. Leclerc
13127009,Station des Cadestaux
13127010,Total
13127012,Esso
13127013,Intermarché
13130002,Carrefour Market
13130005,Dyneff
13130006,TotalEnergies
13140001,Carrefour
13140002,Dyneff
13140005,Intermarché
13140010,Total Access
13150001,Auchan
13150003,Intermarché
13150006,Total Access
13160001,Garoucha Fioul Service SARL
13160002,Intermarché
13160004,Carrefour
13160005,Super U
13170007,Avia
13170008,Independent
13170010,L.R.D.P.
13170011,Total
13170013,Eni
13180001,Eni
13180002,Carrefour Market
13190001,Total
13200006,E.Leclerc
13200009,Intermarché
1320001,Elan
13200013,Genevez Auto Station
13200014,TotalEnergies
13200015,Total
13200016,TotalEnergies
13200019,Esso
13200020,TotalEnergies
1320004,Netto
13210002,Intermarché
13210004,Total
13220003,Carrefour
13220004,Carrefour Contact
13230001,Intermarché
13230002,Netto
13230004,TotalEnergies
13240002,Relais du 8 Mai
13260002,TotalEnergies
13270004,Esso Express
13270005,Intermarché
13270011,Total Access
13270012,Total Access
13270014,Relais des Pins
13300001,TotalEnergies
13300002,Total
13300005,E.Leclerc
13300008,Intermarché
13300009,Independent
13300010,TotalEnergies
13300011,Carrefour
1330002,Super U
1330003,Total
13310001,Super U
13310002,Intermarché
13320004,Esso Express
13320005,Esso
13320009,Avia
13320010,Système U
13320012,TotalEnergies
13320013,Esso
13320014,Eni
13330001,Intermarché
13340001,Carrefour
13340004,Dyneff
13340005,Shell
13340006,Avia
13360001,Intermarché
13370003,Intermarché
13370005,Relais de Douneau
13370006,Intermarché
13380002,Esso Express
13390002,Intermarché
13400001,Auchan
13400002,Total
13400003,Total
13400007,Esso Express
13400014,Total
13400015,Total Access
13400017,Intermarché
13400018,Avia
1340002,Total
1340003,Intermarché
1340004,Dyneff
1340005,Market
13410004,Carrefour Contact
13410005,Intermarché
13420001,Avia
13430001,Intermarché
13430002,Independent
13440002,Intermarché
13440005,Distrifioul Provence
13450001,U Express
13460001,Les Tamaris
13460003,Flamants service
13463001,Carrefour
13470001,Intermarché
13480001,TotalEnergies
13480002,E.Leclerc
13500001,Auchan
13500005,Esso Express
13500006,Intermarché
13500011,TotalEnergies
13500012,TotalEnergies
13500014,Esso
1350003,Intermarché
1350004,Carrefour
13510001,Total
13520001,Total Access
13530001,Carrefour
13530003,Auchan
13545001,Carrefour
13550001,Total
13560002,Elan
13560003,Station Auto Relax
13560004,Auchan
13560005,Total
13570001,Intermarché
13580002,Système U
13580003,Relais de la Fare
13590003,Total
13590004,Intermarché
13600005,Carrefour
13600013,Esso
13600015,TotalEnergies
1360002,Total
13600022,Esso
13600023,Intermarché
13600024,Station Mesnier
13600026,Total Access
13610001,Esso
13620002,Independent
13620004,Total
13626002,Intermarché
13630003,Astouin
13630004,U Express
13650002,Esso
13650003,Avia
13660002,Independent
13660005,Intermarché
13670001,Garoucha - Relais des MIN
13680004,Intermarché
13680007,TotalEnergies
13680008,TotalEnergies
13680010,Carrefour Contact
13700005,E. Leclerc
13700007,Intermarché
13700009,Total Access
13700010,Total Access
13700011,Total Access
13700013,Independent
1370003,Intermarché
13710001,TotalEnergies
13710002,Esso Express
13710004,Intermarché
13710005,Intermarché
13730001,Carrefour Market
13740001,Total
13740003,Auchan
13741001,Carrefour
13750003,Esso
13750004,TotalEnergies
13750005,Total
13750006,U
13751002,Intermarché
13770002,Intermarché
13770004,Carburant Loti
13780009,Carrefour Contact
13790003,Avia
13790005,Shell
13800004,E. Leclerc
13800009,Avia
13800010,Total
13800011,Auchan
1380002,DATS 24
13850001,Intermarché
13860001,Lidl
13870001,Système U
13870002,Renault Sighinolfi
13880001,Intermarché
13880002,Intermarché
13890000,Independent
1390002,Total
1390009,Eni
1390010,Intermarché
1390011,Shell
1390013,Carrefour
13910001,Super U
13920004,Carrefour
13920005,Esso
13920010,Dyneff
13990002,Avia
14000003,TotalEnergies
14000009,Super U
1400001,Carrefour
14000010,Intermarché
14000014,E.Leclerc
14000019,TotalEnergies
14000020,TotalEnergies
14000021,TotalEnergies
1400005,Intermarché
1400006,Intermarché
14053001,Carrefour
14100003,E.Leclerc
14100004,Esso
14100006,Système U
14100007,Intermarché
14100009,Total
1410001,Avia
14110002,Intermarché
14110003,Total Access
14111001,Intermarché
14112001,Carrefour
14120001,Super U
14120002,Total
14123001,Auchan
14123004,E.Leclerc
14123005,Système U
14123007,Total
14123008,Total
14123009,E.Leclerc
14123010,Carrefour
14125001,Carrefour
14130001,Total
14130003,Intermarché
14130004,Intermarché
14130007,Total Access
14130008,TotalEnergies
14130010,Avia
14150001,Esso
14160002,Système U
14160003,Intermarché
14160004,TotalEnergies
14170001,TotalEnergies
14170006,Intermarché
14200006,Système U
14200008,Auchan
14200009,Total Access
14200010,Système U
14210001,Intermarché
14220002,XBEE
14230002,Intermarché
14230003,Carrefour
14240001,Intermarché
14250002,Carrefour
14260002,Intermarché
14270003,Carrefour
14280002,Les Mousquetaires
14290001,Carrefour
14290002,Intermarché
1430003,Eni
1430004,Avia
1430005,Total
14310002,TotalEnergies
14310003,Carrefour
14310004,E.Leclerc
14320003,Carrefour
14320004,Total
14330001,Système U
14350002,TotalEnergies
14370003,E.Leclerc
14380001,Carrefour
14380002,TotalEnergies
14380003,Avia
14390001,Carrefour Market
14400003,TotalEnergies
14400004,Esso
1440001,Total
14400010,TotalEnergies
14400011,Intermarché
1440002,Total
1440003,Avia
14404001,E.Leclerc
14410004,Carrefour Contact
14420003,Carrefour
14430001,U
14440001,Total
14440002,Système U
14450001,Carrefour
14460002,Super U
14470001,TotalEnergies
14470002,Carrefour
14480001,Carrefour
14500001,Total
14500003,Carrefour
14500005,E. Leclerc
14500008,Carrefour
14500012,Intermarché
14500013,U
14520002,Total
14520003,U
14520004,Super U
14540001,Carrefour
14550001,Système U
14600003,E. Leclerc
14600004,Intermarché
14600007,TotalEnergies
1460001,Carrefour
1460002,Total
1460003,Intermarché
14610001,Carrefour
14640001,TotalEnergies
14670001,Super U
14680001,Carrefour
14700001,Carrefour Market
14700004,E.Leclerc
14700005,Elan
14700007,Esso
1470002,Intermarché
14710001,Station service Communale
14730001,Esso
14730004,Dyneff
14740001,U Express
14760002,Relais Du Virois
14780003,Carrefour Contact
14790002,TotalEnergies
14800005,E.Leclerc
14800006,Carrefour
14800008,Avia
1480001,Carrefour Market
1480004,Total
1480006,Intermarché
14880001,Auchan
14920001,Esso Express
14960001,Carrefour Contact
14980002,Carrefour
14980007,Esso Express
14990002,Intermarché
15000003,TotalEnergies
15000005,TotalEnergies
15000008,Intermarché
15000009,Intermarché
15000012,Avia
15000016,TotalEnergies
15000017,Carrefour
15000018,Avia
15000019,GAVARRY DISTRIBUTION
1500003,Avia
1500004,Avia
1500006,Total
1500007,Intermarché
1500008,Total
15004002,E.Leclerc
15100003,Energies Sanfloraines
15100005,Carrefour
15100006,Intermarché
15100010,Aire de service du Cantal
15100011,Station Service Orceyre
15100012,E.Leclerc
15100013,Total
1510003,Carrefour Contact
15110001,Total
15110003,Élan
15130001,Total
15130003,Esso
15130005,TotalEnergies
15190001,Esso
15190003,Intermarché
15190004,Carrefour
15200004,Intermarché
15200005,Carrefour
15210001,Super U
15220002,Total
15250001,Total
15250004,Carrefour
15250006,Carrefour Contact
15290001,Etablissements Lacombe
15300002,Total
15300003,Intermarché
15300006,Auvergne Carburants
15300007,La Planèze
15310001,Elan
15320001,Orceyre Carburants
15400002,Esso
15400003,Carrefour Market
15400004,Total
1540001,Carrefour
1540003,Intermarché
15500003,Intermarché
15500006,Orceyre Carburants
15500008,Carrefour Contact
15600001,Total
15600003,Intermarché
1560001,Intermarché
15700001,Avia
15700005,U
1570001,Intermarché
15800002,Intermarché
15800004,Station Communale
1590001,Avia
1590002,Intermarché
16000004,Intermarché
16000005,Intermarché
16000008,Total Access
16000009,Total Access
1600002,Carrefour
1600003,Auchan
16021001,E.Leclerc
16100001,Auchan
16100004,E.Leclerc
16100005,Avia
16100006,Intermarché
16100007,Intermarché
16100008,Total Access
16110001,E. Leclerc
16110004,Total
16110005,Esso
16110006,E.Leclerc
16120001,Super U
16120004,Carrefour
16130002,Intermarché
16140002,Carrefour
16150003,Super U
16150004,Elan
16160001,Avia
16170001,Super U
16190001,Système U
16200001,U
16200003,Intermarché
16200005,Intermarché
16210001,Intermarché
16220001,Intermarché
16230002,Système U
16230004,Avia
16230005,TotalEnergies
16250001,Carrefour
16260001,Total
16260002,Intermarché
16270001,U
16270003,Intermarché
16300001,TotalEnergies
16300004,Intermarché
16300005,E.Leclerc
1630001,Carrefour
1630003,Intermarché
1630004,Intermarché
1630005,Avia
16320003,Super U
16320005,Petit 24/24
16330001,Intermarché
16330003,Coop
16340002,Esso Express
16350001,Carrefour
16360001,TotalEnergies
16360002,Intermarché
16380001,Avia
16400001,Auchan
16400002,Système U
1640003,TotalEnergies
16430004,Intermarché
16430005,Total Access
16430006,Auchan
16480001,Avia
16500002,Intermarché
16500005,Intermarché
16500006,Esso
16600001,Intermarché
16700003,E.Leclerc
16700004,Intermarché
16700007,Dyneff
16700008,E.Leclerc
16700009,Shell
16710001,Système U
16730001,Avia
16730002,Intermarché
16800001,Station essence Carrefour
17000005,E.Leclerc
17000007,Avia
17000010,Esso Express
17000012,Total
1700003,Esso
1700004,E.Leclerc
1700005,Carrefour
17100001,TotalEnergies
17100005,E.Leclerc
17100006,E.Leclerc
17100007,Intermarché
17100008,Intermarché
1710001,Migrol
17100011,Esso
17100013,Total Access
17100014,TotalEnergies
17102001,U
17110001,Super U
17120002,Super U
17120004,Chez Chouchou
17120005,Total Contact
17130001,Système U
17130003,Total
17130004,Intermarché
17132001,Station U
17137001,Total
17137002,Système U
17138006,Total Access
17138007,Total Access
17138010,Carrefour Contact
17139001,Super U
17140001,E.Leclerc
17150001,Super U
17160001,Intermarché
17160002,Système U
17170003,Carrefour Market
17200001,Super U
17200003,Total
17200006,Intermarché
17200008,Total Access
17200009,Total Access
17201001,Picoty Atlantique Services
17210004,KM488
17210006,Avia
17210007,Avia
17220001,Intermarché
17220002,Intermarché
17220003,Système U
17230002,Station U
17230004,Intermarché
17240001,Total
17250002,Carrefour
17250003,Intermarché
17260001,Super U
17270001,Intermarché
17285001,Super U
17290003,Intermarché
17300003,E. Leclerc
17300004,Intermarché
17300006,Esso Express
17310001,Système U
17310003,Total
17310004,E.Leclerc
17320002,E. Leclerc
17320003,Intermarché
17320004,E.Leclerc
17350001,Shell
17350003,Total
17350005,Système U
17350006,Eni
17360001,Super U
17390002,Intermarché
17400002,E.Leclerc
17400003,Intermarché
17400006,Esso
17400008,E.Leclerc
17410001,E.Leclerc
17410002,Intermarché
17420001,Super U
17430001,Super U
17430007,TotalEnergies
17440001,TotalEnergies
17450001,Station U
17470001,Intermarché
17480003,E.Leclerc
17500002,E.Leclerc
17500003,Intermarché
1750001,Intermarché
17520001,Carrefour Contact
17520002,Total
17530001,Super U
17530003,Carrefour
17540001,Elan
17550001,Intermarché
17560004,E.Leclerc
17570001,TotalEnergies
17580002,Carrefour
17590002,U
17600001,Super U
17600003,Intermarché
17600004,E.Leclerc
17600005,Avia
17600006,E.Leclerc
17620002,Système U
17630001,Intermarché
17640002,Intermarché
17640003,Système U
17690001,Carrefour
17690002,Total Access
17690004,Avia
17700001,Système U
17700002,Total
17700003,E.Leclerc
17700004,Intermarché
17740001,Total
17770002,Carrefour
17780001,Intermarché
17800001,Esso
17800004,E.Leclerc
17800005,Esso
17920001,Avia
18000001,Carrefour Market
18000002,Carrefour
18000004,Carrefour Market
1800001,Carrefour
18000011,Auchan
18000014,Carrefour
18000016,Esso
18000017,Total Access
18000018,Total
18000019,TotalEnergies
1800002,Elan
18000021,Intermarché
18000022,Intermarché
1800003,Intermarché
18100008,Intermarché
18100010,Esso
18100011,Total
18100015,Carrefour Market
18100016,Carrefour
18100017,U
18103001,E.Leclerc
18110001,Carrefour
18130001,Avia
18130002,Super U
18140003,Esso
18150001,bi1
18160001,Carrefour
18160002,TotalEnergies
18170001,Système U
18190001,Intermarché
18200001,Carrefour
18200002,Total
18200005,Intermarché
18200007,E.Leclerc
18200009,Intermarché
18200011,Esso
18220001,Carrefour
18230004,E.Leclerc
18240001,Système U
18240004,Avia
18250002,Intermarché
18300001,Carrefour
18300006,Avia
18300007,DATS 24
18310003,Carrefour
18330001,Avia
18350001,Intermarché
18350003,Total
18370001,Station Service Intermarché
18390003,Carrefour
18390004,Intermarché
18390005,Elan
18400001,Super U
18400004,Carrefour
18410002,Système U
18500004,Intermarché
18500006,Eni
18500007,Esso
18500008,Carrefour
18520001,Intermarché
18570002,Carrefour
18600001,Avia
18600003,Intermarché
18700001,Carrefour
18700003,Intermarché
18800001,Avia
19000002,E.Leclerc
19000006,Intermarché
19000008,TotalEnergies
19100001,Auchan
19100009,Intermarché
19100010,Intermarché
19100011,E.Leclerc
19100014,Esso
19100015,Esso
19100016,Total Access
19100017,TotalEnergies
19110001,Carrefour
19110003,TotalEnergies
19120001,Intermarché
19130001,Huit à 8
19130002,Carrefour
19130003,Total
19130004,Intermarché
19140001,Super U
19140003,Intermarché
19150002,Station U
19160001,Intermarché
19170001,TotalEnergies
19190001,Carrefour
19190002,Total
19200002,Avia
19200003,E.Leclerc
19200006,TotalEnergies
19200007,Intermarché
19210001,Super U
19230001,Intermarché
19240002,Carrefour Contact
19240003,Intermarché
19250001,Elan
19250003,Intermarché
19250006,Netto
19260002,Intermarché
19270003,Intermarché
19270004,Total
19290002,Station-service de La Pierre Grosse
19300001,Auchan
19300002,Super U
19300003,TotalEnergies
19316001,Carrefour
19330002,Carrefour Contact
19340003,Avia
19350002,TotalEnergies
19360002,Elan
19360003,Système U
19400005,Total
19400006,Intermarché
19460002,Total Access
19490002,Total
19500002,Système U
19510002,Total
19550001,Avia
19600001,Carrefour Contact
19600003,Total Access
19600004,Shell
1960001,Carrefour
1960005,Intermarché
1960006,Eni
19700001,Super U
19800004,Pro-Tech Auto
19800005,Shell
19800007,TotalEnergies
1980001,Total
20000002,Vito
20000006,Total Access
20000007,TotalEnergies
2000002,Carrefour
2000003,Carrefour
2000005,Total
2000007,Esso Express
2000008,E. Leclerc
2000009,Intermarché
2000011,Total Access
20090001,Station Vito Rocade Nord
20090002,TotalEnergies
20090004,Vito
20090007,Vito
20090011,Station Vito Rocade Impériale
20090014,Esso
20090015,Esso
20100001,Total
20100003,Vito
20100005,Vito
20110003,Esso
20110006,Vito
20111001,Vito
20113001,Total
20113002,Total
20115001,Esso
20118001,TotalEnergies
20129001,Vito
20130002,Total
20131001,Vito
20131002,Total
20137004,Total
20137005,Total
20137006,Total
20137007,Total
20137008,Vito
20137009,Vito
20137010,Total
20140001,Vito
20144002,Vito
20144003,Vito
20145001,Total
20145004,TotalEnergies
20147001,Total
20148001,Esso
20153003,Total
20156001,Vito
20160001,Esso
20166002,Total
20166004,Vito
20166005,Vito
20166006,TotalEnergies
20167003,Vito
20167004,Total
20167005,Vito
20167008,Vito
20167010,Vito
20167012,Station Vito Aiacciu-Baléone
20167013,TotalEnergies
20169002,Ets. Botti
20169003,Total
20170002,Total
20189001,TotalEnergies
20189002,Total
20190002,Vito
20200006,Total
20200008,Esso
20200014,Vito
20200016,Station Vito Fangu
20213004,Vito
20213005,Vito
20213007,TotalEnergies
20215001,Vito
20217001,Vito
20217004,TotalEnergies
20217005,Vito
20218001,Vito
20218004,Vito
20218007,TotalEnergies
20218008,Vito
20218009,Mariotti Energia
20219003,Total
20220001,Total
20220002,Vito
20220003,Esso
20220006,TotalEnergies
20221001,Vito
20222001,Esso
20224001,Total
20228005,Vito
20230003,Vito
20230006,Total
20230008,Vito
20230011,Total
20235001,TotalEnergies
20240001,Vito
20240002,Total
20240003,Total
20240004,Vito
20240005,Vito
20243001,Total
20245002,Energia Suprana
20248001,Total
20250001,Vito
20250002,TotalEnergies
20250003,Vito
20260001,TotalEnergies
20260002,TotalEnergies
20260003,Vito
20270001,Vito
20270003,TotalEnergies
20290002,Total
20290003,TotalEnergies
20290008,Vito
20290009,Vito
20290010,Esso
20538001,Vito
20600002,Station Vito
20600003,TotalEnergies
20600004,TotalEnergies
20600006,TotalEnergies
20600007,Esso
20600009,Esso
20600010,Vito
20600011,Eni
20600014,Vito
20600015,Vito
20620002,Esso
20620004,Eni
20620005,Vito
21000001,Station service Carrefour
21000006,Avia
21000009,Esso
2100001,Auchan
21000010,Esso
21000011,Esso Express
21000012,E.Leclerc
21000013,Sa Piretti
21000017,Avia
21000022,Avia
21000024,Intermarché
21000025,Total
21000027,TotalEnergies
21000029,Total
2100008,Esso
2100009,E.Leclerc
2100011,TotalEnergies
2100012,Carrefour
2100013,Intermarché
2100018,D.M. Combustibles
2100019,Intermarché
2100020,Total Access
2100021,Netto
21110001,Avia
21110003,Esso
21110005,Intermarché
21110006,Intermarché
21120001,Avia
21120002,Eni
21120003,Independent
21120004,Avia
21120005,Intermarché
21120006,TotalEnergies
21121003,Intermarché
21121007,Total Access
21121008,Intermarché
21130004,Intermarché
21130008,E.Leclerc
21130009,E.Leclerc
21130010,E.Leclerc
21130013,Netto
21140001,AVIA
21140002,TotalEnergies
21140003,Intermarché
21150001,Avia
21150002,Station U
21160001,Carrefour
21160004,Total Access
21160005,E.Leclerc
21170001,Intermarché
21190002,Carrefour
21190006,TotalEnergies
21190007,TotalEnergies
21200001,Carrefour
21200003,Esso
21200005,E.Leclerc
21200006,Intermarché
21200007,Esso
21200009,TotalEnergies
21200010,E.Leclerc
21200011,Gas Station (Netto / Les Mousquetaires)
2120004,Intermarché
2120005,Total
2120006,Carrefour
21204001,Total
21210001,Avia
21210005,Total
21220003,Super U
21220006,Fulli
21220008,Avia
21230005,Carrefour Contact
21230006,Avia
21230007,Eni
21240003,Super U
21240004,Total
21250001,Bi1
21250005,Avia
21250006,Intermarché
21250009,Avia
21250010,Total
21260001,B1
21270001,Avia
21300004,Super U
2130001,Super U
2130005,Avia
2130006,Avia
21320001,Super U
21320004,Carrefour
21320006,Avia
21320007,Eni
21320009,Esso
21330001,Avia
21340001,Avia
21340002,Total
21350001,Avia
21350002,Shell
21360001,Avia
21360003,Esso
21360006,Fulli
21370002,Intermarché
21390001,Avia
21400001,Avia
21400002,TotalEnergies
21400005,Intermarché
21400009,Avia
21400010,Independent
2140003,Intermarché
2140005,E.Leclerc
2140006,E.Leclerc
21410001,station-service
21430003,Rousseau Carburant
21440001,Natura'lisa Gamm Vert
21460002,Avia
21460003,bi1
21490003,Total
21490005,Carrefour
21500002,Total
21500003,TotalEnergies
21500004,Netto
21500005,Intermarché
21510001,Avia
21530002,Perreau Carburants
21530004,Carrefour
21540001,La station U
21540002,Netto
21560001,Système U
21600006,Total
21600008,Avia
21610001,Intermarché
21610002,BER Énergies
21640001,Avia
21700001,Carrefour
21700004,Intermarché
21700005,Total
21700007,DATS 24
2170001,Carrefour Market
21800002,Carrefour
21800007,Système U
21800009,TotalEnergies
21800010,Carrefour Market
21800012,Avia
21800013,Intermarché
2190003,Avia
2190005,Shell
2190007,Carrefour
22000002,Super U
2200001,Carrefour
22000010,Total Contact
22000011,TotalEnergies
22000013,TotalEnergies
2200007,Esso Express
2200008,Esso Express
2200010,Intermarché
2200012,Carrefour
2200013,Total
2200014,Total
2200015,Total
2200016,Carrefour
22100001,Carrefour
22100004,Intermarché
22100007,Système U
22100009,Total
22100010,E. Leclerc
22100011,Esso
2210002,TotalEnergies
22104001,E.Leclerc
22110002,E. Leclerc
22110003,Intermarché
22120001,Hyper U
22120003,Remy Guguen
22120005,Intermarché
22120007,Avia
22130001,Super U
22130002,E. Leclerc
22140002,Intermarché
22140003,Total
22150005,Carrefour
22160003,Intermarché
22170004,Total
22170005,Carrefour Market
22190001,E.Leclerc
22200003,Carrefour
22200004,Intermarché
22200005,TotalEnergies
22200006,Total Access
22200007,Garage Bahezre
2220001,Carrefour
22203001,E.Leclerc
22210001,Système U
22220001,La Station U
22220003,Intermarché
22230003,La Station U
22230004,Total
22240001,TotalEnergies
22240003,Coccinelle
22250001,Station U
22250002,Intermarché
22260001,Intermarché
22270001,Carrefour Express
22290001,Super U
22290002,Total Energies
22290003,Goëlo Services
22300002,E.Leclerc
22300003,E.Leclerc
22300004,Intermarché
22300005,Intermarché
22300006,Intermarché
22300007,Intermarché
2230002,Carrefour Market
22302001,Total Access
22310001,E.Leclerc
22320005,Carrefour
22350004,Intermarché
22350006,Esso
22360001,Carrefour
22370001,E.Leclerc
22390001,Carrefour Contact
22400001,Carrefour
22400004,E.Leclerc
22400005,Intermarché
22400007,TotalEnergies
22400009,TotalEnergies
2240001,Intermarché
22400010,Carrefour
22400011,TotalEnergies
22410001,Netto
22420003,Carrefour Contact
22430001,Super U
22440001,E. Leclerc
22440002,Intermarché
22440004,Avia
22460005,Total
22470001,Total
22480001,Station U
22490001,Super U
22500001,Carrefour
22500003,TotalEnergies
22500004,E.Leclerc
22500006,Avia
2250001,Carrefour
2250004,Total
22520001,Super U
22530001,Intermarché
22540002,Intermarché
22550001,Station U
22560001,Intermarché
22570001,Total
22590001,Intermarché
22600002,Total
22600004,E. Leclerc
22600006,Super U
22600008,Intermarché
2260001,Carrefour
22630002,Carrefour Contact
22640001,TotalEnergies
22640003,Intermarché
22650001,Total Contact
22650002,Carrefour
22700002,Intermarché
22700004,Intermarché
2270001,Carrefour
22710001,Carrefour Market
22730001,Station U
22740001,Meyer Energies
22800002,E.Leclerc
22800003,Super U
2280001,Intermarché
22810002,TotalEnergies
22830001,Diapar
2290002,Intermarché
22940002,Intermarché
22950003,Intermarché
22960001,Carrefour
22980002,Intermarché
23000001,Carrefour
23000004,Avia
23000006,Intermarché
23000007,Avia
23000008,Netto
2300001,Auchan
2300002,Carrefour
2300006,Intermarché
2300009,Carrefour
23008001,E.Leclerc
2310001,Système U
2310002,Avia
2310003,TotalEnergies
23110002,La Station U
23130002,8 à Huit
23140003,TotalEnergies
23150001,Intermarché
23160002,Vival
23200001,Carrefour
23200002,Intermarché
2320001,Carrefour
2320002,Intermarché
23210003,Carrefour
23220001,Intermarché
23230001,Carrefour
23240002,Elan
23250001,F3C Energy
23290001,Avia
23300002,Avia
23300006,E.Leclerc
23300007,Avia
23300008,Avia
23300010,Shell
23300011,Carrefour Market
23300012,TotalEnergies
23320001,Carburant Service
23400001,Carrefour Market
23400004,Carburant Service
2340001,Carrefour
2340002,Gulf
23500002,Intermarché
23600001,Carrefour Market
23600002,U
2360001,Intermarché
23700001,Intermarché
2370005,Carrefour Contact
23800001,Intermarché
2380002,Total Access
2390002,Origny-Sainte-Benoite
24000001,TotalEnergies
24000004,Total Access
24000007,E.Leclerc
2400001,Carrefour
24000010,Esso
24000011,TotalEnergies
2400004,E.Leclerc
2400007,Netto
2400008,Avia
24100007,Carrefour Market
24100008,Carrefour Market
24100010,Total
24100011,Intermarché
24100012,Intermarché
24100014,Total Access
24100016,Netto
24100018,Intermarché
24100019,Avia
24100020,TotalEnergies
24107001,E.Leclerc
24110001,E. Leclerc
24110002,E.Leclerc
24114001,E.Leclerc
24120001,Auchan
24120006,Intermarché
24120007,TotalEnergies
24120008,Intermarché
24120009,Avia
24120010,U
24130003,Carrefour
24130004,Carrefour
24150001,Intermarché
24150005,Intermarché
24160001,Super U
24170002,Carrefour Market
24170003,TotalEnergies
24190001,Intermarché
24200001,Carrefour
24200006,E.Leclerc
24200007,Total
24200008,Intermarché
2420001,Total Contact
24210002,Carrefour
24210004,TotalEnergies
24220002,Carrefour Market
24230002,Carrefour
24230003,Total
24240003,Carrefour Contact
24250001,Carrefour
24250003,TotalEnergies
24250004,Périgord Quercy Automobiles
24260001,Intermarché
24270001,Total
24270004,Super U
24270005,Carrefour
24290001,Intermarché
24300001,Système U
24300004,Intermarché
24300007,TotalEnergies
2430001,Intermarché
24310001,Total Access
24310002,Carrefour
24310003,Carrefour Market
24320002,Avia
24330003,Total Contact
24330005,Elan
24330007,Total
24340002,Carrefour
24350002,Intermarché
24360002,Intermarché
24380001,Intermarché
24390001,Intermarché
24400001,Super U
24400003,Station U
24400004,Intermarché
24400005,Rieupet
24410003,Carrefour Contact
24420001,Total
24420002,Coop
24430001,Auchan
24430003,Elan
24440001,Intermarché
24450001,Carrefour
24460002,Elan
24460003,Total
24470001,Auchan
24480001,Total
24490002,Intermarché
24500003,Carrefour Contact
2450003,Carrefour
24550001,Aire C
24580001,Carrefour
24590002,Intermarché
24600003,Intermarché
24600004,E.Leclerc
24600005,TotalEnergies
2460003,Carrefour
24620001,Les Mousquetaires
24650001,Intermarché
24660003,Intermarché
24660004,Super U
24680001,Carrefour Contact
24700001,Intermarché
2470001,E. Leclerc
24750001,Carrefour
24750002,E. Leclerc
24800003,Station Maguer
24800004,Intermarché
2480002,Carrefour
25000007,Super U
25000008,Esso
2500001,Auchan
25000011,Intermarché
25000016,GME
25000020,Avia
25000021,Total
25000023,TotalEnergies
25000024,Total
25000026,Évole Énergies
25000027,Intermarché
25000028,Intermarché
2500003,E.Leclerc
2500004,Total
25022001,Carrefour
25110001,Total Access
25110002,Super U
25110003,évole énergies
25110004,Intermarché
25110005,Avia
25115001,Super U
25120001,Station Libre-service
25120004,Intermarché
25130001,bi1
25130002,Netto
25150002,Intermarché
25150005,Total Access
25150006,Fulli
25160001,Fiat
25200001,C. C. Cora
25200003,Système U
25200005,E.Leclerc
25200007,Total Access
25210002,Avia
25220002,Avia
25220003,Super U
25230002,Intermarché
25240001,bi1
25250002,Intermarché
25270001,Avia
25290001,Avia
25290005,Avia
25300002,Total Access
25300005,Système U
25300006,E.Leclerc
25300007,GME
25300009,Avia
25300012,Guinchard Jacquin
25300013,Intermarché
25310001,Carrefour Contact
25320001,Carrefour Contact
25330001,Avia
25340001,Avia
25350001,Super U
25370002,Intermarché
25390001,Super U
25400003,Intermarché
25400004,Système U
25400005,Hyper U
25410002,Super U
25410004,Intermarché
25410007,Netto
25420001,Avia
25420002,Total
25420005,Avia
25420006,Carrefour Contact
25430001,Avia
25430003,Avia
25440001,Intermarché
25440002,Intermarché
25450001,Avia
25480001,Carrefour
25480003,Total
25480004,Avia
25490001,Intermarché
25500001,BP
25500002,Total
25500005,Intermarché
25500007,Casino
25510002,bi1
25530001,Carrefour
25550003,DATS 24
25560001,Super U
25600004,Avia
25610001,bi1
25620001,Total
25640007,TotalEnergies
25640008,Intermarché
25640009,Shell
25650002,Sarl Guinchard Jacquin
25650003,Garage Pourchet
25660002,Super U
25660004,Intermarché
25680001,Total
25700003,Total
25700004,Intermarché
25720002,Avia
25720013,Eni
25750002,TotalEnergies
25750003,DATS 24
25800001,Super U
25800002,E.Leclerc
25800003,Netto
2580002,Gulf
25870002,Station U
26000005,TotalEnergies
26000007,Esso
26000008,Esso
26000013,Intermarché
26000014,TotalEnergies
26000015,Total Access
26000016,TotalEnergies
26000019,Eni
26000020,Auchan
2600005,Total
2600006,Carrefour
2600008,Avia
2603001,E.Leclerc
26100001,Système U
26100002,Système U
26100009,Avia
26100010,Avia
26110003,Système U
26110004,Intermarché
26120001,TotalEnergies
26120004,Intermarché
26120005,Auchan
26130002,Intermarché
26140002,Esso
26140003,Intermarché
26140004,E. Leclerc
26140005,E.Leclerc
26140006,Total
26150001,Intermarché
26150002,TotalEnergies
26160001,Système U
26170002,Avia
26170003,Système U
26190001,Garage Magnan
26190002,Intermarché
26200001,Carrefour Market
26200003,Esso
26200004,E.Leclerc
26200007,Intermarché
26200008,Auchan
26200009,Avia
2620001,Gulf
26208001,Carrefour
26210001,Super U
26220001,Super U
26230002,Intermarché
26240002,Total
26240004,Esso
26240006,Intermarché
26240008,Netto
26250001,Eni
26260001,Super U
26260002,Netto
26270004,Intermarché
26270006,E.Leclerc
26270007,TotalEnergies
26270009,Dyneff
26290003,Esso
26290008,Super U
26290009,Total Petrol Access
26300003,Total Contact
26300005,Esso Express
26300008,Renault
26300010,Système U
26300011,TotalEnergies
26300012,TotalEnergies
26300013,Carrefour
26300015,Carrefour Market
26300016,Utile
26310000,Carburants Services
26320002,Eni
26330001,Comptoir Énergie
26340000,Carburants Services
26380001,Agip
26390001,Intermarché
26400002,Eni
26400004,Intermarché
26400005,Carburants services
26400007,TotalEnergies
26400009,Système U
26400010,Auchan
26400011,Comptoir Énergie
26420001,Comptoir Énergie
26450002,Système U
26450003,Natura' Pro Cooperative
26500002,Total Access
26500004,Intermarché
26503001,E.Leclerc
26510002,Système U
26540001,Carrefour
26600002,Total
26600007,Intermarché
26600011,Avia
26600013,TotalEnergies
26600014,Total Access
26600015,Netto
26600016,Avia
26620001,Avia
26700001,TotalEnergies
26700002,Intermarché
26730001,Total
26730005,Esso
26730006,Esso
26740003,TotalEnergies
26740004,Eni
26740005,Avia
26740006,Natura' Pro Cooperative
26750001,E.Leclerc
26760001,Super U
26780006,U
26780007,Total Access
26780008,Shell
26780009,Shell
26790003,Système U
26790005,Intermarché
26790006,Natura' Pro Cooperative
26800002,Avia
26800005,Intermarché
26800007,TotalEnergies
26800008,Eni
26800009,Auchan
2690002,TotalEnergies
27000003,Système U
27000004,Intermarché
27000007,Intermarché
27000008,TotalEnergies
2700001,Total
27009001,Cora
27100001,Auchan
27110002,E.Leclerc
27110003,Intermarché
27120001,Carrefour
27120002,Intermarché
27120003,Système U
27130001,Carrefour
27130002,Total
27130003,E.Leclerc
27130005,Intermarché
27140002,Carrefour Market
27140004,Intermarché
27150001,Carrefour
27150003,Super U
27150004,TotalEnergies
27160001,Carrefour
27170002,Carrefour
27170003,Total
27190002,Station marché
27190003,Intermarché
27200001,Carrefour
27200004,Avia
27201001,E.Leclerc
27210003,Intermarché
27210006,Avia
27210008,Carrefour
27210009,TotalEnergies
27210010,Avia
27220001,Carrefour Market
27230004,Carrefour
27230006,Total
27240001,Carrefour
27250002,Intermarché
27260001,Total
27260002,Carrefour
27290001,Intermarché
27300004,E.Leclerc
27300005,Intermarché
27300006,Total Access
27300007,TotalEnergies
27310005,Intermarché
27310008,Carrefour Market
27310009,TotalEnergies
27310010,E.Leclerc
27320001,Carrefour Market
27340001,Station U
27350003,Total
27350004,Carrefour
27370001,Total
27370002,Intermarché
27380001,Carrefour Market
27380003,Carrefour
27380004,Carrefour Market
27400001,Intermarché
27400007,Esso
27400010,Total
27400011,Dyneff
27404001,TotalEnergies
27406001,E.Leclerc
27460001,Station U
27460002,Total
27460003,Esso Express
27500001,Carrefour Market
27500002,Carrefour Market
27500003,Total
27500004,Intermarché
27500005,Netto
27520001,Carrefour Contact
27540001,Intermarché
27560001,Carrefour Contact
27600001,Auchan
27600006,Total
27610001,Intermarché
27620002,Intermarché
27670002,Auchan
27670005,TotalEnergies
27700004,Intermarché
27700005,Total
27700007,Carrefour Market
27800001,Carrefour
27800002,Intermarché
27810001,Carrefour Contact
27910001,Intermarché
27930001,Carrefour
27930002,Carrefour
27930005,E. Leclerc
27930008,Total Access
27930010,TotalEnergies
27940003,Intermarché
27950001,Total
27950002,Intermarché
28000001,Carrefour
28000002,Total Contact
28000007,Intermarché
28000009,Total
28000010,Total Access
28000011,Total Access
2800003,E.Leclerc
2800004,Carrefour
28100002,E.Leclerc
28100003,Carrefour
28100006,Total Access
28120002,Intermarché
28120003,Intermarché
28130001,Carrefour
28130002,Super U
28130003,Intermarché
28150002,Intermarché
28160003,TotalEnergies
28160004,Esso
28160005,U
28160006,Intermarché
28160008,Esso
28170001,Carrefour
28170002,Libreco
28170003,TotalEnergies
28190001,Intermarché
28190002,Intermarché
28190003,Super U
28200002,Total
28200003,E. Leclerc
28200005,Intermarché
28210002,Intermarché
28210003,Total
28220002,Intermarché
28240005,Intermarché
28240006,Netto
28250001,Intermarché
28260005,E.Leclerc
28270003,Carrefour
28290002,Carrefour
28300004,Intermarché
28300005,Intermarché
28300008,TotalEnergies
28300009,Shell
28300010,Shell
28310002,TotalEnergies
28310004,Shell
28310006,Intermarché
28310010,Shell
28310011,Système U
28310012,TotalEnergies
28320003,Carrefour Market
28330002,Intermarché
28330003,Proxi
28350001,E.Leclerc
28400002,E.Leclerc
28400004,Intermarché
28400005,Total
28420001,Total
28480001,Total
28500001,Hyper-U
28500006,Intermarché
28500007,TotalEnergies
28500008,Total
28500010,Relais de la Tuilerie
28500011,Carrefour
28500012,H Market
28600002,E.Leclerc
28600003,Total
2860001,Total
28630004,CocciMarket
28700001,Auchan
28700004,U
28700005,Avia
2870001,Gulf
28800002,Elan
28800003,TotalEnergies
28800004,Carrefour Market
2880001,Station Marché Sa Auto Pieces
29000006,E.Leclerc
29000011,Total
29000012,Total Access
29000013,Total Access
29000014,E.Leclerc
29000015,Intermarché
29000016,Casino
29100003,E.Leclerc
29100004,Intermarché
29100007,Total Access
29120001,Système U
29120003,E. Leclerc
29120004,Netto
29120005,Carrefour
29120006,Intermarché
29120007,Total Access
29129001,Intermarché
29140002,Système U
29140003,Total Contact
29140008,Total Access
29140010,Carrefour Contact
29143001,Intermarché
29150003,E.Leclerc
29150004,Intermarché
29150005,Total Contact
29160003,E.Leclerc
29160004,E.Leclerc
29160005,Total
29170001,E. Leclerc
29170004,Total
29170005,Carrefour
29180001,Super U
29190001,Intermarché
29196001,Carrefour
29200002,Super U
29200004,TotalEnergies
29200008,Carrefour
29200014,Intermarché
29200015,TotalEnergies
29200016,Total Access
29200017,TotalEnergies
29200018,Super U
29200019,E.Leclerc
29217001,Intermarché
29228001,E.Leclerc
29233001,Super U
29250001,Super U
29250002,E. Leclerc
29260002,Total
29260004,E.Leclerc
29260005,Avia
29260007,Intermarché
29270003,Intermarché
29280001,Carrefour
29280003,Intermarché
29290001,Carrefour
29290002,Elan
29290003,Carrefour
29300002,E. Leclerc
29300003,Intermarché
29300004,Carrefour
29340002,Carrefour Market
29350001,Intermarché
29360002,Carrefour
29390002,E.Leclerc
29400001,Super U
29400003,Esso Express
29403001,E.Leclerc
29410001,Système U
29419001,E.Leclerc
29420001,Système U
29420002,Total
29420003,Carrefour
29430002,Intermarché
29440001,Intermarché
29450001,La Station U
29460001,Système U
29460003,TotalEnergies
29470003,E.Leclerc
29470004,La Station U
29480001,E.Leclerc
29490002,Super U
29500003,Carrefour
29500004,Avia
29510004,Intermarché
29510005,Intermarché
29520001,E.Leclerc
29520005,E.Leclerc
29540001,Breizh Station
29550001,Intermarché
29590001,Super U
29600002,E.Leclerc
29600003,Intermarché
29600004,Total
29600005,Carrefour
29610002,Casino
29620001,Système U
29630002,Casino
29640001,Spar
29650001,Super U
29660002,U Express
29680003,E.Leclerc
29690002,Intermarché
29700001,Carrefour
29700002,Intermarché
29700004,TotalEnergies
29710002,Intermarché
29710004,U
29720003,E. Leclerc
29730006,Carrefour
29740001,Système U
29750001,Carrefour Market
29760004,Carrefour
29770001,Total
29770002,E.Leclerc
29770003,Intermarché
29780001,Carrefour
29790002,Super U
29800001,Total
29800003,Intermarché
29800004,E.Leclerc
29810002,Système U
29820001,E. Leclerc
29820002,E.Leclerc
29830002,E. Leclerc
29830003,Super U
29833001,E. Leclerc
29850001,Total
29860002,Super U
29860003,Intermarché
29870001,E.Leclerc
29870003,Total
29880002,Intermarché
29880005,Carrefour Contact
29890003,E.Leclerc
29900003,E. Leclerc
29900004,Intermarché
29900005,TotalEnergies
29910004,Intermarché
29930002,Intermarché
29950001,Carrefour Market
30000006,Esso Express
30000008,E.Leclerc
3000001,Carrefour
30000010,Campus
30000011,Intermarché
30000012,Intermarché
30000016,E.Leclerc
30000019,Total Access
30000021,TotalEnergies
3000003,E.Leclerc
3000004,Total
3000005,Intermarché
3000006,E. Leclerc
30021001,Carrefour
30100001,Système U
30100003,Système U
30100007,E.Leclerc
30100011,Eni
30100012,Station-Essence Intermarché
30100013,Total
30100014,Total Access
30100018,Esso
30100019,Netto
30104001,Station Service Carrefour
30110003,Intermarché
30110004,Netto
30120002,Super U
30120003,Intermarché
30126005,Esso
30126008,Eni
30126009,Auchan
30127001,Carrefour Market
30128001,U
30129002,Intermarché
30129003,Auchan
30130004,Intermarché
30130010,TotalEnergies
30130013,Intermarché
30130014,Intermarché
30130015,Carrefour
30130016,Pont Cassé
30132002,Intermarché
30133001,E. Leclerc
30140001,Super U
30140002,Avia
30140003,Intermarché
30140006,Eni
30150001,Station Servoz
30150002,Intermarché
30160001,Carrefour
30160002,La Sauvegarde
30170001,Super U
30190002,Berbon
30190003,Casino
30190004,Intermarché
30200003,TotalEnergies
30200004,Intermarché
30200006,Total Access
30210001,Carrefour
30210006,Avia
30210007,Total
30210008,Relais des Fontaines
30220001,Super U
30220002,Intermarché
30220003,Super U
30230002,Carrefour
30240001,Super U
30240002,Station Mon Plaisir
30240004,La Station du Sud
30250001,Intermarché
30250002,Intermarché
30250003,Carrefour
30260001,Dyneff
30260002,Garage Bernard
30290001,Système U
30290002,Utile
30300003,Carrefour
30300005,Eni
30300006,TotalEnergies
30300008,Esso
30300010,TotalEnergies
30300011,Avia
30310001,Système U
30320001,Système U
30320004,Intermarché
30320006,TotalEnergies
30320008,TotalEnergies
30320009,Eni
30330001,Carrefour Market
30330003,Intermarché
30340004,Eni
30340006,ENI
30340007,Système U
30350002,Carburants 7J/7
30360001,Intermarché
30360002,Carrefour
30380001,Intermarché
30380002,LOTI
30390002,Carrefour Contact
30400001,Carrefour Market
30400004,Eni
30400005,TotalEnergies
30410002,Station-service Geoffroy
30420001,Total
30420002,Système U
30430002,Carrefour Contact
30430003,Carrefour Contact
30460001,Super Lasalle
30470001,Super U
30470004,Total Access
30490002,Intermarché
30500001,Avia
30500002,Carrefour
30500003,Intermarché
30510002,Avia
30540001,Intermarché
30580001,Mas Neuf
30600003,Intermarché
30600004,Carrefour
30620001,Netto
30640001,Système U
30650001,Station Georges Pruvost
30700001,Carrefour
30700003,Total
30700004,Intermarché
30700006,Dyneff
30700007,Total Access
30750001,Dyneff
30760001,Station U
30800001,Intermarché
30800002,Intermarché
30820002,Intermarché
30900002,Carrefour
30900004,Esso Express
30900015,TotalEnergies
30900016,Total Access
30900017,Total Access
30900018,Total
30900021,Esso
30900023,Auchan
30960003,Relais des Cambons
30960004,U
30980002,Netto
31000001,Total
31000003,Intermarché
3100001,Carrefour
3100002,Total
3100005,E.Leclerc
3100006,Avia
3100007,E. Leclerc
3100008,Intermarché
3100009,Eni
3100010,Intermarché
31075001,Auchan
31076001,Station essence Carrefour Purpan
31084001,Total
31100003,Intermarché
31100004,Carrefour Market
3110001,Total
31100010,Total Access
31100011,Total Access
3110003,Avia
31110002,Intermarché
31120001,Carrefour
31120003,TotalEnergies
31120005,Esso Express
31120006,E.Leclerc
31120007,Intermarché
31120009,Total Access
31120010,Total Access
31130003,Esso Express
31130004,Intermarché
31130007,U
31130008,Total Access
31130011,TotalEnergies
31140004,Carrefour Market
31140005,Aire C
31140006,Auchan
31140008,Super U
31140010,Total Access
31140012,Esso Express
31150002,Super U
31150004,Intermarché
31150005,Total
31150006,E. Leclerc
31150007,Super U
31150010,Auchan
31170001,Carrefour
31170002,Auchan
31170004,Total
31170008,Avia
31180001,E. Leclerc
31190002,Netto
31190003,Carrefour Market
31190004,TotalEnergies
31200002,TotalEnergies
31200008,Esso
31200009,TotalEnergies
3120001,Eni
31200019,Esso
31200020,TotalEnergies
31200022,Total Access
31200023,Total Access
3120003,Intermarché
3120004,TotalEnergies
3120005,Lapalisse Essence
3120006,Carrefour Market
31210001,Super U
31210005,Total
31210006,Total
31210007,Avia
31210009,Carrefour Market
31220001,Super U
31220002,Carrefour
31220005,Station Service
31220006,24/24
31230003,Intermarché
31230004,Total
31240002,Elan
31240003,Intermarché
31240004,Intermarché
31250001,Total
31250004,Intermarché
31250007,Netto
31260001,Intermarché
31270003,Carrefour Market
31270004,Intermarché
31270005,Carrefour
31270007,Total Access
31290001,Hyper U
31290004,Total
31290005,Esso Express
31290007,Super U
31290008,TotalEnergies
31290011,Intermarché
31290012,E.Leclerc
31300007,TotalEnergies
31300008,Total Access
3130002,Dyneff
31320001,Intermarché
31330001,U
31330002,Intermarché
31330004,Intermarché
31330005,Esso
31340001,E. Leclerc
31350002,Intermarché
31350004,Avia
31360002,Intermarché
31370001,Carrefour
31380002,Intermarché
31390001,Auchan
31390002,Carrefour
31390003,Peyssies - SARL Fontenergie
31400002,Avia
31400005,Esso Express
31400006,Esso
31400007,Avia
31400008,Dyneff
31400010,TotalEnergies
31400013,Avia
31410001,TotalEnergies
31410002,Shell
31410003,Shell
31410004,Intermarché
31410007,Intermarché
31410008,Super U
31410009,Carrefour Contact
31420004,Station du Coumatou
31430002,Carrefour
31440002,Intermarché
31450003,Intermarché
31450004,Station U
31450006,Intermarché
31450008,Dyneff
31450009,Dyneff
31460003,Carrefour Contact
31470001,Total
31470002,Total
31470004,Intermarché
31470005,Intermarché
31470006,Carrefour
31470007,Carrefour
31470008,E. Leclerc
31480004,U
31490001,Station U
31500006,Esso
31500007,Esso
31500008,Total
3150001,TotalEnergies
31500012,Avia
31500013,Carrefour
31500015,Avia
3150005,Carrefour Market
3150007,PowerFuel
3150008,Relais Paris Lyon
31520003,Intermarché
31520005,TotalEnergies
31520007,Avia
31530003,Intermarché
31530004,TotalEnergies
31560004,Carrefour Contact
31570002,Carrefour Contact
31590002,Intermarché
31590004,TotalEnergies
31600001,Super U
31600005,Intermarché
31600006,Intermarché
31600007,Total Access
31600008,Auchan
31600010,Intermarché
31600011,Avia
31620002,Total
31620005,Intermarché
31620006,Intermarché
31620007,FAL Distri
31620009,Intermarché
31620013,E.Leclerc
31620014,E.Leclerc
31650002,E.Leclerc
31650003,TotalEnergies
31660001,Système U
31660004,Intermarché
31670001,TotalEnergies
31673001,Carrefour
31700001,Carrefour
31700004,Esso
31700005,E.Leclerc
31700006,Intermarché
31700007,Netto
31700009,Total
3170001,Avia
31700010,Total Access
31770001,Carrefour Market
31770004,Esso Express
31770005,Total
31780001,Intermarché
31790002,TotalEnergies
31790004,Carrefour Contact
31790005,Carrefour
31800003,E.Leclerc
31800005,Auchan
31800007,Total
31800008,E.Leclerc
31800010,Netto
31810002,Intermarché
31810003,kai
31820001,Carrefour
31830001,Intermarché
31840001,Carrefour
31850003,Super U
31860001,Total
31860005,Intermarché
31860006,Carrefour
31880001,Intermarché
3190006,Carrefour Contact
32000001,Carrefour
32000002,Avia
32000004,E. Leclerc
32000005,TotalEnergies
32000006,Intermarché
32000008,PétrAM.
3200002,TotalEnergies
3200003,TotalEnergies
3200005,Carrefour
32100002,Intermarché
32100003,Carrefour
32100004,TotalEnergies
3210001,Intermarché
32110001,Carrefour Market
32110003,GersStation
32120002,Super U
32130003,Carrefour contact station
32130004,Total
32140001,Super U
32150002,Intermarché
32150003,Total
32160001,Intermarché
32190001,Carrefour
32190003,Intermarché
32190005,TotalEnergies
32200001,Carrefour Market
32200006,Total
32220001,Intermarché
32230003,Système U
32250001,Avia
32260002,Intermarché
32300001,Intermarché
32300002,Carrefour
32300003,TotalEnergies
32310004,Carrefour
32380001,Intermarché
32400003,Total
32400006,Carrefour
3240003,TotalEnergies
32460001,Spar
32500001,Carrefour Market
32500002,Total
32500005,TotalEnergies
32500007,Netto
3250002,Intermarché
32550001,Total
32600001,Super U
32600002,Carrefour Market
3260001,Intermarché
32700001,Elan
32700002,Intermarché
3270002,Carrefour Market
32800001,E. Leclerc
32800003,E.Leclerc
32810003,Total
3290001,Avia
3290002,Système U
3290003,Esso
3300001,Carrefour Market
33000010,Intermarché
33000014,Esso Express
33000015,Esso Express
33000016,Esso Express
3300002,TotalEnergies
33000021,TotalEnergies
33000022,Total
33000023,TotalEnergies
33000024,Total
3300003,Station U
3300004,Multi-Energies des Ancises
33080001,Auchan
3310002,Intermarché
33110003,Monoprix
33110007,TotalEnergies
33110009,Avia
33112001,Système U
33113002,Intermarché
33114001,Super U
33120003,Avia
33120007,Total
33121002,Carrefour
33124001,Safety Carb
33127002,TotalEnergies
33127004,Intermarché
33127006,Intermarché
33130002,Carrefour
33130004,Auchan
33133002,Station U
33133003,TotalEnergies
33138001,Intermarché
33140006,Intermarché
33140009,Esso Express
33140010,Esso
33140012,Auchan
33150003,Esso
33160003,Intermarché
33167001,E.Leclerc
33170003,Avia
33170005,Intermarché
33170008,TotalEnergies
33170010,Eni
33187002,TotalEnergies
33190004,Intermarché
33190005,Total
33200001,Carrefour Market
3320001,Avia
33210001,TotalEnergies
33210003,E.Leclerc
33210008,Netto
33210010,Intermarché
33210011,TotalEnergies
33220004,Intermarché
33220006,E.Leclerc
33220007,U
33220009,TotalEnergies
33230001,E. Leclerc
33230002,Intermarché
33240005,Esso
33240007,Station Service Intermarché
33240010,TotalEnergies
33240011,Total
33240012,Carrefour
33240013,Auchan
33240014,TotalEnergies
33250004,Intermarché
33250006,Carrefour
33260001,Intermarché
33260005,Intermarché
33260010,Auchan
33260011,E.Leclerc
33260012,Total Access
33270001,Auchan
33290001,Total Access
33290003,E.Leclerc
33290004,Intermarché
33290009,Total Access
33300003,E. Leclerc
33300005,Total Access
33310006,Avia
33310007,TotalEnergies
33310008,TotalEnergies
33310009,Carrefour
33320003,Intermarché
33320008,E.Leclerc
33320009,Carrefour Market
33323001,E.Leclerc
33340001,Total
33340003,E.Leclerc
33340004,Carrefour
33350002,E.Leclerc
33350003,Intermarché
33360002,Super U
33360003,Total
33370002,Total Access
33370005,Intermarché
33370006,Intermarché
33370007,Système U
33370008,Auchan
33370014,Total Access
33370015,TotalEnergies
33370016,Carrefour
33380001,Auchan
33380002,Intermarché
33380004,E. Leclerc
33380005,TotalEnergies
33380006,TotalEnergies
33390001,Total
33390003,E.Leclerc
33390004,Station U
33400005,Intermarché
33400009,Esso
33400011,Auchan
33402001,E.Leclerc
33410001,Total
33410003,Intermarché
33410006,E.Leclerc
33420002,Carrefour Market
33420003,U
33430001,Système U
33430002,Total
33430005,Intermarché
33440002,E.Leclerc
33440004,Spar
33440006,Avia
33450002,Système U
33450005,Total Access
33450007,Carrefour
33450008,Station Service Intermarché
33450009,Intermarché
33460003,Total Access
33460004,Intermarché
33460006,Carrefour Contact
33470001,Système U
33470002,Carrefour Market
33470003,Station U
33480002,Total
33480003,Intermarché
33480006,Intermarché
33480007,Esso Express
33480008,TotalEnergies
33490002,Total
33490004,Carrefour
33500001,Carrefour
33500004,E.Leclerc
33500005,Intermarché
33500007,TotalEnergies
33500008,Esso
3350002,Carrefour
33502001,Total
33510003,Intermarché
33510006,Netto
33520002,Esso
33520003,Esso
33523001,E.Leclerc
33540001,Super U
33550002,Intermarché
33560002,E.Leclerc
33560004,Total
33580002,Carrefour
33600006,Esso Express
33600009,TotalEnergies
3360001,Intermarché
33600010,TotalEnergies
33600011,Total Access
33600013,Auchan
33610001,Super U
33610005,Intermarché
33610007,Shell
33610008,Shell
33620001,Super U
33620003,Carrefour
33640002,Total
33640003,Carrefour
33650003,Auchan
33650004,Intermarché
33660003,Système U
33660004,Dyneff
33670002,Carrefour
33680001,Total Access
33680004,Avia
33680005,Super U
33680006,Intermarché
33700001,Carrefour
33700002,Auchan
33700010,Auchan
33700012,Intermarché
33700020,Total
33700021,TotalEnergies
33700022,Total Access
33700023,Total Access
33700025,Auchan
33710002,Carrefour
33710003,Intermarché
33720001,Station U
33720005,Elan
33720006,Avia
33720008,TotalEnergies
33720009,Carrefour
33720010,Shell
33730001,TotalEnergies
33730002,Aire C
33730003,Carrefour
33740001,E.Leclerc
33750003,TotalEnergies
33750004,Carrefour
33750007,TotalEnergies
33760001,TotalEnergies
33760002,Carrefour
33770001,Carrefour
33770002,Elan
33780001,Carrefour Market
33790001,Intermarché
3380002,Intermarché
33820001,Intermarché
33830001,Système U
33830005,Intermarché
33840003,Eni
33850001,E.Leclerc
33850002,Système U
3390003,Carrefour Market
3390004,AS24
3390005,Avia
33910001,Intermarché
33920003,Intermarché
33920005,Avia
33920006,Avia
33930001,TotalEnergies
33930002,Carrefour
33930004,TotalEnergies
33950001,Système U
33950003,Carrefour
33980002,Carrefour Market
33990002,Carrefour
34000009,Esso Express
3400001,TotalEnergies
34000011,Intermarché
34000013,TotalEnergies
34000014,Total
34000017,Eni
34000018,Intermarché
3400003,Avia
3400005,Shell
3400006,Fulli
3400007,Carrefour Market
34070002,Auchan
34070003,Carrefour
34070004,Auchan
34070012,Dyneff
34070016,TotalEnergies
34070017,TotalEnergies
34070018,Total
34070019,Total
34070020,Eni
34090003,Total
34100001,Eni
3410001,Auchan
3410004,Eni
3410007,Esso Express
3410008,E.Leclerc
3410009,E. Leclerc
3410011,TotalEnergies
34110002,Avia
34110003,Intermarché
34110004,Dyneff
34110005,TotalEnergies
34120001,Total
34120002,TotalEnergies
34120007,Pézenas Carburant
34120008,Esso
34130002,E.Leclerc
34130003,Intermarché
34130004,Total
34130005,Intermarché
34140001,Carrefour
34140003,Eni
34140004,Intermarché
34140006,Avia
34150001,Spar
34150003,Intermarché
34160003,Carrefour Contact
34160004,Garage de Boisseron
34170001,Station U
34170004,Netto
34170006,Casino
34190001,Système U
34190002,Intermarché
34200001,Auchan
34200002,Carrefour Market
34200003,Dyneff
34200012,Avia
34200013,TotalEnergies
34220001,Super U
34220002,Gallien
34230002,Carrefour
34240001,TotalEnergies
34250002,Carrefour
34250003,Total
34260001,Intermarché Contact
34270001,Intermarché
34280004,TotalEnergies
34280005,Total
34280006,Système U
34290001,U
34290003,Shell
34290007,Shell
34300001,Système U
34300002,Total
34300006,Intermarché
34300009,Total
3430001,Carrefour
34300013,Eni
34310002,Intermarché
34311001,E.Leclerc
34320001,Total
34320003,Super U
34330001,Elan
34340002,Carrefour
34350003,Dyneff
34350005,Carrefour
34360001,Total
34360002,Intermarché
34370001,Carrefour
34370002,Système U
34380002,Spar
34400004,Esso Express
34400007,Super U
34400013,Intermarché
34400016,Esso
34400017,TotalEnergies
34400018,TotalEnergies
34402001,E.Leclerc
34410002,Carrefour
34410009,Carrefour Contact
34420003,Carrefour Market
34420004,Intermarché
34420005,U
34430001,TotalEnergies
34430003,Carrefour
34440001,Dyneff
34440004,Super U
34440005,Carrefour Contact
34450001,Total
34450002,Intermarché
34460001,Dyneff
34480001,Intermarché
34490001,Système U
34490002,Intermarché
34500008,Auchan
3450001,Cheze SAS (carburant discount)
34500023,Intermarché
34500024,Dyneff
34500025,Total
34500026,Total
34500027,Total
34500028,Total
34500030,E.Leclerc
34500032,Eni
34500033,Auchan
34510003,Dyneff
34520002,TotalEnergies
34530001,Tabac Station Service Lopez
34540001,Carrefour
34540002,Total
34550001,Esso Express
34550002,Intermarché
34560001,Spar
34560002,Carrefour
34570001,Total
34570002,Système U
34590001,Système U
34600001,Carrefour Market
34600002,Gallien
34600003,Intermarché
34600004,U
34620002,Dyneff
34660001,Intermarché
34670001,Intermarché
34690004,Intermarché
34690009,TotalEnergies
34690010,Avia
34690011,Esso Express
34700001,Super U
34700002,Avia
34700005,E.Leclerc
34725001,Esso
34730001,Intermarché
34740002,Esso
34740004,TotalEnergies
34750001,Intermarché
34770001,Total
34770002,Esso Express
34770005,Carrefour
34790003,Station Grabels
34790004,Système U
34790005,Station Grabels
34800001,Système U
34800002,Avia
34800004,Intermarché
34800005,E.Leclerc
34810001,Super U
34830001,Intermarché
34920001,Carrefour
34920002,Carrefour
34973001,Carrefour
34980001,Carrefour
34980002,Intermarché
34990001,Intermarché
35000012,E.Leclerc
35000013,Malo express
35000015,Esso Express
35000017,TotalEnergies
35000019,Total
35000020,Total Access
35000021,Total Access
35000022,Total Access
35000023,Total Access
35000024,Avia
35000025,TotalEnergies
3500003,TotalEnergies
3500006,Total
3500007,Intermarché
3500008,Carrefour
35111001,Système U
35113002,Carrefour Market
35114002,Total
35120001,Carrefour Market
35120002,Super U
35130001,Super U
35130003,Intermarché
35131002,Carrefour
35132004,Total Access
35133001,E. Leclerc
35133002,Bolloré Energy
35135001,Intermarché
35135002,Intermarché
35136004,Carrefour Market
35137001,E. Leclerc
35140001,Carrefour Market
35140002,Elan
35150001,Super U
35150003,Intermarché
35150004,Total Access
35160001,La Station U
35160002,Total
35170001,Intermarché
35170002,Super U
35190003,Système U
35200003,Carrefour Market
35200007,Total Access
35200008,U
35205001,La Station U
35220002,Système U
35230001,Super U
35230004,Intermarché
35230006,Esso Express
35230007,Carrefour Contact
35235001,TotalEnergies
35240001,Système U
35250001,Super U
35260002,Super U
35270001,U
35270003,Intermarché
35290001,Système U
35290003,Intermarché
35300001,Esso Express
35300002,Carrefour
35300004,Total
35300005,Carrefour
35310002,Super U
35310004,Carrefour Market
35320003,La station U
35330001,Elan
35330002,Intermarché
35340002,Intermarché
35340003,Intermarché
35342001,Super U
35350003,Intermarché
35350004,Halle de Bonaban
35360001,Intermarché
35370002,Intermarché
35370003,TotalEnergies
35370004,Intermarché
35380001,Super U
35390001,U Express
35400002,Total
35400006,Carrefour
35400007,E.Leclerc
35400008,Intermarché
35400009,TotalEnergies
35400010,Total Access
35400011,TotalEnergies
35400012,TotalEnergies
35410001,Station U
35420001,Super U
35430001,Station Service Cora
35440002,Carrefour Contact
35450001,TotalEnergies
35470001,E.Leclerc
35470003,Intermarché
35470004,Total
35480001,Système U
35490001,Total
35490003,Intermarché
35500001,Système U
35500004,E.Leclerc
35500008,Intermarché
35500009,Total Access
35510001,Carrefour
35510005,Total
35510006,Carrefour Market
35520001,Système U
35520002,TotalEnergies
35520003,Intermarché
35520004,E.Leclerc
35530001,E.Leclerc
35530002,Avia
35540008,Carrefour
35540009,Système U
35550004,U
35550006,Elan
35560003,Carrefour
35560005,Système U
35580001,Super U
35580003,Intermarché
35580004,Total Access
35590001,Super U
35590004,Shell
35590007,Carrefour Contact
35590008,Total
35600003,Intermarché
35600004,Total
35600006,Elan
35610001,Intermarché
35640001,Intermarché
35650002,Super U
35660004,Total
35680001,Elan
35700001,Intermarché
35720001,Total
35720004,Carrefour
35730001,U
35740001,Elan
35743001,Cora
35760002,E.Leclerc
35760004,TotalEnergies
35760007,Super U
35770001,E. Leclerc
35770002,Avia
35770006,TotalEnergies
35780001,Intermarché
35800002,Avia
35800003,Intermarché
35800004,TotalEnergies
35830002,Esso
35850001,La Station U
35850003,Carrefour Market
35890001,Carrefour Market
36000001,Auchan
36000003,Carrefour Market
36000009,TotalEnergies
3600001,Carrefour
36000010,Chirault
36000014,Intermarché
36000016,TotalEnergies
3600004,TotalEnergies
36100001,Carrefour Market
36100002,E.Leclerc
36100003,Elan
36100006,E.Leclerc
36110001,Carrefour Market
36110004,TotalEnergies
36120001,Avia
36130001,Carrefour
36130004,TotalEnergies
36140002,Intermarché
36140003,TotalEnergies
36150001,Carrefour
36150006,Fulli
36170001,Avia
36200001,Carrefour
36200002,Total Access
36200003,Mousquetaires
36210001,Système U
36230002,Système U
36250003,E.Leclerc
36250006,E.Leclerc
36250007,TotalEnergies
36260002,Carrefour
36270001,Système U
36290002,Total
36300004,E.Leclerc
36300006,Super U
3630003,TotalEnergies
3630004,Carrefour
36350002,Total
36400001,Super U
36400004,Intermarché
36400005,Total Access
36400006,Etablissements Aubrun
36500002,Elan
36500003,Intermarché PL
36500004,Intermarché
36500005,Carrefour
36600001,Total
36600002,Intermarché
36700001,Total
36700002,Intermarché
36800001,Carrefour Market
37000007,Carrefour Market
37000011,Esso
37000014,Total
37000015,TotalEnergies
37000016,Carrefour Market
3700002,TotalEnergies
3700004,E. Leclerc
37003001,E.Leclerc
37100001,Auchan
37100002,Auchan
37100010,TotalEnergies
37100011,TotalEnergies
37100012,Système U
37110002,Carrefour
37110003,Intermarché
37110004,Total
37120001,Intermarché
37130001,Carrefour
37140001,Super U
37150002,Carrefour Market
37150003,Intermarché
37150004,Total
37160003,Intermarché
37170006,Total Access
37170007,Total Access
37172001,Auchan
37190001,Total
37190002,Carrefour Market
37190003,Avia
37210002,Système U
37210005,Auchan
37220001,Super U
37230003,E.Leclerc
37230004,Super U
37240001,Auchan
37250002,Intermarché
37250005,Esso
37250006,Auchan
37260001,Super U
37260005,G20
37270001,Système U
37270006,Eni
37270007,TotalEnergies
37270008,TotalEnergies
37290001,Intermarché
37290002,TotalEnergies
37300001,Système U
37300004,Intermarché
37300007,Station-service Aldi
37300008,Total Access
37300009,E.Leclerc
37306001,E.Leclerc
37320001,Auchan
37320008,G20
37320010,Carrefour
37330001,Super U;Station U
37340001,Station U
37340002,Super U
37360001,Super U
37380001,Auchan
37380003,Esso
37380004,Total
37390002,Intermarché
37390003,Super U
37390004,Total
37400002,E.Leclerc
37400004,Netto
37400006,TotalEnergies
37420002,Total
37420003,Carrefour
37460001,TotalEnergies
37500001,Station U
37500002,Elan
37500003,E.Leclerc
37510001,Auchan
37520002,Super U
37530002,Intermarché
37540001,Auchan
37540005,Total
37550001,Auchan
37600001,Système U
37600004,E.Leclerc
37600007,Total Energie
37700001,Carrefour
37700004,E.Leclerc
37700010,Total Access
37700011,Total Access
37800004,Total
37800005,Intermarché
37800006,Total
37800008,Esso
38000015,Esso
38000018,Eni
38000019,Eni
3800003,Auchan
3800004,TotalEnergies
3800005,TotalEnergies
3800006,Intermarché
3800009,Carrefour Market
38070001,Carrefour Market
38080003,Carrefour
38080006,Total
38080007,Avia
38090004,Avia
38090005,Netto
38100003,Esso
38100013,Esso
38110001,Carrefour
38110002,Total
38110004,Intermarché
38110006,Carrefour
38113001,Esso
38114002,Avia
38120001,Carrefour
38120002,Total
38130002,E.Leclerc
38140001,Carrefour
38140005,Intermarché
38140009,Netto
38142001,Avia
38150001,Carrefour
38150003,Dyneff
38150005,Intermarché
38150010,TotalEnergies
38150011,Esso Express
38150012,U Express
38160002,E.Leclerc
38160003,Intermarché
38160007,Avia
38170004,Total
38180001,Intermarché
38190001,Carrefour
38190004,Esso
38190005,Auchan
38200004,E. Leclerc
38200007,Intermarché
38200014,TotalEnergies
38200016,Intermarché
38200017,Carrefour Market
38200018,Total Access
38200019,Monoprix
38210001,Carrefour
38210003,Avia
38210004,Intermarché
38220001,Carrefour
38220002,Total
38220003,Station Mousquetaires
38230001,Carrefour
38230002,Total
38230003,E.Leclerc
38230005,E.Leclerc
38240003,Carrefour
38240004,Eni
38240006,TotalEnergies
38250002,Intermarché
38250003,Avia
38260003,TotalEnergies
38260004,Total
38260005,Casino
38260007,Intermarché
38260009,Elan
38270003,Super U
38270005,Carrefour
38270006,Intermarché
38280001,Intermarché
38290003,Total
38290005,U
38290006,Avia
38300001,Carrefour Market
38300004,Esso
38300008,E.Leclerc
38300009,Station Intermarché
38300018,Total
38300021,Intermarché
38300022,Fuel For Planet
38300024,Total
38300025,Netto
38300026,Eni
38300027,Carrefour Market
38320002,Esso Express
38320003,Eni
38320005,Intermarché
38320006,Total
38330002,Esso Express
38330006,Avia
38340006,Système U
38340011,Total
38340012,Total Access
38340013,Total
38340015,La Station U
38340018,Eni
38350001,Système U
38350004,Intermarché
38350005,TotalEnergies
38350007,Carrefour Market
38360001,Carrefour
38360006,TotalEnergies
38370003,E.Leclerc
38380001,Netto
38380002,Dyneff
38380003,Intermarché
38380004,Station Communale des Entremonts en Chartreuse
38400005,Esso Express
38400006,Intermarché
38420003,Intermarché
38420004,Total
38430001,Carrefour Market
38430002,Esso Express
38430003,Carrefour Market
38430004,Intermarché
38431001,Carrefour
38440003,Intermarché
38440004,Auchan
38450002,Dyneff
38460002,Carrefour
38460004,Allarousse Combustibles
38460005,Mancipoz
38470003,Total
38470004,Super U
38480005,Avia
38480006,E. Leclerc
38480007,Esso
38490004,Intermarché
38490005,Intermarché
38490012,Carrefour
38490013,Avia
38500001,Carrefour
38500003,LIDL Carburants
38500005,Esso Express
38500006,U Carburant
38500007,TotalEnergies
38500008,Carrefour
38510003,Intermarché
38510004,Avia
38510005,Super U
38510006,Auchan
38520001,Total
38520005,Intermarché
38530001,Système U
38530004,Intermarché Contact
38530005,Intermarché
38540001,Intermarché
38540002,AT.PG
38550001,Intermarché
38550002,Système U
38570003,Netto
38570005,Système U
38580004,Carrefour
38590001,Super U
38600003,Station essence Auchan
38610001,Total
38620002,Carrefour
38630003,U
38630005,Intermarché
38630006,DATS 24
38640001,Carrefour
38650003,Uta
38660001,Total
38660002,Station-service
38670002,Shell
38670003,Intermarché
38680001,Comptoir Énergie
38690006,Système U
38690007,Eni
38700001,Esso
38700003,Total Access
38710003,TotalEnergies
38750001,Station France D
38760004,Eni
38780001,Carrefour
38780003,Système U
38790003,Carrefour
38800003,TotalEnergies
38850002,Total
38860001,Carbel
38870001,Intermarché
38880002,TotalEnergies
38890002,Carrefour
38920002,Carrefour Market
38930001,La Remise
38970000,Total
38980001,Elan
39000004,Avia
39000007,TotalEnergies
39000010,Carrefour
39100003,TotalEnergies
39100004,Esso Express
39100005,C. C. Cora
39100006,Intermarché
39100008,Petrolperret
39100010,Avia
39100011,Netto
39100012,E.Leclerc
39100013,Intermarché
39110003,Super U
39110007,Total Access
39120002,Intermarché
39120003,Avia
39130004,TotalEnergies
39130008,Carrefour
39130009,Independent
39130010,Total
39140001,TotalEnergies
39140003,Système U
39140006,Eni
39150001,Super U
39150002,Avia
39160001,Système U
39170001,Spar
39170002,Avia
39190007,TotalEnergies
39200002,Avia
39200003,Total Access
39200005,Intermarché
39200007,Avia
39210001,AVIA
39210003,TotalEnergies
39220002,Avia
39220004,Avia
39220005,Carrefour
39220006,Intermarché
39230001,Maximarché
39230002,Avia
39230003,Avia
39230004,CocciMarket
39240001,Système U
39260003,Intermarché
39270001,Avia
39270002,Système U
39300001,Super U
39300004,Intermarché
39300006,E.Leclerc
39300008,Netto
39380001,Système U
39380002,Avia
39400002,Intermarché
39400003,Avia
39402001,Avia
39410002,Intermarché
39460001,Avia
39500001,Système U
39500004,TotalEnergies
39500006,Intermarché
39500007,Shell
39500010,Intermarché
39570004,Super U
39570008,Intermarché
39570009,Carrefour
39570010,TotalEnergies
39600001,Avia
39600002,Système U
39700012,Total Access
39700013,Total Access
39700014,TotalEnergies
39700015,Avia
39700017,Avia
39700018,Intermarché
39800004,Intermarché
40000001,Carrefour
40000002,Carrefour
40000007,Intermarché
4000001,Carrefour
40000012,TotalEnergies
4000003,Esso
4000004,E.Leclerc
40006001,E.Leclerc
40100001,Carrefour
40100004,E.Leclerc
40100005,Intermarché
40100008,TotalEnergies
40110001,Système U
40110002,Intermarché
40110003,Total
40120001,Carrefour
40120003,E. Leclerc
40130003,E.Leclerc
40130004,Intermarché
40140001,Elan
40140002,E. Leclerc
40140005,Netto
40150001,Intermarché
40150002,Super U
40160001,Super U
40160003,Intermarché
40160004,Total
40160005,Deghuillem
40170003,Super U
40170004,Carrefour
40180001,Total
40180002,Total Contact
40180003,Intermarché
40190003,Carrefour
40200001,Carrefour
40200002,E. Leclerc
40210001,Intermarché
40210004,E. Leclerc
40220002,Dyneff
40220006,Carrefour
40230001,E.Leclerc
40230004,E.Leclerc
40230005,Esso
40230006,Leader Price
40240007,Station U
40240008,Carrefour
40250001,Carrefour
40260002,Shell
40260005,Intermarché
40260006,E.Leclerc
40260008,Avia
40260009,TotalEnergies
40270004,Carrefour
40270005,Total
40280005,E.Leclerc
40280006,E.Leclerc
40280008,Total
40280009,Station-service du Moun
40300003,Carrefour Market
40300005,Intermarché
40300008,TotalEnergies
40300009,Avia
40310001,Système U
40320001,Aire C
40320002,Aire C
40330001,Intermarché
40350001,Intermarché
40360003,Carrefour
40370001,Carrefour
40370003,E.Leclerc
40380003,Carrefour
40390001,U
40400001,Total
40400002,Elan
40400003,Intermarché
40400004,Carrefour
40400005,Tucat
40410002,Carrefour
40410004,TotalEnergies
40410005,Avia
40420002,Intermarché
40420003,Total
40460001,Intermarché
40460002,Intermarché
40465002,Intermarché
40500001,Carrefour
40500002,Intermarché
40530001,Esso
40530002,Esso
40530003,Intermarché
40550001,Carrefour Market
40600002,E. Leclerc
40600004,Station U
40600005,TotalEnergies
40630004,TotalEnergies
40660002,Système U
40660005,Carrefour Market
40700001,Total
40700003,Intermarché
40700004,Carrefour Market
40800002,Carrefour
40800006,E.Leclerc
40800007,TotalEnergies
40800008,Intermarché
40990001,Total
40990002,E.Leclerc
40990004,Intermarché
41000001,Carrefour
41000005,Shell
41000007,E.Leclerc
4100001,La station U
41000019,TotalEnergies
4100002,Auchan
41000020,Carrefour
41000021,Esso
41000022,Carrefour
41000023,Avia
4100007,E.Leclerc
4100009,Independent
4100010,TotalEnergies
4100011,TotalEnergies
4100012,Independent
4103001,Hyper U
41100002,Total
41100003,Carrefour
41100004,E. Leclerc
41100005,Intermarché
41100006,TotalEnergies
41110001,Super U
41120002,Intermarché
41130003,Système U
41140004,Ma Station
41150005,Intermarché
41160001,Carrefour
41170002,Super U
41190002,Intermarché
41200001,Carrefour
41200002,Total
41200003,E. Leclerc
41200006,Système U
41200009,TotalEnergies
41200010,E. Leclerc
4120002,Proxi
4120004,Avia
4120006,Auchan
41210000,Carrefour
41220001,Super U
41230001,Elan
41240002,Intermarché
41240003,Total Contact
41250001,Intermarché
41260001,Carrefour
41260005,Esso
41300002,Système U
41300007,Avia
41300008,Avia
4130004,TotalEnergies
4130005,Total
41320002,Super U
41350001,Auchan
41350003,Intermarché
41350007,TotalEnergies
41350008,Total Access
41360003,Total
41360005,Coccinelle
41370001,Garage Hurault
41370004,Communauté de Communes Beauce Val de Loire
41400001,Super U
41400002,TotalEnergies
41400004,Carrefour
41400006,Esso
41400007,Carrefour Contact
4140001,Intermarché
41500001,Station U
41600001,Carrefour Market
41600004,Esso
41600005,Intermarché
41600006,Total
41600007,Eni
4160002,TotalEnergies
4160004,Total Access
4160006,Auchan
4160007,Poliotti Et Lm
4160008,Avia
41700004,Super U
41700006,Total
4170002,TotalEnergies
4170003,U
41800002,Intermarché
41800003,U express
4190001,Intermarché
42000014,TotalEnergies
42000015,TotalEnergies
42000019,Eni
42000021,Dyneff
4200003,Intermarché
4200007,Station Louis
4200009,Avia
4200010,Carburant Loti
4200011,Avia
4204001,Station U
42100005,Esso Express
42100017,TotalEnergies
42100018,TotalEnergies
42100019,Esso
42100020,Station U
42100021,TotalEnergies
42100022,Auchan
4210004,Independent
4210006,Utile
42110003,Intermarché
42110006,Total Access
42110010,Netto
42120002,Avia
42120003,Super U
42120004,TotalEnergies
42120005,Intermarché
42120006,Carrefour
42130002,Esso
42130004,Intermarché
42140001,TotalEnergies
42140003,Intermarché
42150001,Carrefour
42152001,Système U
42152003,Intermarché
42152007,Eni
42153001,Carrefour
42153002,E. Leclerc
42153003,Intermarché
42155001,Intermarché
42160003,TotalEnergies
42160004,E. Leclerc
42160005,Intermarché
42160006,TotalEnergies
42170002,Intermarché
42170003,TotalEnergies
42190003,Intermarché
42190004,TotalEnergies
42190006,Carrefour Market
42210001,Station libre-service
42210002,TotalEnergies
42210003,Michalon
42210004,Netto
42220004,TotalEnergies
42230001,Intermarché
42230002,DL LUB S.A.S
42230003,Garage Rebaud
42240001,Carrefour
42260001,Intermarché
42270002,E. Leclerc
42270003,Esso
42270004,Intermarché
42290001,Carrefour
42290002,TotalEnergies
42300001,Carrefour Market
42300010,Dyneff
42300012,TotalEnergies
42300013,Petrol Polygone
42310001,Avia XPress
42330002,Intermarché
42330003,Auchan
42334001,Carrefour
42340001,Carrefour Market
42360001,TotalEnergies
42370001,Avia
42370003,Carrefour
42370005,Eni
42380001,Super U
42380004,Dépôt Pétrolier Michalon
42380005,Michalon
42390001,Auchan
42400004,E.Leclerc
42400006,TotalEnergies
42400007,Total Access
4240002,Station Intermarché
42410002,E.Leclerc
42410005,TotalEnergies
42410006,Carrefour
42420001,Carrefour
42430001,Carrefour
42440004,Intermarché
42440009,TotalEnergies
42440010,Eni
42440011,Shell
42450001,TotalEnergies
42450002,Super U
42450003,Intermarché
42470004,Dyneff
42470005,Intermarché
42470006,TotalEnergies
42480001,Granjon Combustibles
42480002,Prenat Andre
42500001,Carrefour Market
42500012,E.Leclerc
42500013,E.Leclerc
42510001,Carrefour Market
42510003,TotalEnergies
42510005,Netto
42510007,Avia
42540002,Carrefour
42550001,Intermarché
42570001,Intermarché
42590001,TotalEnergies
42600001,Carrefour Market
42600002,TotalEnergies
42600003,Super U
42600007,Intermarché
42600009,TotalEnergies
42600010,Avia
42600011,Shell
4260002,Le Relais de Rochecline
42610002,Intermarché
42640001,TotalEnergies
42640002,Petrol N7
42650001,Esso
42660001,Avia
42680001,TotalEnergies
42700004,E.Leclerc
42700007,Eni
42700008,Intermarché
42720001,Esso
42780001,TotalEnergies
42800001,Carrefour Market
42800003,Intermarché
42800004,Avia
42800005,Netto
4280001,Station U
43000002,Station U
43000004,Esso Express
43000009,TotalEnergies
43000011,Avia
4300002,Esso
4300005,Auchan
43100001,Carrefour
43100002,Total
43100004,Garage Delmas
43100005,Intermarché
43100006,Netto
43110002,Auchan
43120001,Carrefour
43120002,Intermarché
43130001,Intermarché
43150001,Intermarché
43170001,TotalEnergies
43170002,Independent
43170004,Carrefour
43190002,3c Carburants
43190003,Carrefour
43200002,Avia
43200003,Total
43200004,Station U
43200006,J.V.F
43200008,Vitogaz
4320001,Eni
4320002,Intermarché
43210003,Intermarché
43220001,Carrefour Market
43220003,Station communale de Riotord
43230001,Total
43230002,Intermarché
43240001,Carrefour Market
43260002,Intermarché
43290001,Station Blanchard
43290002,TotalEnergies
43300002,Système U
43300004,Intermarché
4330007,Avia
43320002,Carrefour Contact
43320003,Total
43340001,J.V.F.
43350001,Intermarché
43360004,Avia
43400001,Intermarché
43410001,TotalEnergies
43500001,TotalEnergies
43500002,Super U
43500004,Station communale
43600002,Carrefour
43600003,Intermarché
4360001,Total Contact
43700001,Auchan
43700002,J.V.F.
4370001,Total
43750003,Carrefour
43770001,Intermarché
43800001,Total
43800002,Intermarché
44000001,Carrefour
44000005,TotalEnergies
44000006,Intermarché
44000009,TotalEnergies
44000010,TotalEnergies
4400002,Total Access
4400004,Relais des Terres Neuves
4400005,TotalEnergies
44100004,Avia
44100005,TotalEnergies
44100006,TotalEnergies
44110001,La Station U
44110002,Total
44110003,E. Leclerc
44110004,Intermarché
44110005,Avia
44115003,Total Access
44116001,Intermarché
44118003,Carrefour
44119004,Super U
44119005,Total
44119006,Intermarché
44119008,Évole énergies
44120004,Total
44120005,Total Access
44120007,Système U
44130001,Super U
44130003,E.Leclerc
44130004,TotalEnergies
44140002,Intermarché
44140004,Intermarché
44140006,Total
44150001,Avia
44150003,E.Leclerc
44150004,Super U
44150007,Esso Express
44160003,E. Leclerc
44160005,E.Leclerc
44160006,Total
44170001,U
44170002,Total
44170003,Avia
44190001,Super U
44190002,Total
44190004,TotalEnergies
44190007,Intermarché
44190008,E.Leclerc
44200002,E.Leclerc
44210002,Intermarché
44210003,Super U
44210004,Total
44220001,Super U
44220002,Station U
44220003,Total
44220005,Carrefour
44230002,Super U
44230003,Auchan
44230004,Intermarché
44240004,Intermarché
44240011,Total Access
44240012,Station U
44250003,E.Leclerc
44250004,TotalEnergies
44250005,Total Access
44260003,Système U
44260005,Station U
44260006,Intermarché
44270001,Système U
44272001,Carrefour
44290001,Super U
44290002,TotalEnergies
44300013,Esso Express
44300015,Total
44300016,Total Access
44300017,E.Leclerc
44300018,E.Leclerc
44300020,Avia
44310001,Station U
44320002,Super U
44320007,U
44330001,Super U
44330003,Système U
44340004,Elan
44340005,Total Access
44340006,Total Access
44340011,Avia
44350001,Carrefour Market
44350003,TotalEnergies
44350004,E.Leclerc
44350006,Intermarché
44350007,Avia
44360005,Système U
44360007,E.Leclerc
44360008,Total
44360009,Total
44360010,Super U
44370003,Total
44370005,Super U
44370008,TotalEnergies
44370009,TotalEnergies
44380001,Carrefour
44380007,Intermarché
44390001,Intermarché
44390004,Carrefour
44400001,Super U
44400005,TotalEnergies
44400006,Intermarché
44400009,Total Access
44406001,E.Leclerc
44410001,E. Leclerc
44410006,Intermarché
44410007,Super U
44412001,E.Leclerc
44420002,Système U
44420003,Carrefour
44420004,Total
44430003,Intermarché
44430004,E.Leclerc
44450002,Système U
44450003,Carrefour
44460001,E. Leclerc
44470002,Station U
44470005,Super U
44470006,Total Access
44480002,Intermarché
44490002,Intermarché
44500004,Esso
44510001,Station-service Intermarché
44521001,Total
44522002,Super U
44530003,Super U
44540001,Super U
44540002,TotalEnergies
44550001,Système U
44560001,Système U
44570001,Auchan
44570006,Total Access
44570007,Avia
44580001,TotalEnergies
44580002,Independent
44590001,Super U
44590002,Avia
44600002,Super U
44600007,E.Leclerc
44600009,Total Access
44600010,Total
44600011,Auchan
44620002,U
44630002,Carrefour
44640002,Intermarché
44650001,Super U
44680001,La station U
44700002,E.Leclerc
44700003,Intermarché
44700005,Esso Express
44710002,Intermarché
44720005,Carrefour Contact
44730002,Système U
44740002,Avia
44750002,Intermarché
44770001,Intermarché
44780002,Spar
44800001,Auchan
44800004,E.Leclerc
44800007,Total
44800008,Total Access
44802001,Carrefour
44810001,Super U
44830002,Super U
44840002,Total Access
44850001,Super U
44850002,Système U
44860002,Super U
44880001,Super U
45000008,Total Access
4500001,Avia
4500003,Intermarché
45100001,Auchan
45100004,Carrefour
45100008,Relais Orléans La Source
4510003,Avia
45110001,Super U
45120002,Super U
45120005,Avia
45120008,Carrefour
45130003,TotalEnergies
45130005,U
45140001,Auchan
45140005,Carrefour
45140007,Total Access
45140008,TotalEnergies
45150001,Auchan
45160001,Auchan
45160003,E.Leclerc
45160005,E.Leclerc
45160006,Total
45170001,Super U
45170007,Total
45190001,Total
45190003,E.Leclerc
45190014,E.Leclerc
45190015,E.Leclerc
45190017,E.Leclerc
45200001,Carrefour
45200004,E.Leclerc
45200006,Groupement des Mousquetaires
45200007,Total Access
45200008,Total
45210004,Total
45210005,Carrefour Market
45210006,Total
45220001,u express
45230002,Système U
45240001,Carrefour Market
45240002,Auchan
45240003,Super U
45250001,Carrefour
45250003,Super U
45260001,Intermarché
45270001,Auchan
45290001,Avia
45290003,Esso
45300003,E.Leclerc
45300006,Intermarché
45300007,Carrefour
45300008,Total
45300009,Avia
45320001,Avia
45320004,Intermarché
45320005,Esso
45330001,TotalEnergies
45330002,Carrefour Market
45330003,Intermarché
45330004,E.Leclerc
45340001,Système U
45340002,TotalEnergies
45340005,Avia
45360005,G20
45370001,Intermarché
45370002,Carrefour
45380001,Intermarché
45390002,Intermarché
45400001,Carrefour
45400004,E.Leclerc
45400005,Intermarché
45400006,TotalEnergies
45400007,Avia
45410001,Intermarché
45420001,Avia
45420002,U
45430003,TotalEnergies
45430004,E.Leclerc
45430005,Intermarché
45430006,TotalEnergies
45450003,Carrefour
45460002,Intermarché
45470001,Système U
45480002,Carrefour Contact
45480003,TotalEnergies
45500001,Auchan
45500006,Intermarché
45500007,E.Leclerc
45500008,TotalEnergies
45500010,Carrefour Market
45510002,Intermarché
45520003,TotalEnergies
45520004,TotalEnergies
45550002,Système U
45560001,Carrefour
45570001,Intermarché
45600002,Super U
45630001,Total
45640001,Super U
45650001,Intermarché
45680003,Intermarché
45680004,Intermarché
45700002,Intermarché
45700006,Carrefour
45720002,Intermarché
45750002,Station U
45770001,Carrefour
45770002,Intermarché
45770003,Shell
45800001,Auchan
45800003,Carrefour Market
45800007,Esso Express
45800008,Total
46000001,Carrefour
46000006,Intermarché
46000007,Intermarché
46000008,Netto
46000012,Total
46000015,Avia
4600002,Avia
46090002,E.Leclerc
46090003,Total
46090004,Intermarché
46100002,E.Leclerc
46100005,Intermarché
46100006,Total
46100007,Carrefour Market
46100008,TotalEnergies
46110001,Carrefour
46110003,Avia
46120001,Total
46130001,E.Leclerc
46130003,TotalEnergies
46140002,Spar
46140003,Carrefour
46140004,Aire C
46150001,Spar
46160001,Total
46170001,Spar
46200001,Total Access
46200003,E.Leclerc
46200004,Netto
46220002,Carrefour
46220003,Intermarché
46220005,TotalEnergies
46230004,Total
46230005,Carrefour Contact
46240001,Station U
46260002,Total
46270001,Intermarché
46300004,Intermarché
46300005,Système U
46300006,Total
46300007,Avia
46300009,Avia
46300011,Total Contact
46300013,Carrefour
46320001,Intermarché
46320002,TotalEnergies
46330001,Proxi
46340001,Super U
46350002,Total
46400002,E.Leclerc
46400004,TotalEnergies
46420001,Intermarché
46500001,TotalEnergies
46500003,E.Leclerc
46500006,Carrefour
46500007,TotalEnergies
46600002,Intermarché
46600003,Total
46600005,Eni
46700001,Intermarché
46800002,Carrefour
46800003,TotalEnergies
47000001,Total
47000003,Intermarché
47000009,Netto
47000010,Avia
4700002,Intermarché
4700003,Carrefour
4700006,Carrefour Contact
4700007,TotalEnergies
47110002,Elan
47120002,Le Relais des Ducs
47120003,Carrefour
47130001,Intermarché
47140001,Intermarché
47140002,Intermarché
47150003,Auchan
47160001,Elan
47160002,U
47180002,Station U
47190001,Intermarché
47200002,Total
47200004,Total
47200005,E.Leclerc
47200008,Carrefour
47200011,Elan
47200012,Intermarché
47200013,Système U
47210001,Intermarché
47210002,Aire C
47220002,Aire C
47220003,Intermarché
47230001,Système U
47240001,E.Leclerc
47240002,Intermarché
47240003,Netto
47250001,TotalEnergies
47260001,u
47290002,Total
47290003,Aire C
47300001,Auchan
47300002,Total
47300003,E. Leclerc
47300004,Fina - Relais de Soubirous
47300006,Intermarché
47300008,Système U
47310003,Total Access
47310004,Intermarché
47310005,Intermarché
47310006,Total
47310007,Système U
47320002,Total
47320003,Carrefour
47320004,TotalEnergies
47330001,Intermarché
47340001,Carrefour
47360001,Aire C
47390003,Carrefour
47400002,E. Leclerc
47400003,Intermarché
47400004,Total Access
47410000,Aire C
47420001,Aire C
47430002,E.Leclerc
47440001,Total
47450002,Intermarché
47450003,Total
47470001,Aire C
47480002,Intermarché
47480003,Total Contact
47500003,E. Leclerc
47500007,Intermarché
47500008,Aire C
47500010,U
47510001,Total
47510002,Intermarché
47520003,Intermarché
47520004,TotalEnergies
47550007,Total Access
47550009,Avia
47550012,Carrefour
47600003,Intermarché
47600006,Aldi
47600007,TotalEnergies
47700001,E.Leclerc
47700002,Intermarché
47800002,Intermarché
47800003,Netto
47800004,Elan
48000001,Système U
48000005,Total
48000006,Boissonnade Combustibles
48000008,Avia
4800001,Total
48100001,Total
48100002,Avia
48100003,Super U
48100004,Carrefour
48100006,Elan
48100007,Aldi
48100008,Les Carburants de l'Aubrac
48120001,Spar
48130001,Auchan
48140002,Carrefour
48150002,Avia
48170001,Total
48190003,Carrefour
48200001,Total
48200003,Avia
48200004,Intermarché
48200005,Système U
48200007,Esso
48200008,Avia
48230001,Station Daude
48300001,Carrefour
48300003,Intermarché
48300006,Access - TotalEnergies
48310001,Rossignol
48400003,Avia
48400006,Intermarché
48400007,Dyneff
48500001,Intermarché
48600001,Gedimat
48600002,ETS Pignol
48600003,Ets Pignol
48700001,Delor
48800002,Avia
49000002,Carrefour
49000004,TotalEnergies
49000011,Intermarché
49000012,TotalEnergies
49000013,Total
49000014,Total
49000015,Intermarché
49000016,Auchan
49003001,Carrefour
49070005,Système U
49070006,E.Leclerc
49070009,Total Energies
49100002,E.Leclerc
49100003,Total Access
49110003,Carrefour
49110004,Netto
49112001,Netto
49120001,Super U
49120004,E. Leclerc
49122001,Intermarché
49122003,Elan
49123001,Intermarché
49123002,JSE station
49124001,Super U
49124003,Système U
49125001,Super U
49130004,Intermarché
49140001,Super U
49140003,Carrefour
49150001,Système U
49150002,TotalEnergies
49160001,Station U
49160003,Shell
49160004,Shell
49170002,Station U
49220001,Station U
49220003,Total
49220004,TotalEnergies
49230002,Carrefour
49230003,Pohu
49240002,Auchan
49240003,Carrefour
49250001,Intermarché
49260001,Système U
49270001,Avia
49280001,TotalEnergies
49290001,Système U
49290002,Intermarché
49300007,Carrefour
49300009,Intermarché
49300010,Avia
49300014,Esso Express
49300015,TotalEnergies
49300016,TotalEnergies
49300017,Avia
49300018,E.Leclerc
49306001,E.Leclerc
49310001,Super U
49320003,E. Leclerc
49330001,Système U
49330004,TotalEnergies
49340001,Eni
49350001,Super U
49360003,U
49370001,Super U
49370002,Intermarché
49380001,Super U
49390001,Super U
49400004,Intermarché
49400006,Carrefour Market
49400007,Total Access
49412001,E.Leclerc
49420001,Super U
49420002,Total
49430001,Station U
49440001,Super U
49450001,U
49450005,Intermarché
49460001,Intermarché
49480001,Système U
49480005,Esso
49480007,Avia
49490001,Intermarché
49500001,Super U
49500002,E.Leclerc
49510001,G20
49540002,Carrefour Contact
49570001,Total
49600001,Super U
49600004,Intermarché
49610001,Système U
49610002,Elan
49620001,Super U
49630003,Total
49630004,Super U
49630007,Carrefour
49650003,Carrefour
49680001,Avia
49690001,TotalEnergies
49700001,Super U
49700002,Total
49700003,Intermarché
49710001,Total
49800002,Super U
49800003,Système U
49800006,Système U
50000001,Carrefour
50000002,Total
50000004,Intermarché
50000005,E.Leclerc
50000006,Carrefour Contact
50000007,Bazin Bariteaud
50000008,Esso
50000009,Intermarché
5000005,Auchan
5000006,E.Leclerc
5000008,Intermarché
5000010,Esso
5000017,Total
5000018,Total
5000019,Intermarché
50100003,Intermarché
50100007,TotalEnergies
50110002,Esso Express
50110003,E.Leclerc
50110004,Intermarché
50110006,Carrefour Contact
50120004,Système U
50130001,Esso Express
50140001,Carrefour
50150002,Super U
50160001,Carrefour
50160003,Elan
50160004,Esso
50170005,Carrefour Market
50170006,Total
50170007,Système U
50170008,TotalEnergies
50180001,E.Leclerc
50180005,Esso
50190001,Carrefour
50190002,TotalEnergies
50200001,Carrefour
50200005,Intermarché
50200008,Total
50200012,TotalEnergies
50204001,E.Leclerc
50220002,Carrefour
50220003,Avia
50230001,Système U
50240001,Station U
50240003,TotalEnergies
50250002,Intermarché
50250003,Total
50260001,Super U
50260003,Intermarché
50260004,TotalEnergies
50270002,Carrefour
50270003,Total
50290001,Système U
50290003,Système U
50300001,Carrefour
50300002,Total
50300004,E.Leclerc
50300005,Intermarché
50300006,Elan
50304001,E.Leclerc
50310002,Intermarché
50320001,Super U
50330002,Esso
50330003,Carrefour
50340001,Avia
50340002,Super U
50340003,Intermarché
50340006,TotalEnergies
50350003,Netto
50360002,Esso
50360003,Carrefour
50370002,Super U
50370003,Station St Christophe
50370005,Total
50380003,Intermarché
50390001,Système U
50400001,TotalEnergies
50400003,E.Leclerc
50410002,Intermarché
50420001,Shell
50420002,Carrefour Contact
50430002,Intermarché
50430003,Station service AVIA
50440002,Système U
50450001,Système U
50460001,E.Leclerc
50470001,Auchan
50480001,Total
50480002,Système U
50500001,Total
50500003,E.Leclerc
50500004,Carrefour
50500005,Intermarché
50500006,E.Leclerc
50500008,TotalEnergies
50510001,Intermarché
50520001,Station-service Municipale
50530002,Super U
50540001,Total
50550003,Netto
50560001,Carrefour
50560002,Système U
50570002,Carrefour
50580002,Intermarché
50590004,Carrefour
50600002,Carrefour
50600003,Total
50600004,E.Leclerc
50630001,Intermarché
50670001,Station-service municipale
50680001,TotalEnergies
50690001,TotalEnergies
50700001,Carrefour
50700002,TotalEnergies
50700003,Intermarché
50700004,E.Leclerc
50710001,Carrefour
50710003,Station KV
50750002,Elan
50760001,Carrefour Contact
50800003,Avia
50800004,E.Leclerc
50800005,Intermarché
50880001,Total
50890001,Système U
51000001,Carrefour
51000005,Esso Express
51000006,Esso
51000009,Intermarché
51000013,TotalEnergies
5100004,Carrefour Market
5100008,Total
5100009,E.Leclerc
51067001,Carrefour
51068001,Carrefour
51100001,Carrefour
51100002,Carrefour Market
51100015,Esso Express
51100029,Carrefour Market
51100033,Intermarché
51100044,Total
51100045,Total Access
51100046,Total Access
51100047,Total Access
51100048,TotalEnergies
51100051,Super U
51100055,Esso
51100056,Esso
51100060,Intermarché
51110002,Intermarché
51110006,Carrefour
51120003,E.Leclerc
51120004,Total Access
51130001,Carrefour
51130002,E.Leclerc
51140003,E. Leclerc
51140005,Total
51160002,E.Leclerc
51170001,Carrefour Market
51170002,Total
51170003,Intermarché
51190001,Intermarché
51200001,Carrefour
51200004,Esso Express
51200005,E.Leclerc
51200006,Total
5120002,Carrefour
5120003,E.Leclerc
51210001,Carrefour
51210004,E.Leclerc
51210005,TotalEnergies
51220001,Intermarché
51230001,Carrefour
51230004,Shell
51240002,Intermarché
51260005,Carrefour
51300006,Super U
51300013,Total Access
51300014,Total
5130002,Intermarché
5130004,Système U
51303001,E.Leclerc
51310001,Intermarché
51320003,Total Access
51340003,Total
51350001,Cora
51360001,Total
51370002,E.Leclerc
51370003,Intermarché
51370005,Total
51390001,Shell
51390002,Shell
51390003,TotalEnergies
51400003,Avia
51400004,Intermarché
51400010,Total
51400011,Total
51420001,Carrefour
51430002,Carrefour
51430004,E.Leclerc
51430007,Total
51460003,Intermarché
51470001,Avia
51480001,Total
51490001,Intermarché
51500002,PETRO-EST
51500003,Intermarché
51500007,Carrefour
51510001,Esso
51510002,E. Leclerc
51520002,Total
51600004,Carrefour Market
5160001,U
51700006,Intermarché
51700007,Total Access
51800001,Système U
51800004,Avia
51800012,Avia
51800014,Intermarché
5190002,Station U
52000005,Esso Express
52000006,E.Leclerc
52000008,TotalEnergies
52000009,Total Access
5200001,Super U
52000010,Intermarché
5200004,Intermarché
5200005,Centre Auto Vianor
5200007,Avia
5200009,TotalEnergies
52100003,Total
52100008,Esso
52100009,E.Leclerc
52100010,Total
52100011,Intermarché
52100012,Esso
52100014,Intermarché
52100015,TotalEnergies
52100016,TotalEnergies
52100018,Shell
52100019,Shell
52112001,C.c. Cora
52120002,Intermarché
52120003,Esso
52130003,Avia
52140002,Total
52140003,Intermarché
52140007,Avia
52150001,Avia
52160008,Avia
52160010,Avia
52170001,Intermarché
52200004,E.Leclerc
5220001,E. Leclerc
52200010,Intermarché
52200012,Avia
52200014,TotalEnergies Access
52220001,Total
52220002,Intermarché
52250001,Intermarché
52300002,Super U
52300003,Intermarché
5230003,Intermarché
5230007,Total Access
5230008,Total Access
52310001,Intermarché
52330002,Avia
52400001,Carrefour Market
52400002,Avia
5240003,Avia
5240004,TotalEnergies
52500001,Avia
52500003,Intermarché
52540001,Intermarché
52600001,Avia
52600002,Avia
52600004,Intermarché
5260001,Total
5260002,Pellegrin produits pétroliers
52700002,Intermarché
52800001,Système U
52800002,Avia
52800003,Avia
53000005,Total
53000006,Carrefour
53000008,Intermarché
53000009,TotalEnergies
5300001,TotalEnergies
53000010,Total Access
53000011,Total Access
5300003,Intermarché
5300005,Esso Express
53002001,Carrefour
53061001,E.Leclerc
53100001,Carrefour
53100006,Garage Martineau
53100007,TotalEnergies
53102001,Système U
53102002,E.Leclerc
53110001,Intermarché
53120001,Système U
53120004,TotalEnergies
53140001,U
53140003,TotalEnergies
53150001,Intermarché
53160002,Carrefour
53170001,U
53190001,Intermarché
53200003,TotalEnergies
53200005,E.Leclerc
53200006,Intermarché
53210001,Station U
53230001,Total
53230003,Carrefour
53240001,Carrefour
53240002,Station Gambert 24/24
53270002,Dyneff
53300003,Carrefour Contact
53320002,Système U
53370001,Total
53400001,Super U
53400002,Total
53410001,Système U
53410003,TotalEnergies
53410004,Carrefour Express
53480002,Carrefour
53500001,Super U
53500003,Total
53500004,Carrefour
53600001,U
53600002,TotalEnergies
53600003,Carrefour Market
53600007,Station U
53700001,U
53800001,Intermarché
53810001,Carrefour
53940001,E.Leclerc
53950002,Carrefour Contact
53960001,Avia
53960003,Intermarché
54000001,Auchan
54000008,Esso Express
54000009,Esso
54000011,Total
54000014,Carrefour
5400002,Super U
5400003,Elan
5400004,Carrefour
54110001,Match
54110002,Esso Express
54120002,Total
54120004,Intermarché
54121001,Total
54134002,Total
54140001,Intermarché
54150001,Elan
54150002,Système U
54150004,Total
54170001,Total
54170004,Intermarché
54200005,Avia
54200007,Carrefour
54200008,Intermarché
54200012,Total
54200013,La station U
54200014,BP
54204001,E.Leclerc
54210002,Match
54220001,Esso Express
54220002,Match
54230001,Esso Express
54230002,Intermarché
54240002,Esso Express
54250001,Supermarché Match
54260003,Esso
54270001,Cora
54270002,Esso Express
54280003,Total Access
54290001,Carrefour
54300001,Carrefour
54300002,Total
54300005,Esso
54300006,E.Leclerc
54300007,Intermarché
54300008,Ducs de Lorraine
54300011,TotalEnergies
54310001,Intermarché
54320001,Super U
54330001,G20
54340002,Avia
54360002,Total
54360003,Carrefour
54380010,Intermarché
54380011,Carrefour
54390001,E.Leclerc
54390002,Esso
54450002,Elan
54450003,Intermarché
54450004,Total
54460001,Intermarché
54470002,Carrefour
54470003,TotalEnergies
54480001,Carrefour Contact
54500004,Esso Express
54500005,E.Leclerc
54500007,TotalEnergies
54500008,TotalEnergies
54510001,Auchan
54520001,Auchan
54520004,Avia
54520006,Total Access
54520007,Total Access
54530002,Carrefour Contact
54540002,Carrefour
54540003,Independent
54600002,Relais Monoprix
54600004,Intermarché
54600005,TotalEnergies
54610001,Avia
54630001,Esso
54670004,Total
54700005,Roady
54700006,Intermarché
54700009,Match
54700010,Total
54700011,Dyneff
54710001,Intermarché
54800001,Match
54800003,E.Leclerc
54800004,Avia
54800006,TotalEnergies
54830001,Station de la Mortagne
54840004,Carrefour Contact
54920002,3F
54960001,Carrefour
54970001,Intermarché
55000003,Avia
55000004,E.Leclerc
55000005,Intermarché
5500001,Intermarché
55000010,Total
5500002,Carrefour
55100001,Carrefour
55100003,Esso Express
55100004,E.Leclerc
55100007,Total
55110002,TotalEnergies
55110003,Station communale de Dun-sur-Meuse
55120001,Intermarché
55130002,Station Gigot Junker
55140001,Intermarché
55160013,BP
55160014,Esso
55160015,Carrefour
55190003,Total Access
55200002,Match
55200003,Total
55200004,Intermarché
55210001,Total
55210003,Intermarché
55270002,Carrefour
55290001,Station communale de Bure
55300002,Total
55300003,Intermarché
55300004,Carrefour Market
55320001,Intermarché
55400003,Intermarché
55430001,Intermarché
55500001,Carrefour Market
55500002,Total
55500003,Avia
55600001,Système U
5560002,Avia
55700005,Intermarché
55700006,Intermarché
55800002,Intermarché
56000003,Carrefour
56000004,E.Leclerc
56000005,Système U
56000006,Intermarché
56000008,Total Contact
56000009,TotalEnergies
5600002,Intermarché
5600005,Intermarché
5600006,Carrefour
56006001,Carrefour
56100003,Total
56100007,Carrefour
56100008,Intermarché
56100009,Intermarché
56100012,Total
56100013,Total Contact
56109002,Intermarché
56110002,Intermarché
56120001,E.Leclerc
56120004,Super U
56120005,Avia
56120006,Super U
56130001,TotalEnergies
56130002,Carrefour
56130003,Groupement mousquetaires
56140002,Système U
56150001,Carrefour
56150004,Intermarché
56160001,Intermarché
56170003,Super U
56190001,Super U
56190011,Carrefour Market
56200001,Total
56200004,Casino
56220003,Super U
56230002,Total
56230003,Intermarché
56230005,Carrefour
56240003,Carrefour
56250002,Intermarché
56250003,Intermarché
56250004,Total
56260001,E.Leclerc
56270001,Carrefour Market
56270003,Carrefour
56270006,Intermarché
56270007,TotalEnergies
56300001,Station U
56300004,Total
56300005,Intermarché
56300009,Netto
56300010,Total Contact
56300012,TotalEnergies
56301001,E.Leclerc
56310001,Intermarché
56320001,Elan
56320002,Carrefour Market
56330001,Système U
56340001,Super U
56340002,Super U
56340004,Intermarché
56350002,Intermarché
56350003,Avia
56350004,Intermarché
56360004,Super U
56370002,Système U
56370005,Carrefour
56370007,Intermarché
56380003,Carrefour
56380004,TotalEnergies
56390001,Carrefour
56400001,Carrefour
56400002,Station U
56400006,Elan
56400007,E. Leclerc
56400010,Total
56410001,Intermarché
56420002,Total
56430001,Station U
56430002,TotalEnergies
56440002,Intermarché
56440003,Total
56450002,Avia
56450004,Intermarché
56450005,Total Access
56450006,E.Leclerc
56450007,Carrefour
56460002,Intermarché
56460003,Total
56480001,Station 24/24
56500002,Carrefour
56500003,Intermarché
56500004,Intermarché
56500005,E. Leclerc
56520001,Système U
56520005,TotalEnergies
56520006,Total Access
56530001,E.Leclerc
56550001,Super U
56550002,Total
56550003,Carrefour
56580001,U
56600001,E. Leclerc
56600002,Avia
56607001,Casino
56610001,Super U
56620001,Super U
56640001,Super U
56650001,Independent
56660001,Intermarché
56670001,Intermarché
56670003,E.Leclerc
56680001,Intermarché
56690002,Intermarché
56690004,Total Access
56700003,Total
56700004,E.Leclerc
56700006,Intermarché
56700007,E.Leclerc
56700008,Intermarché
56700009,Esso
56720001,Total
56760003,Carrefour Market
56770001,Station Service Municipale
56800001,Station U
56800003,Shell
56800004,E.Leclerc
56800005,Intermarché
56800006,TotalEnergies
56850003,Total
56850004,Carrefour Contact
56860003,Intermarché
56860004,Total
56880001,Intermarché
56890001,Carrefour Contact
56890003,U
56890004,Intermarché
56910001,Elan
56920001,Intermarché
56930001,Intermarché
56950002,Intermarché
57000001,Match
57000002,TotalEnergies
57000005,TotalEnergies
57000008,Esso Express
57000009,Esso Express
5700001,Système U
57000011,Intermarché
5700002,Les Chambons
57000022,TotalEnergies
57000025,Eni
57050001,Match
57050002,Auchan
57070001,Station service Auchan
57070003,Avia
57070005,Esso
57070011,TotalEnergies
57070013,TotalEnergies
57071001,Carrefour
57100001,Carrefour Market
57100002,Carrefour
57100006,E.Leclerc
57100007,Total
57100008,Total
57117001,Avia
57120001,TotalEnergies
57120005,E.Leclerc
57130001,Match
57130003,Esso
57130004,TotalEnergies
57140003,Esso
57140005,Esso
57150002,Esso Express
57150005,Intermarché
57150006,E.Leclerc
57155002,E.Leclerc
57157001,Esso Express
57160001,Carrefour
57160002,Carrefour Market
57160006,Total Access
57170001,Match
57170002,Esso Express
57185002,Station U
57185006,Carrefour
57190001,Carrefour Market
57200001,TotalEnergies
57200002,Esso
57200003,Intermarché
57200004,Carrefour
57210001,Total
57220002,Super U
57230001,Supermarchés Match
57230003,Intermarché
57255001,Carrefour
57260001,Independent
57260003,Avia
57260005,Intermarché
57270001,Total
57280001,Auchan
57280003,E.Leclerc
57290002,E.Leclerc
57300002,Total
57300005,Total
57303001,C. C. Cora
57310001,Match
57310002,Intermarché
57320004,Intermarché
57340003,Intermarché
57340004,Total Access
57350001,Auchan
57360001,E.Leclerc
57365001,Carrefour Market
57370001,Esso Express
57370003,E.Leclerc
57370004,Intermarché
57370008,Total
57380002,Super U
57380004,Aldi
57400001,Cora
57400003,TotalEnergies
57400005,Esso Express
57400007,Avia
57402001,E.Leclerc
57410001,Super U
57420005,Carrefour Contact
57420006,TotalEnergies
57430001,Super U
57430004,Total
57440002,Système U
57450003,Auchan
57470004,E.Leclerc
57500001,Total
57500002,Match
57510004,DATS 24
57520001,Carrefour
57525001,Système U
57530001,Intermarché
57580001,Total
57580002,U
57590003,DATS 24
57600002,Esso
57600003,Esso
57600005,Station-Service Cora
57600014,Super U
57600015,TotalEnergies
57620002,Intermarché
57650001,Système U
57660001,Total
57700002,Esso Express
57700004,E.Leclerc
57710001,Intermarché
57730001,Super U
57740003,Total Access
57740004,Cora
57740007,Avia
57790001,Intermarché Contact
57800001,Auchan
57800002,Esso Express
57800003,TotalEnergies
57800005,TotalEnergies
57804001,E.Leclerc
57850001,Avia
57855003,Total
57910002,Super U
57930002,Total
57940001,Carrefour
57950002,Super U
57970002,Intermarché
57980003,DATS 24
58000002,Carrefour
58000006,Intermarché
58000007,Intermarché
58000010,Esso
58000011,Station du Petit Canal
58000012,E.Leclerc
58000014,Avia
58110001,Avia
58110003,Bi1
58120001,Avia
58140001,bi1
58150003,Total
58160001,Avia
58160002,TotalEnergies
58160003,Intermarché
58170001,bi1
58180001,Carrefour
58190002,Système U
58200002,Carrefour
58200003,Avia
58200008,Station essence Indépendant
58200009,TotalEnergies
58210001,Avia
58220001,Intermarché
58230001,Rousseau Carburant
58230002,Independent
58240001,Avia
58240003,Total Access
58260002,Intermarché
58270001,Intermarché
58290001,Bi1
58300001,Carrefour Market
58300003,Agip
58300004,E.Leclerc
58300005,Intermarché
58310002,Carrefour
58320001,Carrefour
58330001,Maxi Marché
58340001,Avia
58390003,Intermarché
58400001,Auchan
58400002,carburants
58410001,Station du Nohain
58420002,Station CC Val de Beuvron
58470003,Intermarché
58470005,Avia
58500001,Avia
58500003,E.Leclerc
58530001,Esso
58600002,Intermarché
58600004,Esso Express
58640001,Intermarché
58640004,Total Access
58660001,E. Leclerc
58700002,Carrefour
58800001,bi1
58800002,Station service - Weldom
59000010,Esso
59000016,Total
59000017,Total Access
59000019,Total Access
59000020,Total
59100003,Esso
59100011,Total
59100012,Total
59110001,Carrefour
59110005,Total Access
59110006,Total Access
59110007,Station U
59111001,Carrefour
59112002,Carrefour Market
59113001,Carrefour Market
59113006,E.Leclerc
59113009,Total Access
59113011,Esso
59113013,Eni
59114003,Super U
59114004,Carrefour
59114006,Esso
59114007,Dyneff
59115001,Auchan
59116001,Super U
59118001,Match
59119003,Total Access
59120002,Total Access
59121002,TotalEnergies
59123001,Carrefour
59125003,Total
59125006,Avia
59128002,Carrefour
59129001,Match
59129004,Carrefour
59130001,Esso Express
59130002,Intermarché
59132001,Intermarché
59133002,Carrefour
59134001,Carrefour Contact
59135001,E.Leclerc
59136001,TotalEnergies
59138001,Total
59139001,Carrefour
59141002,Carrefour Contact
59142001,Intermarché
59146002,Total Access
59148003,Carrefour
59149002,Netto
59150002,E.Leclerc
59151002,Carrefour
59151003,Total Access
59153001,Système U
59155007,Total Access
59155008,TotalEnergies
59156002,Intermarché
59157002,TotalEnergies
59160002,Carrefour
59160003,Avia
59160004,Intermarché
59160006,TotalEnergies
59161001,Auchan
59162001,Intermarché
59163001,Carrefour
59163002,TotalEnergies
59166001,Intermarché
59167003,Carrefour Contact
59174002,TotalEnergies
59174003,Intermarché
59176001,Intermarché
59179002,Carrefour
59180001,Carrefour
59182001,Intermarché
59184002,Carrefour
59190002,Carrefour
59190003,E.Leclerc
59190004,Super U
59190005,Elan
59190010,TotalEnergies
59190011,Carrefour
59193003,Carrefour
59194001,Intermarché
59197001,Match
59198002,Total
59200003,Esso
59200006,Intermarché
59200008,Total
59200009,Avia
59210003,Intermarché
59210004,Intermarché
59210005,Total Access
59211002,Carrefour
59215001,Carrefour Contact
59216002,Carrefour
59219001,Total
59222001,Carrefour
59223001,Auchan
59223004,Total Access
59230001,Carrefour
59230002,E.Leclerc
59231002,Intermarché
59233004,Carrefour
59237001,Elan
59239002,Carrefour
59240001,E.Leclerc
59240002,Carrefour
59242003,E.Leclerc
59242006,Total
59243002,Intermarché
59246005,Carrefour
59250001,Total Access
59250002,Intermarché
59253001,Intermarché
59260007,Total Access
59264001,Total Access
59265001,Carrefour
59270001,Esso Express
59270002,E.Leclerc
59270003,Intermarché
59278003,Intermarché
59279002,Esso
59279004,Carrefour
59279006,Carrefour
59280001,Esso
59282001,Intermarché
59286002,Carrefour
59287002,Carrefour
59290001,Carrefour
59290002,Esso
59300005,Esso Express
59300006,Auchan
59300011,Auchan
59300013,E.Leclerc
59300015,Total Access
59300016,Total Access
59300021,BP
59300025,Carrefour
59310001,E. Leclerc
59310004,Intermarché
59310006,Auchan
59310009,Carrefour
59320001,Auchan
59320005,Intermarché
59320006,Total Access
59320007,E.Leclerc
59350002,Avia
59370002,Intermarché
59370004,Total Access
59380002,Esso Express
59380005,Total Access
59400003,Esso Express
59400004,Esso Express
59400005,Carrefour
59400006,Carrefour
59400007,TotalEnergies
59400008,TotalEnergies
59411001,C. C. Cora
59420002,Avia
59430001,Carrefour
59430002,Esso
59440001,Carrefour
59440002,Esso Express
59450001,Auchan
59450002,Esso Express
59450005,Carrefour Market
59460001,Carrefour
59460002,Intermarché
59470003,Système U
59470004,Total Access
59474001,TotalEnergies
59480002,Intermarché
59490001,Carrefour Market
59490002,Intermarché
59494002,Auchan
59494009,Total
59500005,Carrefour Market
59500009,Total
59500010,Avia
59501001,E.Leclerc
59510003,Total
59520001,Intermarché
59520003,Intermarché
59530001,Esso Express
59530002,Intermarché
59540002,Intermarché
59540003,TotalEnergies
59541001,E.Leclerc
59550001,Carrefour Market
59550002,Total
59550003,Gulf
59553003,U Express
59554002,Intermarché
59554005,TotalEnergies
59554008,Carrefour Market
59570001,Match
59570003,Intermarché
59580001,TotalEnergies
59600006,Total
59600009,Carrefour
59610001,Auchan
59610002,Carrefour
59610004,TotalEnergies
59620002,Auchan
59620005,E.Leclerc
59630002,Carrefour
59630003,Intermarché
59640002,Total
59650001,Carrefour
59650002,Match
59650009,Elan
59650011,BP
59650012,Total Access
59650013,Total Access
59658001,Carrefour
59660002,Système U
59670001,Carrefour
59680001,Carrefour Market
59700003,Carrefour
59700004,Esso
59700008,Total
59700009,Total Access
59710002,Intermarché
59710007,TotalEnergies
59720001,Auchan
59721001,Carrefour
59730003,Super U
59750004,Carrefour
59750005,Total Access
59760001,Auchan
59760002,BP
59760005,Total
59770002,Carrefour
59770003,Total
59780001,Carrefour
59780003,Super U
59790001,Total
59800002,E.Leclerc
59800003,Carrefour
59817002,Shell
59820001,Total Access
59830001,Intermarché
59850002,Système U
59880001,Auchan
59890001,Carrefour
59910001,Carrefour
59920001,Carrefour Market
59930002,Total Access
60000001,Auchan
60000006,Esso Express
60000007,Carrefour
60000008,Intermarché
60000010,Intermarché
60000011,Carrefour
60000012,Total
60000015,BP
60000017,TotalEnergies
6000007,Avia
6000026,Total
6000028,Total
6000029,Total
6000032,Esso
6000036,Esso
6000037,Avia
60005001,TotalEnergies
60100004,Esso
60100007,Total
60110002,Auchan
60110004,TotalEnergies
60110006,TotalEnergies
60112002,Total
60120002,Carrefour
60120004,Total
60120005,E.Leclerc
60120006,Total
60126001,Coccinelle
60130001,E.Leclerc
60140002,Total
60140003,E. Leclerc
60150003,Station U
60150005,Carrefour
60160002,E.Leclerc
60160003,Total Access
60170003,E.Leclerc
60180001,Auchan
60190002,Intermarché
60190003,Total
60200001,Auchan
60200002,Ets Guerdin
60200005,Esso
60200006,Esso Express
60200008,Station service Intermarché
60200011,Total
60200012,Total
60210002,Carrefour
60210003,Intermarché
60220002,Auchan
60220006,TotalEnergies
60230002,E.Leclerc
60230004,Total Access
60240001,Match
60250003,Intermarché
60260001,Carrefour Market
60260002,Intermarché
60270003,Intermarché
60280001,Carrefour
60280003,Intermarché
60290002,E. Leclerc
60290003,Intermarché
60290005,Total Access
60300005,Intermarché
60300007,Total
60300008,BP
60300009,BP
60300010,Total
60310001,E.Leclerc
60320001,Carrefour Market
60330004,Total Access
60340001,Carrefour
60350002,Intermarché
60350003,Total Access
60360001,Carrefour
60360002,E.Leclerc
60370002,Intermarché
60380001,Station Service Songeons
60390001,Carrefour
60390004,TotalEnergies
60400001,Auchan
60400003,Intermarché
60400005,Total Access
60410003,E.Leclerc
60420001,Carrefour Market
60420003,Civiale
60440001,Intermarché
60490001,Carrefour
60490007,TotalEnergies
60490008,Total Access
60490009,Total Access
60500002,Esso
60500008,Carrefour Market
60500010,BP
60500011,TotalEnergies
60510001,Intermarché
60530003,Carrefour
60540002,Carrefour
60560001,Intermarché
60590001,E.Leclerc
60590002,Carrefour Contact
60590003,TotalEnergies
60600001,Auchan
60600004,Intermarché
60600006,Sarl Autoservices
60610002,E. Leclerc
60640001,Total
60650006,Carrefour
60650007,Esso
60680003,Total Access
60690001,Intermarché
60700002,Intermarché
60700004,Total Access
60700005,E.Leclerc
60730004,Total
60740001,Carrefour
60800005,Roady
60800008,E.Leclerc
60800009,Monoprix
60870002,Intermarché
60870003,TotalEnergies
61000002,Carrefour
61000005,Esso Express
61000006,Carrefour
61000008,Bayi Carburants
61000009,Total
61000012,Carrefour
6100006,Eni
61100003,Carrefour
61100005,E.Leclerc
61100007,Carrefour
61100008,E.Leclerc
61100010,Intermarché
61100012,Total
6110002,Avia
6110004,Esso Express
6110006,E.Leclerc
6110008,Independent
6110009,Total
6110010,Intermarché
6110011,E.Leclerc
61110002,Intermarché
61120003,Carrefour
61120004,Avia
61130002,Saint-Germain-de-la-Coudre
61130004,TotalEnergies
61140001,Carrefour
61150001,Station communale
61160001,Carrefour
61170001,Intermarché
61190003,Station-service Charencey
61190004,Carrefour
61200001,Carrefour Market
61200003,Total
61200006,E.Leclerc
61200007,Intermarché
61200008,Avia
61220001,G20
61230005,Peugeot DKV
61230006,Shell
61230007,Intermarché
61240001,Total
61250002,TotalEnergies
61250003,Total
61250005,Carrefour
61260003,Carrefour Contact
61290002,Intermarché
61300002,Intermarché
6130001,Auchan
6130007,E.Leclerc
6130008,Esso Express
6130009,Esso
6130010,Total
6130012,Magasins U
6130013,Station des Campanettes
61302001,E.Leclerc
61320002,TotalEnergies
61400001,Super U
61400003,Intermarché
61400004,Elan
61400005,TotalEnergies
6140004,Total
6140005,Carrefour
61430002,Carrefour
61430003,Renault
61500002,TotalEnergies
61500003,Intermarché
61500004,Carrefour
6150005,Intermarché
6150007,E. Leclerc
6150008,Total Access
6150011,Eni
6156001,Carrefour Market
61600002,E.Leclerc
61600003,Intermarché
6160008,Eni
61700002,Intermarché
61700003,Carrefour
61700004,TotalEnergies
61790001,E.Leclerc
6190004,Esso
6190008,Total Access
6190011,Eni
62000005,E.Leclerc
62000006,E.Leclerc
62000013,Total
62000014,Total
62000015,Eni
62000016,Station de service Avia
6200014,Esso Express
6200027,Total Access
6200028,Total Access
6200031,Dyneff
6200032,Esso
6200033,Total
6201001,Carrefour
6201002,E.Leclerc
62012001,Auchan
62100001,Auchan
62100002,TotalEnergies
62100006,Avia
62100011,Carrefour
62100012,Esso
62100014,Ets Caron
62100016,Intermarché
62100024,Total
62100025,Total
62100027,TotalEnergies
62100028,Esso
6210009,Esso
6210010,Auchan
62101001,Carrefour
62110001,Total
62110003,Total
62110004,Total Access
62114002,Total
62116001,Carrefour
62118002,U
62120001,Carrefour
62120006,Esso
62120009,Intermarché
62120013,Netto
62120014,Shell
62120015,Carrefour
62120017,Avia
62123005,Carrefour
62126001,Carrefour
62127001,Esso
62128007,Avia
62128010,BP
62128011,Carrefour
62129002,Carrefour Contact
62130001,Total
62130003,Intermarché
62130004,E.Leclerc
62130006,Total Energies
62131001,Intermarché
62134001,Carrefour
62136001,Total
62137001,Esso
62137002,Établissement Bidal
62138002,Carrefour
62138005,E.Leclerc
62140001,Carrefour
62140003,Intermarché
62142001,Intermarché
62143002,E.Leclerc
62147001,Avia
62147005,Dyneff
62147006,Carrefour
62149001,Esso Express
62150002,Carrefour Contact
62152001,Carrefour
62152003,Total
62152006,Carrefour
62153004,Eni
62156002,Carrefour
62160001,Carrefour
62160002,Carrefour
62160003,Esso
62160004,Intermarché
62161001,Carrefour
62164001,Garage Dupuis Deberdt
62170002,Carrefour
62170003,E.Leclerc
62170005,TotalEnergies
62176001,Intermarché
62180002,Intermarché
62180004,Carrefour
62190005,TotalEnergies
62200004,Intermarché
62200005,Total
6220003,Station service d'Intermarché
6220005,TotalEnergies
6220006,E.Leclerc
62210001,Carrefour
62210002,Auchan
62215006,Carrefour Contact
62217001,Carrefour Market
62217003,Intermarché
62217007,Total Access
62218002,E.Leclerc
62219001,Auchan
62220001,Total
62220002,E. Leclerc
62220003,Intermarché
62221001,Intermarché
62223001,E.Leclerc
62223002,Intermarché
62230001,Carrefour
62230003,E.Leclerc
62230004,Total Access
62231001,Shell
62232002,Carrefour
62240003,Esso Express
62240004,Carrefour
62240005,Carrefour
62250001,Carrefour
62250005,Total Access
62250007,Intermarché
62250009,Carrefour
62250010,Total Access
62250011,Total
62260002,Carrefour
62260003,Total
62260004,Super U
62270002,Carrefour Market
62280001,Carrefour
62280002,Esso
62280003,Auchan
62280004,Carrefour
62290001,E.Leclerc
62290003,Esso
62300005,Esso Express
62300006,Esso Express
62300012,Total
62300013,Total Access
62300014,Total Access
62300018,Auchan
6230002,Esso
6230003,TotalEnergies
62310001,Carrefour
62310003,E.Leclerc
62320001,Carrefour
62330001,Carrefour
62330002,Netto
62340001,Carrefour
62350002,Carrefour
62360001,Total
62360004,Intermarché
62360006,Total Access
62370001,Station-service Carrefour
62370002,G20
62380001,Total
62380002,Système U
62380003,E.Leclerc
62390001,Intermarché
62400001,Auchan
62400002,Carrefour
62400003,Carrefour
62400004,Total
6240004,Independent
6240006,E.Leclerc
62410001,Intermarché
62440001,Auchan
62450003,Intermarché
62450004,E.Leclerc
62450005,Total Access
62450006,Carrefour
62460002,Carrefour
62470006,TotalEnergies
62480001,Intermarché
62490002,Système U
62490003,Total Access
62500001,Carrefour
62500003,Esso Express
62500005,Total Access
6250001,Carrefour
6250009,TotalEnergies
6250010,TotalEnergies
6250011,Esso
6250012,Shell
62510002,Carrefour
62510003,Intermarché
62520001,Carrefour
62530001,Intermarché
62550002,Carrefour
62560002,Elan
62560003,Carrefour Contact
62580003,Carrefour
62590001,Match
62600002,Carrefour
62600003,Carrefour
62600005,Total Contact
6260001,TotalEnergies
6260002,Carrefour Market
62610002,Auchan
62610004,TotalEnergies
62610005,Carrefour
62620001,TotalEnergies
62620002,Carrefour
62630002,Esso
62630004,E.Leclerc
62630006,Shell
62630007,Carrefour
62640002,TotalEnergies
62640003,Intermarché
62650002,Carrefour
62660001,Carrefour
62660003,E.Leclerc
62660004,Total
62680001,Intermarché
62690001,Carrefour Market
62690002,Total
62700001,Carrefour
62700003,Intermarché
62700008,Total Excellium
6270003,Station service des Mousquetaires
6270004,Intermarché
62710001,Carrefour
62710002,Netto
62720002,Carrefour
62730003,C4T
62730004,Carrefour Market
62740001,Total
62750002,Intermarché
62760002,Carrefour Market
62770001,Carrefour
62780003,Intermarché
62780004,TotalEnergies
62790001,Carrefour
62800001,Carrefour
62800004,Total Access
62810001,Carrefour Market
62810002,Total Avesnes
62820003,Total Access
62830002,E.Leclerc
62840004,Carrefour
62840005,Carrefour
62840006,Carrefour Contact
62850001,Carrefour Contact
62860002,Super U
62860006,Shell
62860007,BP
62870002,Carrefour
62880001,Carrefour Market
62880005,Carrefour Market
62881001,Carrefour
62901001,Carrefour
62910001,Carrefour
62920001,Total Access
62930001,Intermarché
62940001,Carrefour
62950001,Auchan
6296001,Station du MIN
62970003,E.Leclerc
62980001,E.Leclerc
62990001,Carrefour
63000001,TotalEnergies
63000007,Esso
63000008,Esso Express
63000009,Esso Express
63000014,Intermarché
63000015,E. Leclerc
63000019,Agip
63000022,TotalEnergies
63000023,Total
63000024,Total Access
63000026,Total
6300008,Esso
6300012,Station des Oliviers
6300016,Total Access
6300018,Total Access
6300019,Avia
63100007,E. Leclerc
63100011,Intermarché
6310002,Total
63110002,Station service Auchan
63112001,Intermarché
63114003,Avia
63118001,Auchan
63119001,TotalEnergies
63120002,Intermarché
63120004,Pireyre & Pascal energy
63122001,Esso
63122002,Intermarché
63140001,Total
63140002,Carrefour Contact
63150001,Auchan
63150002,Intermarché Super
63160001,Auchan
63160002,Intermarché
63160004,TotalEnergies
63170001,Auchan
63170007,Eni
63170008,Total Access
63190001,Carrefour Market
63190009,Sas Larzat et Meyronne Lezoux
63190011,TotalEnergies
63200001,Carrefour
63200002,Total
63200004,Esso Express
63200006,Carrefour
6320003,Esso
6320004,TNT
6320006,Total
63201001,E.Leclerc
63210001,Total
63210002,Avia
63210003,Carrefour
63220001,Super U
63230001,Total
63230002,Carrefour
63240001,Total
63250001,Station intercommunale de Chabreloche
63260003,Station libre-service
63270002,Super U
63290001,Total
63300001,Carrefour
63300002,TotalEnergies
63300003,Elan
63300004,E.Leclerc
63300005,Intermarché
63300007,Pireyre & Pascal Energy
6330002,Intermarché
6330003,Total
63310002,Intermarché
63320001,Intermarché
63320002,Station Vigouroux
63330002,Intermarché
63340001,Super U
63350001,Auchan
63350002,Total
63350003,Independent
63360001,Carrefour
63360002,Total
63360003,Intermarché
63370001,Station essence de Cora
63380003,Auchan
63390001,Carrefour Contact
63400001,Esso
6340001,Renault
6340002,Intermarché
63410004,Total
63410005,Eni
63430002,Total
63430004,Intermarché
63430006,U
63440003,TotalEnergies
63450002,Intermarché
6345001,Auchan
63460003,Intermarché
63480001,Station-service intercommunale de Marat 24/24
63490002,Carrefour Contact
63500002,Carrefour
63500006,Total
63500007,TotalEnergies
63500008,Intermarché
63540002,Total Excellium
63540004,TotalEnergies
63550001,Station service du Lac
63570003,Intermarché
63600001,Carrefour Market
63600002,Intermarché
63610001,Auchan
63620001,8 à Huit
63650001,Carrefour Market
63660001,Station Service Intercommunale
63670001,Intermarché
63670002,Intermarché
63680001,Gulf
63700004,Carrefour
63700006,Total
63700007,Total
6370002,Auchan
63720003,Intermarché
63730001,Auchan
63760001,Intermarché
63780001,Station Intermarché
63790001,Garage de l'Avenir
63800002,Auchan
63800004,TotalEnergies
63800005,Intermarché
6380002,Station-service Sospel
63850001,Orceyre Carburants
63940001,TotalEnergies
63960002,Avia
63960005,Carrefour
64000001,Auchan
64000007,Esso Express
64000009,E.Leclerc
6400001,TotalEnergies
64000011,Intermarché
64000015,Total Access
64000016,Total Access
64000017,Avia
6400004,Esso Express
6400005,Avia
6400010,TotalEnergies
6400013,Esso Express
64100009,Intermarché
64100010,Carrefour
64100013,Esso
64100014,Total Access
64100015,TotalEnergies
64100016,Total
6410003,Avia
64103001,E.Leclerc
64110003,Total
64110004,E. Leclerc
64110006,Total Access
64120001,Total
64120004,Carrefour
64120005,E.Leclerc
64121003,Total Access
64121004,Intermarché
64122001,E.Leclerc
64130003,Intermarché
64130006,Carrefour Market
64140004,Intermarché
64140005,Total
64140006,Netto
64140007,Auchan
64150003,Total
64150004,E. Leclerc
64150008,Carrefour
64160001,Super U
64160003,Intermarché
64170001,TotalEnergies
64170005,E.Leclerc
64170012,Eni
64170013,Eni
64170014,Super U
64190002,Elan
64190004,Intermarché
64200002,Total
64200006,E.Leclerc
64200008,Esso Express
64200009,Total Access
6420001,Dyneff
64210004,Intermarché
64210005,TotalEnergies
64210006,TotalEnergies
64220002,Total
64220003,Intermarché
64220004,Carrefour
64230004,Total
64230006,Carrefour Contact
64233001,Carrefour
64240003,E.Leclerc
64240004,Avia
64240005,Carrefour
64240006,E.Leclerc
64250001,Intermarché
64250006,Carrefour Market
64260002,Carrefour Market
64260005,Intermarché
64270001,Total
64270002,Carrefour
64270005,E.Leclerc
64300002,Total
64300003,E.Leclerc
64300005,Super U
64300007,Système U
6430001,Avia
64310001,Intermarché
64310002,Netto
64320003,Super U
64320005,TotalEnergies
64330001,Intermarché
64350003,Carrefour Contact
64370001,Carrefour
64390002,E.Leclerc
64400002,Total
64400003,E.Leclerc
64400005,Intermarché
6440001,Intermarché
64410001,Carrefour Contact
64420001,Intermarché
64430001,Intermarché
64440002,Intermarché
64440003,TotalEnergies
64450001,Spar
64450002,Elan
64470001,Elan
64480001,Super U
64480004,Total
64480005,Total
64490001,Intermarché
64500003,Carrefour
64500004,TotalEnergies
64500005,E.Leclerc
64500006,TotalEnergies
6450002,Station Vésubienne
6450003,Carrefour Market
64510001,Intermarché
64520001,Elan
64520002,Intermarché
64530002,Intermarché
64530004,Total
64570002,Intermarché
64600002,Carrefour
64600007,TotalEnergies
64600009,E.Leclerc
6460002,Intermarché
64604001,E.Leclerc
64700001,TotalEnergies
64780001,E. Leclerc
64800003,Elan
64800005,Intermarché
64800007,Super U
6480002,E. Leclerc
64990001,Total
64990002,Intermarché
65000001,Carrefour Market
65000004,Esso
65000007,E.Leclerc
65000008,Intermarché
65000010,Total Access
65000011,Carrefour Market
6500004,Intermarché
6500005,Intermarché
6500008,Total
6500010,Esso
65100001,Carrefour
65100004,Esso Express
65100005,E. Leclerc
65100008,Netto
65100009,Total
6510001,Total
6510003,Intermarché
65110003,Carrefour
65120001,Carrefour Market
65120002,Independent
65130001,Intermarché
65140003,Carrefour
65170002,Carrefour Market
65190001,Total
65190002,Carrefour
65200002,Total
65200003,Carrefour Market
65200005,Intermarché
65200006,TotalEnergies
6520001,Esso
65220002,Intermarché
65230002,Intermarché
65230003,TotalEnergies
65240001,Carrefour
65290001,Intermarché
65300002,Carrefour
65300003,Elan
65300004,Avia
6530002,SA Sokami
6530008,Carrefour
6530009,Carrefour Market
65310001,Carrefour
65330001,Dyneff
65370003,Carrefour Contact
65400001,Carrefour
65400004,Elan
65400005,Total Access
6540002,Eni
65410001,Total
65429001,E.Leclerc
65440001,Intermarché
65460003,TotalEnergies
65500002,Intermarché
65500003,E. Leclerc
65500004,TotalEnergies
6550002,Intermarché
65510001,Avia
65600001,Total
65600002,Elan
6560001,Carrefour Market
6560006,Total
65700002,Super U
65800002,E. Leclerc
65800004,Intermarché
6580001,Super U
66000003,Dyneff
66000005,Système U
66000006,Total
6600001,Carrefour
66000010,Esso
66000012,Petrop
66000016,TotalEnergies
66000018,TotalEnergies
66000020,Total Access
66000021,Total
6600007,Avia
6600008,Esso Express
6600009,Esso Express
6600012,TotalEnergies
6600022,Total
6600023,Total
6600024,Total Access
6600026,Auchan
6600027,Intermarché
66005001,E.Leclerc
66028001,Auchan
66100002,TotalEnergies
6610002,Dyneff
6610005,Carrefour Contact
66130002,Station U
66140002,Intermarché
66140003,Intermarché
66160001,E. Leclerc
66160004,TotalEnergies
66170002,Agnel & Fils
66200001,Intermarché
66200002,Intermarché
66200003,Intermarché
66200005,Auchan
6620001,Station-service communale
66201001,Dyneff
66210004,Intermarché
66210005,Dyneff
66240001,Intermarché
66250001,Total
66250002,Intermarché
66250003,OIL!
66270001,Intermarché
66270004,Carrefour
66300012,Netto
66300013,Rompetrol
66300014,Système U
66300015,Intermarché
66300017,Carrefour
66310002,Carrefour
66310003,TotalEnergies
66330001,Total
66330002,Intermarché
66360001,Dineff
66380001,Esso
66400004,Intermarché
66400006,Carrefour
6640002,U
66420001,Montaner et Fils
66420002,Système U
66420003,Montaner et Fils
66430002,Super U
66450001,Intermarché
66470002,GKO
66500001,Super U
6650002,Garage Delpy Sunnycar
6650003,Avia
6650004,Station Essence Intermarché
66510001,Total
66530001,Carrefour
66530002,Esso
66600001,Intermarché
66600002,Total Access
6660003,TotalEnergies
66624001,Dyneff
66650002,Carrefour
66660002,U
66680001,Intermarché
66690001,Intermarché
66700001,Intermarché
66700003,Dyneff
66700007,TotalEnergies
6670007,Total Access
6670008,Avia
6670010,Élan
6670011,Eni
66740003,Carrefour Market
66750004,TotalEnergies
66820001,Intermarché
66962001,Carrefour
66962002,E.Leclerc
67000002,Match
67000005,Avia
6700002,Avia
67000026,TotalEnergies
67000027,TotalEnergies
67000031,Eni
67000032,Eni
6700005,Boccanera
6700008,Station Auto Espace Azuréen
67033001,Auchan
67100002,Esso Express
67100007,Avia
67100009,Eni
67110001,Match
67110003,Intermarché
67110006,U
67112002,TotalEnergies
67114001,Système U
67116002,E.Leclerc
67116003,Shell
67118002,E.Leclerc
67120002,Total
67120003,Système U
67120004,TotalEnergies
67120005,E.Leclerc
67120006,E.Leclerc
67129001,Carrefour
67130002,Système U
67130003,Intermarché
67130004,Match
67140002,Système U
67140003,Garage Karrer
67150001,Esso
67151001,E.Leclerc
67160001,Match
67160002,Match
67160003,Carrefour
67170005,Super U
67170006,Intermarché
67170008,TotalEnergies
67170009,BP
67170010,BP
67190001,Auchan
67190004,Système U
67190009,TotalEnergies
67200011,TotalEnergies
67200012,TotalEnergies
67202002,Super U
67202003,Total Access
67205001,Intermarché
67210001,Auchan
67210004,TotalEnergies
67211001,E.Leclerc
67220003,Super U
67220004,Avia
67220005,TotalEnergies
67230005,Intermarché
67230006,Total
67240002,Super U
67250001,Match
67250002,E.Leclerc
67260003,Super U
67260004,E.Leclerc
67260007,TotalEnergies
67260010,Shell
67260011,Carrefour
67270001,Match
67270002,E.Leclerc
67270003,Intermarché
67290002,Carrefour Contact
67300003,TotalEnergies
67300004,E.Leclerc
67310003,E.Leclerc
67310004,TotalEnergies
67320001,Intermarché
67330001,Supermarché Match
67340001,TotalEnergies
67340002,Super U
67350004,Match
67360002,Super U
67370001,Système U
67370003,E.Leclerc
67380001,Super U
67390001,Système U
67390003,TotalEnergies
67400001,Auchan
67400004,E.Leclerc
67400005,TotalEnergies
67410002,Avia
67420001,TotalEnergies
67430002,Super U
67441001,E.Leclerc
67452001,Carrefour
67460001,TotalEnergies
67470001,Super U
67480001,TotalEnergies
67480002,E.Leclerc
67500001,Carrefour
67500003,Auchan
67500005,TotalEnergies
67500009,E.Leclerc
67500011,TotalEnergies
67500012,Auchan
67500013,Intermarché
6750002,Station Girardin
67510001,TotalEnergies
67520001,Auchan
67540001,Auchan
67540003,Shell
67550003,TotalEnergies
67560002,Auchan
67570001,Eni
67580001,TotalEnergies
67590001,Auchan
67590002,TotalEnergies
67600001,Match
67600003,E.Leclerc
67600004,E. Leclerc
67600006,Intermarché
67600009,E.Leclerc
67600010,TotalEnergies
67603001,E.Leclerc
67620001,TotalEnergies
67620003,E.Leclerc
67630001,Carrefour
67640004,Total
67640005,TotalEnergies
67660002,TotalEnergies
67660003,Intermarché
67680001,Carrefour Contact
67690002,Carrefour
67700001,Match
67700005,TotalEnergies
67700010,Avia
67700011,TotalEnergies
67700012,TotalEnergies
67700013,TotalEnergies
6770002,Total Access
67730001,E.Leclerc
67760001,Super U
67800001,Match
67800004,Système U
67800011,TotalEnergies
67800014,Eni
67810001,E.Leclerc
67840002,TotalEnergies
67850002,Avia
67860001,Super U
67920001,Station U
67960001,Carrefour Contact
68000006,TotalEnergies
68000009,Avia
68000010,Système U
68000012,E.Leclerc
68000013,Avia
68000016,Intermarché
68000018,TotalEnergies
68000019,TotalEnergies
68000020,Eni
68000021,TotalEnergies
6800006,Eni
6800017,Total
6800018,Total
6800019,Total
6800020,Total Access
6800025,Esso
6800029,Esso
6800031,Eni
68019001,Cora
68040001,Total
68040002,Esso
68100002,E.Leclerc
68100006,Avia
68100009,Total
68110006,Total Access
68110010,Eni
68120002,Système U
68120005,Total
68124002,E.Leclerc
68127001,Avia
68127002,Intermarché
68130001,TotalEnergies
68130002,Système U
68130003,E. Leclerc
68140001,Total
68140002,Total
68140003,Super U
68150003,E.Leclerc
68160002,Super U
68160004,TotalEnergies
68160005,Intermarché
68170002,Intermarché
68170003,Total
68170004,E.Leclerc
68180001,Esso Express
68180002,E. Leclerc
68190003,Auchan
68200004,Cora
68200018,Total Access
68200019,Total Access
68200020,Total
68200025,Eni
68200026,Auchan
68200027,Eni
68210001,Total
68210002,Intermarché
68220001,Station Frontalière
68230002,U
68240003,Intermarché
68240004,Carrefour
68250003,Intermarché
68250004,Total Access
68260001,E.Leclerc
68270001,Station essence Carrefour
68270002,Esso
68270003,Système U
68290002,E.Leclerc
68300002,Total
68300003,E.Leclerc
68300004,Total Access
68310001,Station U
68313001,Carrefour
68320001,Total
68320002,Carrefour
68330001,Station Service Match
68330002,Système U
68350001,Station U
68360004,Total
68370002,Intermarché
68390002,Shell
68390003,Avia
68390004,TotalEnergies
68400001,Super U
68440003,Intermarché Contact
68460001,Total
68460002,Carrefour
68470002,Total
68470003,U Express
68480002,Auchan
68480003,Total
68480004,Carrefour Contact
68490001,TotalEnergies
68490002,Intermarché
68500002,E.Leclerc
68500003,U
68510001,Hyper U
68520004,Station U
68520006,Total
68520011,Eni
68540001,Système U
68550001,Auchan
68560001,E.Leclerc
68580001,Intermarché
68590001,Total
68600002,Intermarché
68620001,Super U
68630003,Carrefour City
68640001,Intermarché
68680003,TotalEnergies
68690001,Total
68701001,Total
68703001,E.Leclerc
68730001,E.Leclerc
68740001,Système U
68800002,Intermarché
68870001,Essence Hypermarché
68880001,Match
68910002,Carrefour
68920001,Auchan
68970001,Beysang
69002006,Esso
69003012,Avia
69003013,Avia
69004002,Esso Express
69004016,Eni
69004020,Eni
69005002,Eni
69005005,Avia
69007006,TotalEnergies
69007008,TotalEnergies
69007009,Total Access
69007012,Avia
69008007,Total Access
69009003,Esso
69009007,TotalEnergies
69009008,Total Access
69100001,Carrefour
6910002,Proxi
69100022,TotalEnergies
69100028,Esso
69100029,Esso
69100030,Esso
69100031,Esso
69100032,Eni
69110004,Esso
69110005,Intermarché
69110006,TotalEnergies
69120011,Total
69120012,Garibaldi Automobiles
69120013,Eni
69125002,Total
69126001,Renault
69130003,Esso Express
69130005,TotalEnergies
69132001,Carrefour
69140005,Carrefour
69140006,E.Leclerc
69150001,Esso Express
69150004,TotalEnergies
69160001,Auchan
69160003,Esso Express
69160005,Avia
69170001,Auchan
69170004,TotalEnergies
69190001,Carrefour
69190009,Eni
69190010,BP
69190012,TotalEnergies
69200001,Carrefour
69200003,Super U
69200005,Esso Express
69200007,Esso
69200008,E.Leclerc
69200009,Total
69210003,Total
69210004,Esso Express
69210005,Super U
69210007,Otarie
69210008,Carrefour Market
69210009,Avia
69220001,Carrefour
69220003,Total
69220005,Avia
69220006,Roady
69220007,Shell
69220008,Netto
69220011,Fulli
69230001,Auchan
69230005,Esso
69240002,Intermarché
69250008,Eni
69250009,TotalEnergies
69260007,Carrefour
69260011,Eni
69260012,Eni
69270002,Intermarché
69270004,TotalEnergies
69290001,Esso
69290002,E.Leclerc
69290003,Intermarché
69300001,Auchan
69300010,Total
69300011,TotalEnergies
69310003,Esso Express
69310004,TotalEnergies
69320008,TotalEnergies
69330001,Carrefour Market
69330002,Carrefour Market
69330003,Esso
69330005,Intermarché
69330006,Netto
69340001,Carrefour
69340002,Esso
69340003,Shell
69350003,TotalEnergies
69360010,Système U
69360011,Total
69360012,Total Access
69360013,Total
69360015,Total Access
69360018,Avia
69360019,Avia
69370002,Total
69380004,E.Leclerc
69380007,Avia
69380008,Intermarché
69380009,Esso
69380010,Esso
69380012,Intermarché
69380014,TotalEnergies
69390001,Total
69390005,Système U
69390007,Eni
69390008,TotalEnergies
69400005,Esso Express
69400006,Esso Express
69400007,Eni
69400008,E. Leclerc
69400009,Auchan
69400010,Intermarché
69400014,Total Access
69400015,Intermarché
69400016,Dyneff
69410006,Eni
69410007,TotalEnergies
69420001,Carrefour
69420002,E. Leclerc
69430001,Total
69430002,Carrefour
69430004,Dyneff
69430005,Elan
69440001,Esso
69460004,Carrefour Contact
69460006,Automobiles Germain Calvignac
69470003,Intermarché
69480002,Avia
69480005,Carrefour
69480007,Eni
69490001,E. Leclerc
69490002,Intermarché
69490004,Avia
69500008,TotalEnergies
69500009,TotalÉnergies Access
69500011,Avia
69500012,Station service intermarché
69500013,Intermarché
69510002,Esso
69510004,TotalEnergies
69520001,Intermarché
69530002,Carrefour Contact
69540001,Carrefour Market
69550001,Carrefour
69550002,Relais de la Gaite
69550003,Intermarché
69560001,Système U
69570005,TotalEnergies
69571001,Auchan
69590001,Carrefour
69590002,Avia
69600002,Intermarché
69600004,Avia
69610001,Intermarché
69620003,Carrefour Market
69620004,Avia
69650001,TotalEnergies
69651001,TotalEnergies
69651002,Esso
69658001,Carrefour
69670002,Esso
69680002,Carrefour Market
69680003,Intermarché
69700001,Carrefour
69700002,Total
69700005,Intermarché
69700012,Esso
69720002,Esso
69720004,Total
69720005,Intermarché
69730002,E.Leclerc
69740002,Esso
69780002,Netto
69800010,Carrefour Market
69800012,BP
69800013,BP
69800014,Total Access
69800015,Total
69800016,TotalEnergies
69800017,Total Access
69800018,Esso
69800019,Total Access
69803001,Auchan
69830003,E.Leclerc
69850001,Total
69870001,Total Contact
69870002,Intermarché
69882001,E.Leclerc
69930001,Elan
69960006,Total Contact
69970001,E. Leclerc
70000001,Carrefour
70000002,TotalEnergies
70000004,Super U
70000005,TotalEnergies
70000007,Intermarché
70000008,Intermarché
70000009,E.Leclerc
70000010,E.Leclerc
70000011,Bocquillion
7000002,Intermarché
7000003,Station Service
70004001,TotalEnergies
70100002,Carrefour
70100003,TotalEnergies
70100006,GME
70100007,Avia
70100008,Intermarché
70110001,Intermarché
70110002,Intermarché
70120002,Avia
70120003,Total
70130001,Avia
70140004,Pesmes Énergie
70160001,Carrefour
70170003,Netto
70180001,Intermarché
70180003,DATS 24
70190005,Intermarché
70200001,Match
70200004,E.Leclerc
70200006,Total
70200008,E.Leclerc
70220003,DATS 24
70230001,Avia
70250005,Carrefour
70270001,Avia
70270002,Intermarché
70300001,Auchan
70300004,Station Maison du Pneu Mariotte
70300007,E. Leclerc
70300008,GME
70300009,Total Contact
70300011,Eni
70300012,Intermarché
70320004,Intermarché
70400001,Total
70400003,E.Leclerc
70400004,Super U
70500001,Carrefour
70500002,Intermarché
70500004,Intermarché
70600003,Carrefour Contact
70700003,Garage Bobillier
70700004,Intermarché
70800002,Total
71000001,Auchan
71000009,E. Leclerc
71000010,E. Leclerc
7100002,Système U
71000020,Intermarché
71000021,TotalEnergies
71000022,Total Access
71000023,BP
71000024,TotalEnergies
71000026,TotalEnergies
7100006,Total
7100007,Intermarché
7100008,Brossier Énergies
71100002,Carrefour
71100003,Carrefour
71100008,Esso Express
71100011,Intermarché
71100019,AS 24
71100022,E.Leclerc
71100026,Total Access
71100027,TotalEnergies
71100030,Eni
71100031,Intermarché
7110004,Carrefour
7110006,Independent
71110001,Super U
71110003,Avia
71118001,Intermarché
71120001,Avia
71120002,Intermarché
71130002,Auchan
71130004,Intermarché
71140001,bi1
71140002,Eni
71140003,Intermarché
71150002,Intermarché
71150004,Eni
71160001,Total
71160002,E. Leclerc
71160003,Intermarché
71170001,Carrefour Market
71170003,Intermarché
71190003,Carrefour
71200004,Intermarché
7120001,Station U
71200011,Carrefour
71200013,Eni
7120004,Elan
7120005,Total
71210009,TotalEnergies
71210010,Avia
71210011,Avia
71220002,Station U
71230002,Intermarché
71230003,TotalEnergies
71240004,Auchan
71240008,Fulli
71240009,BP
71250001,Bi1
71250004,Avia
71250006,Total
71250007,Total
71250008,Carrefour Market
71260004,Total
71260005,Esso
71260006,TotalEnergies
71260007,Intermarché
71260009,Shell
71270004,bi1
71270005,Intermarché
71270008,Système U
71290002,Intermarché
71290003,Netto
71300009,Intermarché
71300013,Intermarché
71300015,Total
7130005,Total
7130006,Avia
71304001,E.Leclerc
71320001,bi1
71330001,Super U
71350001,Avia
71350002,Intermarché
71360002,DATS 24
71370001,Avia
71370003,Intermarché
71370007,Carrefour Contact
71380002,Netto
71390001,Avia
71400005,Intermarché
71400011,E.Leclerc
71400012,Total Access
71400013,Total Access
71400016,Avia
7140002,Station U
71410001,Agip
71420002,Avia
71420003,Système U
71450001,Avia
71450002,Avia
71460001,Avia
71460004,TotalEnergies
71470004,Carrefour
71480001,Système U
71480005,Avia
71480006,TotalEnergies
71480007,Avia
71490007,Carrefour
71500001,Avia
71500003,TotalEnergies
71500004,E.Leclerc
71500007,Avia
71500008,Carrefour Market
7150001,TotalEnergies
7150003,Intermarché
71510001,Avia
71520001,Les combustibles
71540001,Carrefour
71570003,Avia
71570004,Intermarché
71580002,Avia
71590001,Super U
71600001,Total
71600003,E.Leclerc
71600004,Avia
71600005,Total
71600008,E.Leclerc
71600009,Intermarché
7160001,Système U
71600012,Netto
71600013,Shell
7160003,Intermarché
71620002,Total
71640002,Avia
71640004,Intermarché
71670001,E.Leclerc
71680001,Carrefour
71680002,Esso
71700001,Carrefour
71700002,Auchan
71700006,TotalEnergies
71700009,Eni
7170001,TotalEnergies
71700010,Total
7170002,Agip
7170003,Intermarché
71710002,TotalEnergies
71710004,Avia
71760001,Avia
71800001,Avia
71800002,Intermarché
71800003,Independent
71850001,Carrefour Market
71850002,TotalEnergies
71850004,Avia Xpress
71880002,Carrefour
7190001,Carrefour Contact
7190002,TotalEnergies
71960001,Système U
72000001,Carrefour
72000002,Carrefour
72000003,Système U
72000010,Total
72000012,Carrefour
72000015,Intermarché
72000019,Total Access
72000020,Total Access
72000021,Total Access
72000022,Avia
7200003,Avia
7200006,E.Leclerc
7200007,Intermarché
7200008,Total Access
7200010,Carrefour Market
7200011,Seb Auto Service
7200014,Relais Tabac Presse
7200015,Intermarché
7200016,TotalEnergies
72016001,E. Leclerc
72100002,Carrefour
72100004,Total
7210001,Avia
72100012,Total Access
72100013,Total Access
72100014,Total Access
72110001,Super U
72110002,Intermarché
72110004,Esso
72120003,Total
72120004,Elan
72130001,Système U
72130006,Total
72130009,Carrefour
72140001,Super U
72150002,Intermarché
72170001,Station U
72170004,Total
72190003,Total Access
72190004,TotalEnergies
72190005,Système U
72200001,Carrefour
72200003,Total Contact
72200004,E.Leclerc
7220003,Carrefour
72210001,Système U
72220001,Super U
72220002,Total
72230002,Carrefour Market
72230005,Esso
72230006,Esso
72230007,Super U
72240001,Super U
72250001,Super U
72260001,Système U
72290003,Carrefour
72300003,Carrefour
72300004,Shell
72300005,Shell
72300006,Super U
72300007,E.Leclerc
72300009,Total Access
7230001,Netto
72300010,Station Communale
72301001,TotalEnergies
72310001,Super U
72310002,TotalEnergies
72320005,Carrefour Contact
72330001,Carrefour Market
72340001,Super U
72350001,Total Contact
72360001,Spar
72360002,Carrefour
72380001,Station U
72400001,Carrefour Market
72400002,Total Access
72400005,Avia
72400006,E. Leclerc
72400017,Eni
72400018,Eni
7240002,Intermarché
72430002,Carrefour
72440001,Super U
72440002,Total Contact
72450001,Station U
72460002,Carrefour Market
72460005,Proxi
72470004,Total Access
72470005,Intermarché
72500001,E.Leclerc
72500005,TotalEnergies
72500006,Avia
7250001,TotalEnergies
7250004,Avia
72540002,Système U
72540003,Carrefour
72550002,Total
72560001,Independent
72600001,Station U
72600002,Intermarché
7260001,Carrefour Market
7260002,Intermarché
72610001,E.Leclerc
72650001,Auchan
72650002,Total Contact
72650004,Système U
72700002,E. Leclerc
72700007,E.Leclerc
7270001,Système U
72800003,TotalEnergies
7290000,3C
73000001,Carrefour
73000002,Carrefour
73000007,Esso Express
73000009,Avia Xpress
7300001,Carrefour Market
73000012,Total Access
73000013,TotalEnergies
73000014,TotalEnergies
73000017,Super U
7300003,Intermarché
7300005,E.Leclerc
7300006,Total
7300008,Avia
73024001,Independent
73100001,Carrefour
73100005,Esso Express
73100008,Intermarché
73100012,Total Access
73110002,Carrefour
73110003,Super U
73120001,Elan
73120003,Avia
73130002,Intermarché
73130004,Total
73140001,Carrefour
73140003,Total
73140008,Eni
73150003,Avia
73160002,Super U
73160003,E. Leclerc
73170001,Carrefour Market
73182003,Eni
73190002,Esso
73200001,Carrefour
73200002,Carrefour
73200003,Carrefour
73200005,Intermarché
73200006,Total
73200008,Intermarché
7320004,Carrefour
73202001,Total
73220002,Carrefour
73230001,Avia
73240001,Netto
73250001,Intermarché
73260001,Super U
73270001,Intermarché
73290001,Super U
73290008,Eni
73300001,Carrefour
73300002,Eni
73300004,Intermarché
73300005,Total
7330001,Total
73310002,Système U
73320002,Avia
73330001,Super U
73330002,Intermarché
73340002,Les Aillons
73340003,Cattin Frères
73370001,Garage Miniggio
73390007,Eni
73390008,Eni
73400001,Elan
73400003,Carrefour
73400005,Avia
7340001,Total
7340002,E.Leclerc
73410001,Intermarché
73420001,E.Leclerc
73420002,Intermarché
73420004,E.Leclerc
73420005,Total
73450001,Elan
73460002,E.Leclerc
73460003,Netto
73470001,Avia
73480001,Avia
73490002,Super U
73490003,Total Access
73500005,Intermarché
73500006,Shell
73500007,Casino
73540002,Système U
73600002,Super U
73600006,TotalEnergies
73600007,Eni
73600010,Casino
73610002,Avia
73630004,Carrefour
73660001,TotalEnergies
73700001,Système U
73700005,Intermarché
73730008,Agip
73800001,Esso
73800002,Système U
73800003,Total
73800005,Intermarché
73800006,Total
7380001,Elan
7380002,Intermarché
73870003,Dyneff
74000002,Carrefour
74000004,Esso Express
74000007,Intermarché
74000014,Total Access
7400002,Intermarché
74000020,Eni
74000021,Eni
7400003,TotalEnergies
7400005,Netto
7400006,Intermarché
74100005,Esso
74100007,E.Leclerc
74100008,Intermarché
74100009,Elan
74100010,Total
74100011,TotalEnergies
74100013,Carrefour
74100014,Intermarché
7410002,Station-service de Saint-Félicien
74120004,Intermarché
74120006,TotalEnergies
74120011,Auchan
74130001,Carrefour Market
74130004,Shell
74130006,Intermarché
74130016,TotalEnergies
74130017,Elan
74130018,Les Clus
74140003,Super U
74140004,E.Leclerc
74140005,Intermarché
74140006,bi1
74150002,Système U
74150003,Intermarché
74160001,Station Essence Intermarché
74170001,Elan
74180001,Intermarché
74190003,Système U
74200002,Carrefour
74200003,Carrefour
74200006,Esso Express
74200014,Intermarché
74200016,Intermarché
74200019,Carburauto
74200020,Eni
74200021,Carrefour
74210001,Carrefour Market
74210002,Avia
74210003,Intermarché
74220002,TotalEnergies
74230004,Intermarché
74230006,Avia
74230007,Carrefour
74240001,Intermarché
74250001,Total
74250003,Avia
74260002,TotalEnergies
74270001,Carrefour Contact
74270005,Avia
74270006,Netto
74270007,Avia
74290002,Elan
74300001,Carrefour
74300003,Esso
74300004,Intermarché
74300009,Système U;Super U
7430002,Carrefour Market
7430005,Intermarché
7430006,Avia
74302001,TotalEnergies
74310002,Super U
74310003,Total
74320001,Carrefour Market
74320006,Avia
74330001,Auchan
74330002,Total
74330003,Avia
74330004,E.Leclerc
74340001,Carrefour Market
74350003,Esso
74350005,Système U
74350006,Avia
74360002,Intermarché
74360004,Avia
74370001,TotalEnergies
74370003,Carrefour
74380001,Super U
74400001,Carrefour
74420001,Avia
74430001,Carrefour Market
74440001,Super U
74440002,Avia
74440004,TotalEnergies
74450001,Total
74500002,Carrefour
74500003,U
74500005,Intermarché
74500009,Eni
74500011,Avia
74500012,Carrefour
74520004,Intermarché
74520009,Total
74520010,Carrefour Market
74520011,TotalEnergies
74520012,Avia
74540001,TotalEnergies
74540002,TotalEnergies
74550001,Elan
74570004,Carrefour
74570011,Avia
74570012,Avia
74600013,Total
74600015,TotalEnergies
74600016,Avia
74600017,Auchan
74700001,Carrefour
74700003,Intermarché
74700005,Total Access
74700006,Avia
7470001,Garage Jouffre Elan
74800001,TotalEnergies
74800002,Esso Express
74800004,Intermarché
74800005,Carrefour
74920001,Total
74930003,Intermarché
74950002,Carrefour Market
74960001,Carrefour
74960003,Esso
74960005,E.Leclerc
74960013,Eni
74970001,Système U
7500001,Auchan
7500002,Intermarché
75001003,OIL!
75007003,Avia
75007004,Total
75008006,Avia
75008009,TotalEnergies
75008010,Total
75010002,Avia
75010003,Esso Express
75012005,TotalEnergies
75012010,Esso Express
75012020,Total
75012021,TotalEnergies
75012023,Avia
75013022,Total
75013023,TotalEnergies
75013024,Total
75013025,Total Access
75013026,Esso
75013028,BP
75014012,Total
75015003,Esso
75015011,Esso Express
75015025,Total
75015026,Total Access
75015030,BP
75015034,Shell
75015036,Avia
75016001,Carrefour
75016006,Shell
75016011,Elan
75016017,Total
75016022,Esso
75016023,Esso
75016026,Eni
75016029,TotalEnergies
75017017,Total Access
75018013,Total
75018014,Total
75019013,Total Access
75019014,TotalEnergies
75019015,Total
75019016,TotalEnergies
75020008,Total
75020010,Total
7580002,Avia
76000006,Avia
76000009,Intermarché
76000013,Total
76000014,Total
76000015,Avia
76100005,Total
76110001,Carrefour
76116003,Total
76120002,Super U
76120008,Total
76120011,BP
76130001,Esso Express
76131001,Carrefour
76133001,Carrefour Market
76140001,Carrefour Market
76150002,Esso
76150003,Système U
76150004,Total
76160002,Esso Express
76160003,Super U
76170005,Intermarché
76176001,E.Leclerc
76190001,Total
76190003,Intermarché
76190005,Relais du Roy d'Yvetot
76191001,E.Leclerc
76200002,Esso Express
76200003,Marchand
76200004,Total Access
76210001,Carrefour
76210004,Intermarché
76210005,Netto
76210006,Esso
76210009,Avia
76220004,Super U
76220005,Intermarché
76220008,JBeauval
76220009,Total
76220010,Intermarché
76230001,Carrefour
76230002,Carrefour
76230007,Intermarché
76240001,Super U
76240002,Carrefour Market
76240006,Total Access
76250001,Carrefour
76250004,Avia
76260003,E. Leclerc
76260004,Esso
76260005,Total Contact
76270001,E.Leclerc
76270003,Système U
76280002,Carrefour
76280003,Intermarché
76280004,TotalEnergies
76290001,Auchan
76290003,Intermarché
76300004,Carrefour Market
76300005,Intermarché
76300007,Avia
76300009,Total Access
76320002,E. Leclerc
76330002,Carrefour
76330003,Esso
76340001,Elan
76340003,Intermarché
76350001,Super U
76360001,Carrefour
76360004,TotalEnergies
76370001,Carrefour
76370002,Total
76370004,E.Leclerc
76370006,Intermarché
76371001,Auchan
76380002,E.Leclerc
76380003,Intermarché
76380006,Auchan
76400001,Carrefour
76400008,Intermarché
76400009,E.Leclerc
76400010,TotalEnergies
76410001,Carrefour
76410002,Carrefour
76410003,Total
76420004,Carrefour
76420006,Total Access
76420007,Super U
76430004,Carrefour Market
76430005,Super U
76430006,Total
76440003,Système U
76440008,Carrefour
76450001,Carrefour
76450003,TotalEnergies
76460002,E.Leclerc
76460003,TotalEnergies
76480001,Total
76480002,Intermarché
76490002,Carrefour
76500004,Total Access
76500005,Carrefour Market
76510001,Intermarché
76520001,Super U
76520002,Intermarché
76530002,Esso Express
76530003,Intermarché
76530004,Total Access
76540002,Carrefour
76550001,Carrefour Market
76560001,Carrefour
76570001,Carrefour Market
76580001,Esso Express
76580002,Carrefour
76590001,Relais de Belmesnil
76590002,Intermarché
76590003,Système U
76600001,Carrefour Market
76600010,Esso Express
76600012,TotalEnergies
76600021,Total
76600022,Total Access
76600023,TotalEnergies
76600024,TotalEnergies
76600025,TotalEnergies
76610002,Esso Express
76610004,TotalEnergies
76610006,Super U
76620001,Auchan
76620002,Carrefour
76620003,Esso Express
76630001,Carrefour
76640002,Super U
76640004,Carrefour
76680001,Carrefour
76680004,Total Access
76680005,TotalEnergies
76700001,Aviva
76700004,Elan
76700005,E.Leclerc
76700006,TotalEnergies
76700007,TotalEnergies
76710001,Intermarché
76720002,Vallée
76720004,Carrefour Contact
76730001,Carrefour
76740002,Intermarché
76750001,Carrefour
76760002,Système U
76760003,Super U
76770002,E.Leclerc
76770003,Total Access
76800002,Esso
76800003,Intermarché
76800009,Total Access
76803001,E.Leclerc
76810002,Auchan
76850001,Carrefour
76890001,Intermarché
76910001,Intermarché
76910002,TotalEnergies
76940001,Carrefour Market
76950001,Total Contact
76950002,Carrefour
76950003,Esso
77000003,Carrefour Market
77000005,BP
77000011,Total
77000013,Total Access
77000014,Intermarché
7700003,Intermarché
7700004,Intermarché
77090001,Carrefour
77100008,Esso Express
77100009,E.Leclerc
77100010,Total
77100015,Carrefour Market
77100016,E.Leclerc
77100021,Total Access
77100022,Total Access
77100023,Total Access
77100025,Auchan
77116001,E.Leclerc
77120003,E.Leclerc
77120004,Carrefour
77120006,Total Access
77120007,Total Access
77124001,Carrefour
77124002,Auchan
77127001,Carrefour
77130003,Total
77130005,E.Leclerc
77130006,Carrefour
77130008,E.Leclerc
77130012,Fulli
77130013,Fulli
77140003,Carrefour
77140006,Intermarché
77140010,Shell
77140011,Total
77140012,Shell
77141001,Total
77141003,AviaXpress
77144001,Intermarché
77144002,Total
77150002,Carrefour
77150004,Total
77150006,Carrefour
77160002,E.Leclerc
77160003,Intermarché
77160005,Eni
77164002,Intermarché
77165002,Carrefour Market
77165006,Total
77170004,Total
77170005,Carrefour Market
77170006,La Station U
77170013,Total
77171003,TotalEnergies
77176001,Esso
77181002,TotalEnergies
77183001,Intermarché
77184004,Intermarché
77186001,TotalEnergies
77186003,TotalEnergies
77190004,E.Leclerc
77190005,Total Access
77190006,Total Access
77195001,Carrefour
77200001,Total
77210001,Esso
77210002,Carrefour
77220004,Intermarché
77220005,Carrefour
77229001,E.Leclerc
77230001,Total
77230004,Intermarché
77230006,TotalEnergies
77230009,Carrefour
77240002,Auchan
77240003,TotalEnergies
77250002,Intermarché
77250004,Carrefour
77250006,Total Access
77250007,Total Access
77260004,E.Leclerc
77260005,Intermarché
77260009,Total
77260012,Eni
77260013,Eni
77270001,E.Leclerc
77280001,Intermarché
77290002,Intermarché
77290003,Shell
77300001,TotalEnergies
77300005,BP
77310009,Total Access
77320002,Intermarché
77320003,Super U
77330002,Total
77330003,E. Leclerc
77330004,Total
77340003,E.Leclerc
77340005,TotalEnergies
77340006,TotalEnergies
77340007,TotalEnergies
77340009,Costco
77346001,Carrefour
77350004,Intermarché
77350005,Total Access
77360001,Carrefour Market
77370001,Carrefour Market
77370003,Intermarché
77370005,Total
77380001,Intermarché
77390003,Carrefour Market
77390005,Total Access
77400007,Intermarché
77400008,Intermarché
77400011,TotalEnergies
77400012,Esso
77400015,Esso
77410001,Total
77410008,BP
77410009,Total
77430001,Carrefour
77440001,Intermarché
77440002,Carrefour
77450005,Total
77450007,Esso
77460001,Total
77460005,Auchan
77470001,Carrefour Market
77480001,Avia
77480002,Carrefour
77500001,Auchan
77500004,Intermarché
77500008,Esso
77508001,Carrefour
77508002,Carrefour
77510001,Carrefour
77515001,Intermarché
77520002,Intermarché
77540002,Carrefour
77550004,Total
77550005,Total
77570001,Carrefour
77580001,Esso
77580002,Intermarché
77590001,Carrefour Market
77600003,TotalEnergies
77600004,Total
77610002,Intermarché
77610003,E.Leclerc
77620001,G 20
77680001,Esso Express
77680003,Super U
77680004,Intermarché
77690001,Peugeot Turpin
77700001,Auchan
77700002,Carrefour
77700003,Esso
77700004,Carrefour
77700006,Super U
77710001,Intermarché
77740002,Total
77760001,bi1
77760002,Total Contact
77760003,E. Leclerc
77780003,Total Access
77810001,Auchan
77820003,E.Leclerc
77860001,Super U
77860002,Station de Quincy
77870002,Auchan
77880001,Total
77910001,Total
77950001,Carrefour
78000005,Esso Express
78000008,TotalEnergies
7800001,TotalEnergies
78000016,Esso
78000019,TotalEnergies
78000020,Total Access
78000021,Esso
7800003,Intermarché
7800007,Netto
7800008,Carrefour
78100002,Total
78110002,Esso
78114001,Intermarché
78120003,Carrefour
78120005,E.Leclerc
78120012,TotalEnergies
78120013,TotalEnergies
78121001,TotalEnergies
78124001,Intermarché
78130011,TotalEnergies
78140001,Auchan
78140008,TotalEnergies
78140009,Shell
78140010,Esso
78150005,Système U
78150007,Station Super Discount
78150012,TotalEnergies
78150013,Total Access
78150014,Esso Express
78160002,TotalEnergies
78170002,Esso
78170006,BP
78175001,TotalEnergies
78180002,Total
78180010,Total Access
78180011,Esso Express
78190010,TotalEnergies
78190011,Auchan
78190012,Esso
78200001,Auchan
78200003,Total Energies
78200008,Intermarché
78200012,Total Access
78210006,TotalEnergies
78230002,Esso Express
78230006,TotalEnergies
78241001,Carrefour
78250003,Auchan
78250005,Intermarché
78260001,E.Leclerc
78270002,Total
78280003,Total
78280004,Total Access
78290003,Total
78300003,E.Leclerc
78300011,Total
78310001,Auchan
78310006,Total
78310007,TotalEnergies
78318001,Auchan
78320001,Total Access
78330003,Super U
78340005,Total
78350002,TotalEnergies
78360001,Carrefour
78360002,Carrefour Market
78360004,Total Access
78370001,Auchan
78370002,Auchan
78380004,TotalEnergies
78380005,BP
78390003,E.Leclerc
78390005,TotalEnergies
78390006,TotalEnergies
78400004,Total
78410002,Carrefour
78410004,Total
78420004,BP
78430005,Total
78440001,Carrefour
78450001,Carrefour
78470001,Carrefour
78480001,Auchan
78480004,TotalEnergies
78490002,TotalEnergies
78500001,Carrefour
78520002,Carrefour
78520004,Total
78530001,Intermarché
78540001,Carrefour Market
78550004,Avia
78550005,Shell
78550006,Intermarché
78550007,Carrefour Market
78550009,TotalEnergies
78560004,Total Access
78570001,TotalEnergies
78570005,Intermarché
78580001,Station-service ACR
78590003,Système U
78600002,BP
78600004,Total Access
78610002,Auchan
78630004,TotalEnergies
78630009,TotalEnergies
78630010,Total Access
78630011,TotalEnergies
78650002,Total
78660003,Système U
78660004,Total
78680002,TotalEnergies
78680004,Total Access
78690002,U
78690003,Total Access
78700001,Auchan
78700002,Carrefour Market
78700003,Total
78700010,Esso
78700011,Esso
78702001,E. Leclerc
78710004,BP
78710005,Esso Express
78730001,Auchan
78760004,Total Access
78770001,G20
78790001,Carrefour Contact
78800001,Auchan
78800004,Esso Express
78800006,TotalEnergies
78820001,Système U
78840003,Intermarché
78840004,Carrefour
78885001,Carrefour
78890005,Netto
78910001,Auchan
78920004,Esso
78940001,Auchan
78955001,E.Leclerc
78960001,Carrefour
78960004,BP
78970001,Carrefour Market
78980001,Intermarché
78980002,Total
78990010,TotalEnergies
79000001,Carrefour
79000002,Carrefour
79000005,TotalEnergies
79000008,Intermarché
79000012,Esso Express
79000013,Total Access
79000014,E.Leclerc
79025002,E.Leclerc
79100001,Système U
79100003,E.Leclerc
79100006,Total
79100009,Eirana
79100011,TotalEnergies
79100012,Avia
79110001,Système U
79110002,Avia
79110003,Intermarché
79120002,Intermarché
79130001,Système U
79140001,Système U
79150002,Carrefour
79160001,Système U
79160002,E.Leclerc
79160003,E.Leclerc
79170001,Intermarché
79180002,Total Access
79180006,Carrefour Contact
79200001,La Station U
79200003,E.Leclerc
79200009,Esso
79200011,Avia
79208001,E.Leclerc
79210001,Intermarché
79220001,U
79230003,TotalEnergies
79230004,Shell
79230005,Total
79240003,Carrefour
79250002,Intermarché
79260004,Carrefour
79300001,Carrefour
79300005,E.Leclerc
79300006,E.Leclerc
79300007,TotalEnergies
79310001,Total
79320001,Système U
79330001,Intermarché
79340002,Avia
79360001,Intermarché
79370001,Intermarché
79390008,Carrefour
79400003,E. Leclerc
79400004,Intermarché
79410001,Système U
79430001,Total
79460001,Super U
79500002,Système U
79500003,Avia
79500004,TotalEnergies
79500005,Intermarché
79510002,Total
79600003,Intermarché
79600004,Avia
79700001,Super U
79800008,Dyneff
79800011,TotalEnergies
79800013,Carrefour Contact
80000007,Esso Express
80000008,Esso
80000009,Esso Express
8000001,Carrefour
80000013,Total Access
80000014,Netto
80000019,Super U
8000002,Match
8000005,Esso Express
8000007,Intermarché
8000008,Intermarché
8000010,Total
8000011,Système U
80044001,Auchan
80046003,BP
80090003,BP
80100001,Carrefour
80100002,Super U
80100003,Carrefour Contact
80100007,Esso
80100009,Intermarché
80100010,Total Access
80100011,Total
80100012,Multi Energies Somme
80110001,Total
80110002,Carrefour
80120001,Carrefour
80120003,Carrefour
80120004,Auchan
80130003,Intermarché
80135001,Intermarché
80136001,E.Leclerc
80140003,Intermarché
80140004,Total Access
80140005,BP
80140006,BP
80150003,Carrefour Contact
80150004,TotalEnergies
80160003,Carrefour
80160004,Elan
80170001,Intermarché
80190001,Total
80190002,Auchan
80190003,Intermarché
80200003,Total
80200005,Esso
80200007,Intermarché
80200011,E.Leclerc Carburant
80200012,Carrefour
80210001,Carrefour
80210002,TotalEnergies
80220001,Total
80220003,Intermarché
80230002,Intermarché
80230003,Carrefour
80230006,TotalEnergies
80240001,Carrefour
80250001,Intermarché
80260001,Carrefour
80260003,Netto
80260004,Total Access
80270001,Carrefour
80270003,TotalEnergies
80290001,Carrefour
80290006,Intermarché
80290007,Total
80290008,BP
80290009,Total
80300001,Système U
80300004,Carrefour
80300005,Intermarché
80300006,Total
80320004,Carrefour
80330004,Total
80340003,Vanderstraeten
80340004,Carrefour
80350001,Auchan
80370002,Coccinelle
80380001,Total
80400004,E.Leclerc
80400005,Carrefour
80410005,Carrefour Contact
80420003,Super U
80420004,Intermarché
80430002,Carrefour
80440003,Intermarché
80450001,Intermarché
80460003,Carrefour Contact
80470001,BP
80480001,Esso Express
80480002,E.Leclerc
80480003,Intermarché
80480004,Total
80500003,E.Leclerc
80500004,Total
80510004,Carrefour
80550001,Carrefour Contact
80560001,Intermarché
80570001,Carrefour Contact
80580001,E.Leclerc
80590002,Intermarché
80600002,Match
80600003,Total
80600005,Intermarché
80600006,E.Leclerc
80690001,Elan
80700004,Intermarché
80700009,Total Access
80700010,BP
80730001,Total
80800002,Simply
80800004,Auchan
80800006,Intermarché
80800007,Avia
80850001,Intermarché
8090001,Esso Express
80970003,Shell
81000001,Carrefour
81000002,Total
81000003,Total
81000004,Total
81000005,Esso Express
81000009,E.Leclerc
81000010,Carrefour Contact
81000011,Fina
81100003,OMI
81100004,Esso Express
81100005,Système U
81100006,Netto
81100007,Intermarché
81100008,E.Leclerc
81100010,E.Leclerc
8110002,Intermarché
8110005,Carrefour
81115001,Auchan
81120001,Total
81120002,Intermarché
81130001,Intermarché
81150003,TotalEnergies
81160001,Carrefour Market
81170001,TotalEnergies
81190002,La Croix de Mille
81200001,TotalEnergies
81200002,Auchan
81200003,Intermarché
81200004,Esso
8120001,Intermarché
81220002,Total
81230005,Carrefour Contact
81240001,OMI
81250004,Carrefour Contact
81250006,TotalEnergies
81260001,Independent
81290001,Dyneff
81290002,Intermarché
81300001,E. Leclerc
81300003,Total
81300005,Intermarché
81300006,Intermarché
8130003,Carrefour
8130004,Total
81310001,TotalEnergies
81310003,Intermarché
81320001,Servifioul
81320002,Mousquetaire
81350001,Candeo Sarl
81370001,Carrefour
81370002,Total Contact
81370003,Esso
81370004,Total
81380001,E.Leclerc
81400001,U
81400002,Total
81400004,Intermarché
8140003,Casino
81430001,Elan
81500003,Intermarché
81500004,Station U
81500007,Eni
8150001,Carrefour
8150002,Carrefour
8150003,TotalEnergies
81540001,U Express
81580001,Super U
81600001,E.Leclerc
81600003,Intermarché
81600004,E.Leclerc
81600006,Station 8
81660001,E. Leclerc
81700003,Intermarché
81700006,Carrefour
8170001,Carrefour
8170005,TotalEnergies
81710002,Total Access
81800003,Elan
81800004,Intermarché
81800006,Intermarché
8190001,Total
8190003,Carrefour
81990001,E.Leclerc
81990002,Intermarché
81990003,Carrefour
82000006,E.Leclerc
82000007,Elan
82000010,E.Leclerc
82000011,Intermarché
82000015,TotalEnergies
82000016,Total
82000018,TotalEnergies
82000019,Carrefour
8200004,Esso Express
8200005,E.Leclerc
8200007,Intermarché
8200010,Total
82017001,Auchan
82100003,TotalEnergies
82100004,E.Leclerc
82100006,Intermarché
82100007,Total
8210001,Esso
82110001,Intermarché
82110002,Aire C
82120001,Aire C
82130002,Independent
82130003,Carrefour Contact
82140003,Carrefour Contact
82150001,Intermarché
82160001,TotalEnergies
82160002,Le Relais du Causse
82170001,Carrefour
82170002,KAI carburant
82200001,Total
82200008,Intermarché
82200009,Intermarché
82200010,Avia
82210003,Carrefour
82210005,TotalEnergies
82210006,Avia
82220001,Intermarché
82240001,Dyneff
82270002,TotalEnergies
82290001,Intermarché
82290002,Carrefour
82300004,Super U
82300005,Intermarché
82300006,Carrefour Market
8230001,Carrefour Market
82350001,Independent
82370001,Super U
82370003,Puretech
82370004,Avia
82370005,Ma station (Ex-Netto)
82400005,Val Fleuri
82400006,Aire C
82400009,Louda
8240001,TotalEnergies
82410003,Carrefour
82440003,TotalEnergies
82500002,Intermarché
82500003,Casino
82500004,Total
82600001,U
82600002,TotalEnergies
82600003,Intermarché
82600004,Aire C
8260002,Intermarché
82700001,Total
82700002,Intermarché
82700003,Aire-C
82700004,Carrefour
8270002,Total Access
82710003,Esso
82800001,Super U
82800002,Intermarché
83000006,Intermarché
8300001,Carrefour
83000010,Total Access
83000011,station d'avitaillement
83000012,Total
8300006,Intermarché
8300007,Intermarché
8300008,TotalEnergies
83100005,Eni
83100006,TotalEnergies
83110002,Total Access
83120001,Carrefour
83120002,Carrefour Market
83120006,TotalEnergies
83130003,K9
83130004,Intermarché
83130005,Netto
83130007,Carrefour
83130008,Eni
83136005,Total
83136007,TotalEnergies
83136009,Système U
83136012,Total
83140001,Carrefour
83140006,Intermarché
83140007,Total
83140008,Total Access
83140009,Intermarché
83150001,Carrefour
83150002,Super U
83150003,Port de Bandol
83160001,Carrefour
83160003,Total Access
83160004,Esso
83160008,Auchan
83170002,Avia
83170003,Esso
83170007,E. Leclerc
83170009,Dyneff
83170010,Intermarché
83170011,Eni
83170012,TotalEnergies
83170014,Auchan
83190001,Carrefour
83190004,Avia
83190005,Intermarché
83190006,Total
83200002,Eni
83200004,Esso
83200006,Auchan
8320002,Intermarché
8320003,Fioul Service
83210001,K9
83210003,Intermarché
83210004,Independent
83210006,K9
83210011,E.Leclerc
83220002,Esso
83230006,Total Access
83230007,Intermarché
83240001,Carrefour
83240007,Avia
83250007,Intermarché
83250011,BP
83260001,Carrefour
83260003,Avia
83260005,BP
83260007,La Crau
83270001,TotalEnergies
83270003,Intermarché
83300001,Total
83300003,Carrefour
83300004,Avia
83300006,Intermarché
83300008,Albro
8330002,Carrefour
83310006,Bergon SAA
83310007,E.Leclerc
83310011,TotalEnergies
83320002,ravitaillement carburant du port
83330001,Augier
83330006,Auchan
83330007,Avia
83340002,E.Leclerc
83340005,Intermarché
83340008,Super U
83340010,TotalEnergies Access
83340011,TotalEnergies Access
83350001,Total
83380002,TotalEnergies
83390001,Total
83390002,Casino
83390003,Intermarché
83390005,Super U
83400003,Eni
83400004,Esso Express
83400006,E.Leclerc
83400011,E.Leclerc
83400012,Intermarché
83400013,Total
83400015,Auchan
83400017,Intermarché
83420005,Total Access
83440002,TotalEnergies
83440003,Total
83440004,E.Leclerc
83440005,Intermarché
83440006,Agip
83460002,Station U
83460004,Système U
83470001,Système U
83470003,Avia
83470004,Intermarché
83470006,Total Access
83480001,Carrefour
83480005,E.Leclerc
83480006,TotalEnergies
83480007,Eni
83490001,TotalEnergies
83490002,Esso
83490004,Dyneff
83490005,Intermarché
83500001,Auchan
83500004,E.Leclerc
83500005,E.Leclerc
83500007,Intermarché
83500008,Avia
83500013,Total Access
8350002,Carrefour
83510003,Intermarché
83510004,Total
83520001,Total
83520002,Intermarché
83550004,Intermarché
83550005,Avia
83550006,Esso
83560003,Garage Dervogne
83560006,BP
83560007,Carrefour Market
83560008,Intermarché
83560010,Auchan
83560012,Carrefour
83570001,Intermarché
83570002,Intermarché
83570003,Avia
83570005,Système U
83580003,Avia
83580004,Auchan
83590001,Intermarché
83600010,Avia
83600013,E.Leclerc
83600020,Total
83600021,Total Access
83600023,Carrefour Contact
83600024,BP
83600025,BP
83600026,Eni
83600027,Auchan
83600029,Intermarché
8360003,Carrefour
83600030,Auchan
83610002,Independent
83630002,Intermarché
83630003,Système U
83640001,Système U
83660002,Intermarché
83690002,Intermarché
83690003,Esso
83690005,Independent
83700004,E. Leclerc
83720001,Carrefour
83720005,TotalEnergies
83780001,Campus
83780002,Avia
83790001,Carrefour
83830002,Avia
83840001,Station Service Communale
83870001,Avia
83910002,Carrefour Contact
83980001,Carrefour
83980002,Garage Saint-Christophe
83990002,Station du Pilon
84000001,Carrefour
84000007,Avia
84000008,Esso Express
84000009,E.Leclerc
84000011,Intermarché
84000017,La Durance
84000018,TotalEnergies
8400002,Esso Express
84000020,Total Access
84000021,TotalEnergies
84000023,Carrefour
8400003,E.Leclerc
8400004,Carrefour
84013001,Auchan
84100004,Station marché
84100005,Intermarché
84100006,Total
84100009,TotalEnergies
84100011,Netto
84107001,Carrefour
84110001,TotalEnergies
84110004,Super U
84110005,Intermarché
84110006,Avia
84120001,U
84120006,Carrefour Market
84120007,Système U
84120008,Esso
84120009,Station Énergie
84130001,Auchan
84130010,TotalEnergies
84130011,Total
84130012,Système U
84130014,Auchan
84140006,TotalEnergies
84150001,Intermarché
84160001,Super U
84160003,Station Laurent
84170001,Avia
84170002,Station service SARL Bernaud
84190001,Avia
84200003,Independent
84200006,Comtat carburants
84200008,Independent
84200010,Super U
84200011,Intermarché
84200012,Esso
84210001,Intermarché
84210003,Dyneff
84220002,Relais du Ventoux
84220003,Relais de la Pioche
84230001,Super U
84240001,Total
84250001,Intermarché
84250002,Peugeot Durance Auto
84260001,Intermarché
84270002,Carrefour
84290001,Système U
84300003,TotalEnergies
84300006,Intermarché
8430001,Auto Services Pixien
84300011,TotalEnergies
84300013,Campus
84301001,Auchan
84310002,E.Leclerc
84310003,Doulmet
84310004,Esso
84320001,Carrefour Market
84330004,Système U
84330005,Carrefour
84340002,Elan
84350002,Système U
84360004,Avia
84390001,Intermarché
84400001,Auchan
84400003,E.Leclerc
84400007,TotalEnergies
84430005,Carrefour Contact
84440001,Avia
84470001,Esso
84500001,TotalEnergies
84500003,Independent
84500006,TotalEnergies
84500007,Intermarché
84507001,E. Leclerc
84510001,Système U
84550003,Carrefour
84550004,Esso
84550005,E.Leclerc
84570002,Station Communale Villes-sur-Auzon
84600002,Intermarché
84600003,Fage Energies
8460001,TotalEnergies
84601001,E.Leclerc
84660001,Panagiotis
84660002,Super U
84700002,Esso Express
84700004,Intermarché
84700005,Total Access
84700006,Avia
84700007,Carrefour
84740002,TotalEnergies
84800001,Système U
84800003,Intermarché
84800004,TotalEnergies
84810002,Carrefour
84840003,U
84850001,Intermarché
84850002,Intermarché
84976001,E.Leclerc
85000001,Système U
85000002,Carrefour
85000003,Super U
85000004,TotalEnergies
85000007,E.Leclerc
85000008,E.Leclerc
85000009,Intermarché
85000010,Esso
85000012,AS 24
8500002,Intermarché
85100002,TotalEnergies
85100003,TotalEnergies
85100004,Système U
85100005,Carrefour
85110001,Super U
85110005,TotalEnergies
85110006,E.Leclerc
85120001,Station U
85120002,Avia
85120005,Intermarché
85130005,Station U
85130006,Système U
85130007,Total
85130008,TotalEnergies
85140001,Système U
85140004,Total
85150001,Avia
85150003,Avia
85160005,Système U
85160006,Intermarché
85170001,Super U
85170003,Avia
85170005,TotalEnergies
85170006,E. Leclerc
85170009,Système U
85170010,Carrefour Contact
85170011,Système U
85180003,Intermarché
85180004,Super U
85190001,La Station U
85190002,Total
85190003,Avia
85190004,Intermarché
85200001,Système U
85200004,Total Contact
85200005,E.Leclerc
85202001,E.Leclerc
85210007,Avia
85210009,TotalEnergies
85210010,Intermarché
85220002,Système U
85230001,Super U
85230003,Intermarché
85250001,Système U
85250003,Dyneff
85260005,R.services
85260007,Dyneff
85270001,Système U
85280002,E.Leclerc
85290004,TotalEnergies
85290006,Super U
85290010,Carrefour Contact
85300001,TotalEnergies
85300002,E.Leclerc
85300004,Intermarché
85300006,Esso
85306001,Super U
85310001,Avia
85310002,Total
85320002,Intermarché
85330003,Système U
85340001,Station U
85340003,E.Leclerc
85340004,TotalEnergies
85350001,Igol
85360001,Système U
85400001,Super U
85400005,E. Leclerc
85400006,Intermarché
85400008,TotalEnergies
85403001,E.Leclerc
85430001,Système U
85440001,Système U
85440002,TotalEnergies
85440003,Système U
85460003,Système U
85470002,Super U
85480001,Total
85490001,Intermarché
85500001,Rompetrol
85500002,Système U
85500003,TotalEnergies
85500005,E.Leclerc
85510001,Intermarché
85520001,Super U
85530001,Système U
85530002,Total
85530003,Elan
85540002,Intermarché
85540003,Carrefour
85550001,Intermarché
85560004,Intermarché
85590001,Intermarché
85600001,TotalEnergies
85600002,Intermarché
85600003,Système U
85600005,Avia
85603001,E. Leclerc
85620001,Intermarché
85630001,U
85640001,Esso
85670002,Esso
85670003,Système U
85680001,Intermarché
85690001,U
85700002,Système U
85710002,U
85750002,Intermarché
85800002,TotalEnergies
85800003,E.Leclerc
85804001,Super U
86000012,Super U
86000013,Super U
86000014,Auchan
86000021,Avia
86000023,Avia
86000024,TotalEnergies
86000025,Casino
86000026,Avia
8600003,Intermarché
86036001,E.Leclerc
86100001,Auchan
86100003,Système U
86100009,E.Leclerc
86100010,Intermarché
86100013,Esso
86100015,Intermarché
86102001,Total Access
86110004,Auchan
86120001,TotalEnergies
86130002,Total
86130006,Super U
86130008,Eni
86130010,Avia
86130011,Super U
86140001,Total
86140002,Auchan
86150002,Intermarché
86160002,Intermarché
86170002,Super U
86170005,Total
86180001,E.Leclerc
86180002,Système U
86190001,Super U
86190004,Total
86200003,Système U
86200005,E.Leclerc
86200006,Total
86220001,Carrefour
86220003,Total
86300001,Super U
86300002,Esso
86310002,Intermarché
86310003,Total
86320002,Intermarché
86350001,Total
86360001,Auchan
86360003,Total Access
86360004,Total Access
86370001,Super U
86370005,Super U
86370006,Avia
86370008,Esso Express
86380001,Total
86380002,Carrefour
86390002,Gulf
86400001,Super U
86400003,Intermarché
86400004,Élan
86440001,Total
86440004,Netto
86450001,TotalEnergies
86500001,Super U
86500002,E.Leclerc
86530001,Intermarché
86550001,Carrefour
86580002,Carrefour
86600001,Intermarché
86600002,TotalEnergies
86700003,Intermarché
86700004,TotalEnergies
86700005,Carrefour
86800003,E.Leclerc
86800004,Carrefour
87000003,Système U
87000004,Système U
87000006,Intermarché
87000020,Intermarché
87000023,Esso Express
87000024,U
87000027,TotalEnergies
87000028,E.Leclerc
87000029,Total
87000030,Intermarché
8700004,Carrefour
87100001,Système U
87100006,Super U
87100007,Intermarché
87100010,Total
87100011,Total
87100012,Avia
87120003,TotalEnergies
87120005,Intermarché
87130001,Super U
87140002,Super U
87140004,Carrefour
87150002,Intermarché
87150005,Système U
87160002,Esso
87160007,Avia
87160008,Shell
87170001,Système U
87190001,Intermarché
87200001,U
87200003,E.Leclerc
87210003,Intermarché
87220001,Système U
87220002,Carrefour
87220003,TotalEnergies
87230002,Intermarché
87230003,TotalEnergies
87240001,Super U
87250001,Intermarché
87260003,Système U
87270004,Esso Express
87270005,Intermarché
87280002,Esso
87280003,E.Leclerc
87280005,Carrefour
87280008,TotalEnergies
87280009,Dyneff
87290001,Intermarché
87290002,Station-service Intercommunale
87300001,Carrefour
87300002,Total
87300003,Intermarché
87310001,24/24 Saint-Laurent-sur-Gorre
87320001,Avia
87350002,TotalEnergies
87350003,Intermarché
87350004,Netto
87380002,Intermarché
87380003,Saint Germain Distribution
87400004,Total
87400005,Intermarché
87400006,Carrefour Market
87400007,U
87410002,Super U
87430003,Système U
87430004,Avia
87440001,Casino
87500001,Système U
87500003,Total
87500004,Intermarché
87500005,Intermarché
87500007,Intermarché
87510001,La Station U
87520002,Système U
87570002,Carrefour Contact
87600001,TotalEnergies
87600003,Avia
87600004,E.Leclerc
87700001,U
87700004,Intermarché
87700005,Super U
87800002,Système U
87800004,Carrefour Contact
88000007,Intermarché
88000009,Relais des images (Total)
8800001,TotalEnergies
88000011,Eni
8800004,Carrefour
88025001,Carrefour
88100004,E.Leclerc
88100005,Intermarché
88100006,Carrefour
88100007,TotalEnergies
88100008,Eni
88110002,E.Leclerc
88120001,U
88130001,Match
88130002,E.Leclerc
88140003,E.Leclerc
88140004,Intermarché
88140006,TotalEnergies
88150001,Match
88150004,Total
88150005,Super U
88160001,Total
88160002,Total Access
88160003,Intermarché
88170005,Total
88170006,Total
88170007,Eni
88190001,E.Leclerc
88190003,Auchan
88200001,Carrefour
88200006,E.Leclerc
88200015,TotalEnergies
88200017,Intermarché
88200018,Total
88210003,DATS 24
88220004,Intermarché
88230001,Total
88230003,Carrefour
88240001,Intermarché
88250001,Total
88250002,Super U
88250003,Station U
88260001,Intermarché
88270001,Intermarché
88290001,TotalEnergies
88300001,Match
88300004,Avia
88300005,Intermarché
88300008,Total Access
88300009,Total
88307001,E.Leclerc
88310002,Dats 24
88320001,Carrefour
88340001,Intermarché
88350002,Système U
88360001,Total
88360002,Intermarché
88390003,Intermarché
88400002,Intermarché
88400005,TotalEnergies
88400006,Garage Defranoux
88410001,Carrefour
88440001,DATS 24
88450002,Total
88500001,Carrefour
88500004,Total
88500006,Avia
88500007,Intermarché
88550001,Super U
88560003,Carrefour Contact
88560004,Avia XPress
88580001,Total
88600001,Total
88600002,Independent
88600003,Intermarché
88630003,Avia
88650001,Système U
88650004,TotalEnergies
88650005,Intermarché
88700001,Match
88700003,Intermarché
88700007,TotalEnergies
88800001,TotalEnergies
88800002,Carrefour
89000002,Avia
89000004,Total
89000005,TotalEnergies
89000007,Esso Express
89000008,E. Leclerc
89000011,Carrefour
89000012,Intermarché
89000013,Auchan
89100001,Carrefour
89100002,Carrefour
89100004,Total
89100006,E.Leclerc
89100007,BP
89100009,Intermarché
89100014,Total
89100015,Total Access
89100017,Avia
89110001,Super U
89116003,TotalEnergies
89120001,bi1
89120003,Intermarché
89130001,bi1
89130002,Intermarché
89130003,Avia
89132001,Avia
89140001,Avia
89140004,Esso
89144002,Carrefour
89150002,Esso
89160001,bi1
89170001,Avia
89190006,Carrefour Contact
89190007,Shell
89190008,Shell
89200002,Avia
89200003,Avia Xpress
89200006,Esso
89200008,Avia
89200009,Intermarché
89210002,TotalEnergies
89220001,Avia
89250001,Avia
89270001,bi1
89290001,Avia
89290002,bi1
89290007,TotalEnergies
89290008,Esso
89300002,Intermarché
89300003,TotalEnergies
89330001,Intermarché
89330002,Esso
89340001,Total
89340003,Intermarché
89340004,Esso
89350001,Maxi Marché
89380001,Avia Xpress
89380006,Total Access
89400001,Avia
89400002,Esso Express
89400003,E. Leclerc
89400004,E. Leclerc
89420003,Avia
89420007,Esso
89420008,Avia
89440001,Avia
89450002,Rousseau Carburant
89470001,Carrefour
89470004,Total Access
89470005,TotalEnergies
89500002,Intermarché
89520001,Super U
89520002,Total
89520003,Avia
89560001,Total
89600001,Avia
89600003,Total
89600004,Intermarché
89630001,Rousseau carburant
89690001,Intermarché
89700001,Auchan
89700002,E.Leclerc
89800001,Intermarché
89920001,Esso
90000002,TotalEnergies
90000009,Avia
90000013,TotalEnergies
90000014,Total Access
90000015,Total Access
9000003,TotalEnergies
9000004,Intermarché
9000006,E.Leclerc
9000007,Carrefour
90008001,E.Leclerc
90100003,Intermarché
90100004,Avia
90130002,Intermarché
90150001,Total
90160001,Auchan
90160002,Avia
90200002,Intermarché
90200003,Total
90300002,Super U
90300004,Intermarché
90400001,Carrefour
90500001,U
90500002,Avia
91000001,TotalEnergies
91000004,Esso
91000007,Total Access
9100001,Intermarché
9100002,TotalEnergies
9100003,TotalEnergies
9100004,E.Leclerc
9100006,Station Service Intermarché
91080001,BP
91090001,Intermarché
9110001,Intermarché
91100014,TotalEnergies
91100015,TotalEnergies
91100016,Total Access
91100017,Esso
91100019,Esso
91100021,Euro Pétrol
9110003,Carrefour
91130003,Esso
91130006,Total Access
91130007,Total
91130008,Intermarché
91140002,TotalEnergies
91140003,Costco
91150007,Esso
91150008,E.Leclerc
91150010,Intermarché
91150012,TotalEnergies
91150013,TotalEnergies
91150014,Carrefour
91160006,BP
91160009,Total Access
91160010,Carrefour Market
91170003,E. Leclerc
91170006,Total
91170007,BP
91180001,Esso Express
91180002,Intermarché
91180007,Total Access
91190001,Carrefour
91190009,Esso Express
91190011,Total Access
91190012,BP
91200001,Carrefour
91200006,BP
91210007,Total
91210008,Total
91210009,Système U
91220001,Auchan
91220005,BP
91230001,Esso Express
91230003,E.Leclerc
91230005,BP
91240003,BP
91250001,Auchan
91250004,Total
91250010,Total Access
91250011,Esso
91260001,Auchan
91260002,Intermarché
91270002,Intermarché
91270003,BP
91280001,Intermarché
91290005,Netto
91290006,TotalEnergies
91290007,Total Access
91300006,E.Leclerc
91300007,Carrefour
91300019,TotalEnergies
91300020,Total Access
91300022,BP
91310002,Intermarché
91350002,Total
91360003,Carrefour
91360004,Total Access
91370001,Esso Express
91380004,Esso
91380007,Carrefour Market
91380009,BP
91380010,Total
91380011,BP
91380012,Intermarché
91390003,Intermarché
91400005,E.Leclerc
91400008,Total
9140003,Total
91410001,TotalEnergies
91410003,Intermarché
91410004,E.Leclerc
91420002,Elan
91420004,Carrefour Market
91430003,BP
91450001,Carrefour
91460008,Auchan
91460013,Esso
91460014,BP
91470007,TotalEnergies
91470008,Carrefour Market
91480002,Total
91490003,Intermarché
91490004,Carrefour
91490005,Total Access
91510002,Intermarché
91520001,Intermarché
91540003,Netto
91540004,Intermarché
91570003,BP
91570004,TotalEnergies
91580001,Netto
91590001,Carrefour Market
91590009,Total Access
91600005,TotalEnergies
91610001,Carrefour Market
91620001,Carrefour
91630001,Carrefour Market
91630007,Total Access
91630008,Avia
91640003,Total
91640004,TotalEnergies
91650001,Carrefour Market
91660001,Intermarché
91670001,E. Leclerc
91700003,Carrefour
91700005,Total Access
91700006,Total
91710001,Intermarché
91760001,Intermarché
91800005,Cora
91800009,BP
91800010,Monoprix
91814001,Carrefour
9190002,Intermarché
9190004,SARL Inter Club
9190005,Avia
91940007,BP
91940008,Total Access
91940009,Total Access
91942001,Carrefour
9200001,Carrefour
92000015,BP
92000018,Total Access
92000019,TotalEnergies
92000020,Total Access
92000021,Total Access
92000024,BP
9200003,Le Relais de Guzet
9210001,Carrefour
92100010,Total
92100014,Total
92100015,TotalEnergies
92100016,BP
92110010,Total Access
92110011,Total
92120002,Avia
92120004,Esso
92130005,Esso Express
92130006,TotalEnergies
92140005,Esso Express
92140009,Esso
92140014,Total
92140015,TotalEnergies
92140016,TotalEnergies
92150006,TotalEnergies
92150008,BP
92160001,Auchan
92160003,Esso Express
92160006,TotalEnergies
92170002,Total
92190003,Total
92200005,Total
92200006,Esso
9220001,Spar
92210003,Esso
92210008,BP
92210009,TotalEnergies
92220009,Esso
92220010,Esso
92230003,Carrefour
92230008,E.Leclerc
92230011,Total Access
92240001,Avia
92240010,BP
92242003,Total
92250002,Esso
92260001,Esso
92300004,E.Leclerc
92300013,ESSO
92300014,BP
92330002,Esso
92340002,TotalEnergies
92380007,ESSO
92390001,Esso
92400013,Station Quai Joffre
92400016,Total
92400017,Total
92400018,Total
92400020,Total Access
9240004,Carrefour
92410001,Esso
92420002,Super U
92500012,TotalEnergies
92500013,TotalEnergies
92500015,Esso
92500017,Avia
92600007,Esso
92600009,TotalEnergies
92700023,Esso
92700024,Esso
9270003,Carrefour
92800007,Esso
92800008,Esso
93000010,Total Access
93000011,BP
9300002,Super U
9300005,Carrefour
9300008,Carrefour
93100011,Esso
93100014,TotalEnergies
93100015,TotalEnergies
93100017,BP
93110005,Total
93110006,Avia
93120004,Total
93120005,TotalEnergies
93130006,Esso
93130007,BP
93130009,Relais Brément
93130011,BP
93140002,Esso Express
93140003,Esso
93140004,BP
93150007,Esso Express
93150008,E. Leclerc
93150011,E.Leclerc
93150012,BP
93160001,Total
93160004,Esso Express
93160005,Esso Express
93160006,Intermarché
93160008,Total
93160009,TotalEnergies
93170002,TotalEnergies
93190001,Carrefour
93190002,Carrefour
93190004,BP
93190006,BP
93190007,Netto
93200008,BP
93210003,TotalEnergies
93230005,Total
93240001,Carrefour
93240007,Total
93240008,Total Access
93240009,BP
93250009,Carrefour city
93260007,TotalEnergies
93270001,Carrefour
93270006,BP
93270008,Esso
93290003,Carrefour Market
93290005,Total
93290006,Total Access
93300001,Esso
93300003,Esso
93300008,Auchan
93300009,Total
93300010,Esso
93320002,Total
93330004,Système U
93330005,Total
93330006,Total Access
93350003,Total Access
93360002,Elan
93370001,Auchan
93380009,Total Access
93380010,Total Access
93390001,E.Leclerc
9340001,U
93400010,Total
93410002,Esso
93420001,Auchan
93420004,BP
93420007,Total
93420008,Esso
93470002,Intermarché
93500008,Total Access
9350003,Carrefour
93600006,Intermarché
93600016,Total
93600018,Esso
93600019,Esso
93600020,3V Station
93606001,Carrefour
93700003,Carrefour
93700004,Total
93800003,Esso
93800005,E.Leclerc
93800006,Total
94000004,Esso Express
94000006,Esso
94000009,Total Access
9400001,Super U
94000010,Total
94000011,TotalEnergies
94000012,Esso
9400002,Esso
94003002,TotalEnergies
94012001,Carrefour
94100005,Carrefour Market
94100006,Esso Express
94100011,BP
94110003,BP
94110004,Esso
94110005,TotalEnergies
94120005,Avia
94120010,BP
94130003,Total
94140004,Total
94150005,TotalEnergies
94150008,Esso
94150009,Esso
94160001,Avia
94170002,Esso Express
94170004,Esso
94190002,Esso Express
94190007,Total
94200008,Total
94200009,BP
94204001,Carrefour
94220003,Avia
94220004,Total
94240004,Esso
94250001,Esso Express
94270005,E.Leclerc
94290003,Intermarché
94310002,E.Leclerc
94310004,Total
94340007,Esso
94340008,BP
94350003,Esso
94370003,Esso Express
94370005,Esso
94370008,Total Access
94380002,Esso Express
94380003,E.Leclerc
94380004,TotalEnergies
94400003,Esso Express
94400004,E.Leclerc
94400005,TotalEnergies
94420001,Total
94420005,Esso
94430003,Carrefour
94430007,Total Access
94440001,Intermarché
94450004,Total Access
94460001,Carrefour
94470002,BP
94470006,Avia
94500007,E.Leclerc
94500010,Total
94500011,TotalEnergies
94500014,Esso
94510001,Total Access
94537002,TotalEnergies
94542003,Avia
94550001,Esso Express
94550002,TotalEnergies
94594002,TotalEnergies
94594003,BP
94600003,Esso Express
94600005,Intermarché
94600007,TotalEnergies
94651002,BP
94700005,Esso
94700007,Avia
94700008,Total
94800007,Total Access
94800008,Total Access
94880001,Intermarché
9500001,TotalEnergies
95000011,BP
9500002,Antaq
9500003,Système U
95100006,Esso
95100007,BP
95100011,Esso Express
95100021,Esso
95100029,Auchan
95100030,TotalEnergies
95100032,Total Access
95100033,Total Access
95100034,TotalEnergies
95100035,Total Access
95100037,TotalEnergies
95110006,TotalEnergies
95110007,TotalEnergies
95120001,Carrefour
95120002,Esso
95130001,Esso Express
95137001,E.Leclerc
95140001,Carrefour
95150001,Auchan
95150002,Carrefour
95150005,Esso
95160003,Intermarché
95170001,BP
95170002,Esso Express
95180001,Carrefour Market
95190003,Carrefour
95190005,TotalEnergies
95190006,TotalEnergies
95220003,Esso Express
95220005,U
95220006,TotalEnergies
95230006,Esso
95230008,TotalEnergies
95230010,Total
95240003,TotalEnergies
95260003,TotalEnergies
95270001,Carrefour Market
95270002,E.Leclerc
95270004,Avia
95270006,TotalEnergies
95280001,Carrefour Market
95290001,Carrefour
95290003,Total
95310003,E. Leclerc
95310010,BP
95310011,Total
95320005,Esso
95320006,TotalEnergies
95330010,TotalEnergies
95331002,Esso
95340003,E. Leclerc
95340004,BP
95350002,Carrefour
95350004,Total
95360001,Intermarché
95370001,Carrefour
95370003,Esso
95370007,TotalEnergies
95370008,TotalEnergies
95380001,Auchan
95380002,Avia
95390001,E.Leclerc
95400003,Esso
95400004,Auchan
95400008,TotalEnergies
95420002,Carrefour Market
95420003,E.Leclerc
95420005,TotalEnergies
95440001,Super U
95440002,Ecouen
95450006,TotalEnergies
95450007,TotalEnergies
95460003,TotalEnergies
95470006,Total
95470008,Shell
95470009,Esso
95472001,E.Leclerc
95480002,Esso
95480003,TotalEnergies
95500006,E. Leclerc
95500010,Total Access
95500011,Total Access
95500012,Total Access
95520001,Auchan
95520002,Total Contact
95520004,E. Leclerc
95540002,Intermarché
95540005,BP
95550002,Super U
95570003,E.Leclerc
95570007,Esso Express
95570009,BP
95600001,TotalEnergies
95600002,Esso Express
95610007,BP
95610008,BP
95640001,Carrefour
95640002,Carrefour
95650002,Total Access
95712003,Total
95712004,TotalEnergies
95740005,Total Access
95800001,Carrefour
95800003,Esso
95870009,Total Access
95870010,TotalEnergies
9600002,Labatut et Compagnie SARL
9600003,Intermarché
9700001,Intermarché
