station_id,adresse,ville,cp,latitude,longitude
10000005,210 Rue du Faubourg Croncels,Troyes,10000,4828300,407900
10000006,3 Rue de la Mission,TROYES,10000,4828900,407600
10000018,1 CHAUSSEE DU VOULDY,TROYES,10000,4829400,408300
10000019,"17, BLD GEORGES POMPIDOU",TROYES,10000,4828800,408000
10000020,"40, AVENUE CHOMEDEY DE MAISONNEU",TROYES,10000,4830440,407270
10100001,AVENUE DIDEROT,Romilly-sur-Seine,10100,4851018,371443
10100002,123 Rue Aristide Briand,Romilly-sur-Seine,10100,4850900,373200
10100003,70 Rue Aristide Briand,Romilly-sur-Seine,10100,4851200,372000
10100004,Zone Commerciale la Belle Idée Rn19,Romilly-sur-Seine,10100,4850493.0578477,376339.51732577
10110001,14 FAUX BOURG DE BOURGOGNE,Bar-sur-Seine,10110,4810600,437700
10110002,20 Avenue du Général Leclerc,Bar-sur-Seine,10110,4811577,438129
10120004,150 RUE DE TROYES,SAINT GERMAIN,10120,4826151.9408403,403420.37717194
10120006,114 ROUTE D'AUXERRE,SAINT ANDRE LES VERGERS,10120,4827292.4,405564.1
10123001,Avenue Charles de Refuge,Saint-André-les-Vergers,10120,4828177.6863104,405257.74803961
10130001,ROUTE DE DAVREY,Ervy-le-Châtel,10130,4804600,392400
10130004,321 rue des Carrés,AUXON,10130,4811000,392100
10140001,5 RUE DES TANNERIES,VENDEUVRE-SUR-BARSE,10140,4823700,446700
10150001,5 Rue Roger Salengro,Pont-Sainte-Marie,10150,4831200,409700
10150002,ZAC de Creney,PONT-SAINTE-MARIE,10150,4832800,411300
10150003,AIRE DE SERVICE - AUTOROUTE A26 SUD,Charmont-sous-Barbuise,10150,4841105.75553,414348.044661
10160001,29 Rue Joseph Anglade,AIX-EN-OTHE,10160,4821600,374100
10160002,38 RD660,VULAINES,10160,4823343.1710536,362630.70263483
10170001,ROUTE D ARCIS,MERY-SUR-SEINE,10170,4850802.13687,387881.675396
10180001,Rue du Général de Gaulle,SAINT-LYE,10180,4836700,399700
10190001,AVENUE DE LA REPUBLIQUE,ESTISSAC,10190,4827400,380400
10200002,Avenue du Général Leclerc,Bar-sur-Aube,10200,4823800,470100
10200004,Faubourg de Belfort,Bar-sur-Aube,10200,4822900,471700
10200006,18 rue Louis Desprez,Bar-sur-Aube,10200,4822636.1576053,471280.66819557
10210001,34 Route de Troyes,CHAOURCE,10210,4806600,414100
10210002,13 route de Troyes,CHAOURCE,10210,4805900,414100
10230001,RUE DE VIGNETTES,MAILLY-LE-CAMP,10230,4866800,419200
10230002,RN 7,Mailly-le-Camp,10230,4867500,419100
10250001,13 Route Départementale 671,Mussy-sur-Seine,10250,4798300,449600
10250002,3 Rue Paul Terillon,Mussy-sur-Seine,10250,4797500,449400
10260001,25 Faubourg de Champagne,FOUCHERES,10260,4815000,426200
10260003,RD185 LES GRANDES FOSSES,VAUDES,10260,4818100,418900
10270006,AUTOROUTE A5 - AIRE DE TROYES-FRESNOY-LE-CHÂTEAU,Fresnoy-le-Château,10270,4821100,424100
10270007,AUTOROUTE A5 - AIRE TROYES-LE-PLESSIS,Fresnoy-le-Château,10270,4821415.5554748,424098.06284308
10270009,9 rue de la Marrière,Lusigny-sur-Barse,10270,4826197.4565456,424944.07466826
10270010,29 Avenue Pierre Gomand,Lusigny-sur-Barse,10270,4825347,426119.9
10300002,24 Avenue du Général Leclerc,Sainte-Savine,10300,4829300,404300
10300005,82 AVENUE DU GENERAL LECLERC,Sainte-Savine,10300,4829200,403700
10310001,54 ROUTE DE DIJON,VILLE SOUS LA FERTE,10310,4812385.6,479002.8
10340001,25 Rue du Pont,Les Riceys,10340,4799651,436718
10350001,RUE SALENGRO,Marigny-le-Châtel,10350,4840600,373800
10360001,14 rue du bocage,essoyes,10360,4806063.95,453803.32
10370001,Rue Jean Moulin,VILLENAUXE-LA-GRANDE,10370,4858500,356100
10400002,AVENUE DU GENERAL DE GAULLE,NOGENT-SUR-SEINE,10400,4849240.75936,351288.606446
10400003,47 Route de Bray,Nogent-sur-Seine,10400,4848593,349118
10400007,25 RUE DU FAUBOURG DE SENS,TRAINEL,10400,4841000.8029162,343465.17846154
10410003,103 avenue du Général de Gaulle,SAINT PARRES AUX TERTRES,10410,4829795.1133716,413363.64178579
10430003,71 rue Victor Hugo,Rosières,10430,4826650.8041454,406117.27612853
10500001,RD 960,LESMONT,10500,4842800,442100
10500002,Rue du Général P.decouz,Brienne-le-Château,10500,4839900,451800
10500005,BOULEVARD NAPOLEON,Brienne-le-Château,10500,4839651.67,452825.6
10600002,4 Boulevard de l'Ouest,Sainte-Savine,10300,4830500,402700
10600005,118 Avenue du Général Sarrail,La Chapelle-Saint-Luc,10600,4830400,403200
10600009,RD 619,BARBEREY,10600,4833600,401800
10600012,ROUTE NATIONALE 19,BARBEREY ST SULPICE,10600,4833309.463,402311.1421
10700001,9 RUE DE BRIENNE,ARCIS-SUR-AUBE,10700,4853600,414500
10700002,"42, Route de Brienne (5 minutes A26 Sortie 21)",ARCIS-SUR-AUBE,10700,4853400,415600
10700003,104 rue de Paris,Arcis-sur-Aube,10700,4853500,413000
10800002,130 Avenue Michel Baroin,SAINT-JULIEN-LES-VILLAS,10800,4828100,409500
10800003,23 boulevard de Dijon,Saint-Julien-les-Villas,10800,4826800,408900
10800006,1 ROUTE DE MAISONS BLANCHES,Buchères,10800,4823700,410900
10800007,29 BOULEVARD DE DIJON,Saint-Julien-les-Villas,10800,4826800,408800
14000003,26 BOULEVARD DU MARECHAL JUIN,Caen,14000,4921000,-37400
14000009,7 RUE ROBERT KASKOREFF,Caen,14000,4918300,-40300
14000010,69 Avenue du Capitaine Georges Guynemer,Caen,14000,4916905,-34422
14000014,24 Rue Lanfranc,CAEN,14000,4918600,-38100
14000019,"73-75, AVENUE G. CLEMENCEAU",CAEN,14000,4918856,-35025
14000020,83 BOULEVARD YVES GUILLOU,CAEN,14000,4917300,-39000
14000021,AVENUE COTE DE NACRE,CAEN,14000,4919979,-36004
14053001,1 Boulevard Maréchal Juin,CAEN,14000,4921000,-36600
14100003,ROUTE DE PARIS,LISIEUX,14100,4914300,26600
14100004,61 Boulevard Sainte-Anne,Lisieux,14100,4914400,22200
14100006,LA VALLEE,Ouilly-le-Vicomte,14100,4917100,21700
14100007,Avenue Georges Pompidou,LISIEUX,14100,4913300,22500
14100009,ROUTE DE CAEN,Saint-Désir,14100,4913800,17200
14110002,Parc Commercial St JACQUES,CONDE-SUR-NOIREAU,14110,4885624,-53892
14110003,RUE ST JACQUES,condé en normandie,14110,4885503.4234699,-54190.441915746
14111001,Longue Vue des Photographes,Louvigny,14111,4916100,-40000
14112001,2 RUE DES ECOLES,BIEVILLE-BEUVILLE,14112,4924100,-32700
14120001,22 Rue Émile Zola,Mondeville,14120,4917356,-32807
14120002,8 Avenue Pierre Mendès France,Mondeville,14120,4917200,-33000
14123001,51bis Av. d'Harcourt,Fleury-sur-Orne,14123,4915727.3112235,-36860.834399018
14123004,190 Rue de Rocquancourt,IFS,14123,4914200,-33800
14123005,Avenue Jean Vilar - Boulevard Yitzhak Rabin ZAC du Hoguet,IFS,14123,4915000,-35200
14123007,RN 158 RTE DE FALAISE,IFS,14123,4914210,-33738.5
14123008,"389, ROUTE DE CAEN - RN 158",IFS,14123,4915400.414,-34387.914
14123009,Rue des Frères Lumière,Cormelles-le-Royal,14123,4915400,-31400
14123010,2 RUE DE L'INDUSTRIE,Cormelles-le-Royal,14123,4915769.717388,-32601.015714723
14125001,ZAC DE L'ETOILE,Mondeville,14120,4916300,-29800
14130001,Rue G CLEMENCEAU  zone industrielle,PONT L EVEQUE,14130,4928865,19554
14130003,Route de Rouen,Pont-l'Évêque,14130,4929235,19338
14130004,PARC DU GRIEU - ROUTE DE LISIEUX,Pont-l'Évêque,14130,4928540.59,20427.899
14130007,33 RUE AMIRAL HAMELIN,Pont-l'Évêque,14130,4928800,18900
14130008,Lieu dit le plain chêne,Saint-Gatien-des-Bois,14130,4936978.8938573,20111.980321583
14130010,AIRE DE QUETTEVILLE A29,QUETTEVILLE,14130,4933690.6,30801.9
14140001,Route de Lisieux,Livarot,14140,4900800,15100
14150001,84 Route de Caen,Ouistreham,14150,4926900,-25800
14160002,Boulevard Maurice Thorez,DIVES-SUR-MER,14160,4927600,-10300
14160003,Avenue des Résistants,DIVES-SUR-MER,14160,4928100,-10000
14160004,"106, RUE DU GENERAL DE GAULLE",Dives-sur-Mer,14160,4928517,-10960
14170001,Route de Livarot,SAINT-PIERRE-SUR-DIVES,14170,4902470,-2358
14170006,ROUTE DE LISIEUX,SAINT PIERRE SUR DIVES,14170,4902486.491968,-2625.7792195654
14200006,31 Boulevard de la Paix,Hérouville-Saint-Clair,14200,4918900,-33300
14200008,Avenue de Garbsen,Hérouville-Saint-Clair,14200,4921334.6526429,-34202.803125476
14200009,"1, RUE GUYON DE GUERCHEVILLE",Hérouville-Saint-Clair,14200,4920025.30377,-34489.7117336
14200010,Hyper U Place Saint Clair Boulevard du Val Centre commercial,Hérouville-Saint-Clair,14200,4920478.556147,-32786.151201342
14210001,ZA LA CROIX BOUCHER,Évrecy,14210,4910372,-50006
14220002,71 rue de condé,Thury-Harcourt,14220,4897900,-47500
14230002,RUE DE LITTRY,ISIGNY-SUR-MER,14230,4931300,-109900
14230003,Place de l'hôtel de ville,Isigny-sur-Mer,14230,4931862.92,-110089.57
14240001,Route de Torigni,CAUMONT-L'ÉVENTé,14240,4908893,-81360
14250002,1 COUR PERON,Tilly-sur-Seulles,14250,4917918,-62255
14260002,ROUTE DE VILLERS BOCAGE,Aunay-sur-Odon,14260,4902600,-63200
14270003,RUE VICTOR HUGO,MEZIDON VALLEE D'AUGE,14270,4907348.9241999,-7323.3903014066
14280002,Rue du Clos Barbey,Saint-Contest,14280,4920100,-39800
14290001,RTE DE BERNAY,ORBEC,14290,4902400,41300
14290002,RUE DE LISIEUX,Orbec,14290,4902401.7,40408.2
14310002,59 Rue Georges Clemenceau,Villers-Bocage,14310,4908100,-65000
14310003,RUE GEORGES CLEMENCEAU,VILLERS-BOCAGE,14310,4908000,-64800
14310004,1 Boulevard du 21e siecle les Sauts casris,Villers-Bocage,14310,4907800,-64500
14320003,RN 162,SAINT-MARTIN-DE-FONTENAY,14320,4911400,-37400
14320004,35 Route d'Harcourt,Saint-Martin-de-May,14320,4911515.9652567,-37423.332936222
14330001,rue de la gare,LE MOLAY-LITTRY,14330,4924800,-87800
14350002,9 RUE DU 19 MARS 1962,Souleuvre en Bocage,14350,4901100,-85200
14370003,Rue de la Gare,Argences,14370,4911920,-17523
14380001,40 Rue du Docteur Fontaine,SAINT-SEVER-CALVADOS,14380,4884000,-105200
14380002,3 route de caen,PONT-FARCY,50420,4893700,-103300
14380003,Rue de Vire,SAINT-SEVER-CALVADOS,14380,4884100,-104300
14390001,RD 400,CABOURG,14390,4928814,-12678
14400003,16 Boulevard Sadi-Carnot,BAYEUX,14400,4927100,-69900
14400004,BOULEVARD MONTGOMERY,Bayeux,14400,4927100,-69400
14400009,CTRE CIAL EINDHOVEN RTE DE VAUX/AURE,Bayeux,14400,4928800,-70400
14400010,ROUTE NATIONALE 13,VAUCELLES,14400,4928500,-73600
14400011,ROUTE D'ESQUAY-SUR-SEULLES,SAINT-VIGOR-LE-GRAND,14400,4927400,-68500
14404001,Boulevard du 6 Juin,BAYEUX,14400,4927700,-71900
14410004,1 ROUTE DE SAINT GERMAIN,VALDALLIERE,14410,4885361.6304896,-66465.874603271
14420003,Rue du Général Leclerc - Lieu-dit La Glacière,POTIGNY,14420,4896537.6785899,-23967.15313079
14430001,18 Grande Rue,DOZULé,14430,4923100,-4400
14440001,ROUTE DE CAEN,Douvres-la-Délivrande,14440,4928900,-37800
14440002,Voie des Alliés,DOUVRES-LA-DéLIVRANDE,14440,4930000,-38200
14450001,Avenue Emile DAMECOUR,GRANDCAMP-MAISY,14450,4938500,-105000
14460002,C.cial Super U Le Libera rd 403,COLOMBELLES,14460,4919000,-29900
14470001,ROUTE DE CAEN,COURSEULLES-SUR-MER,14470,4932400,-45700
14470002,Route Anglaise,COURSEULLES-SUR-MER,14470,4932300,-45200
14480001,1 rue du grand clos,Creully sur seulles,14480,4928000,-53500
14500001,RTE DE CAEN,VIRE,14500,4885368.9160611,-88014.229836738
14500003,PARC COMMERCIAL DE LA DOUITEE,VIRE,14500,4886400,-87100
14500005,Route de conde sur Noireau,VIRE,14500,4884200,-88600
14500008,Rue Colbert,VIRE,14500,4884670,-88722
14500012,RUE ALPHONSE SAVEY,Vire Normandie,14500,4885535.2304616,-86509.947100102
14500013,2 rue Barbey d'Aurévilly,VIRE NORMANDIE,14500,4882650.4859941,-88829.939294948
14520002,45 ROUTE D'OMAHA,Sainte-Honorine-des-Pertes,14520,4934761,-80672
14520003,BOULEVARD DE LA FLECHE,Thury-Harcourt,14220,4898100,-47700
14520004,Impasse des Goélands,Port-en-Bessin-Huppain,14520,4934231,-75209.000000004
14540001,route de Caen,SOLIERS,14540,4914011.63603,-30050.8505075
14550001,1 ROND POINT ROYAL NORFOLK,Blainville-sur-Orne,14550,4923200,-29300
14600003,Zone Industrielle Portuaire,Honfleur,14600,4941657,25936
14600004,Route de Trouville,Équemauville,14600,4939700,21100
14600007,COURS JEAN DE VIENNE,HONFLEUR,14600,4941300,25000
14610001,2 bis chemin dit du fresnes,Thaon,14610,4925900,-46400
14640001,585 rue de la Brigade Piron,Auberville,14640,4930700,-2700
14670001,Route de rouen,Troarn,14670,4918200,-18200
14680001,VARENDES,BRETTEVILLE-SUR-LAIZE,14680,4904500,-32400
14700001,33 RUE GEORGES CLEMENCEAU,FALAISE,14700,4889629.86744,-19240.9332928
14700004,ZONE EXPANSIA RUE DES SENTES,FALAISE,14700,4891100,-20600
14700005,ROUTE DE TRUN,FALAISE,14700,4889200,-17900
14700007,Route d'Argentan,FALAISE,14700,4888700,-19100
14710001,1 place Charles Delangle,TREVIERES,14710,4931400,-90600
14730001,AUTOROUTE A13 AIRE DE GIBERVILLE SUD,Giberville,14730,4916600,-27600
14730004,"A13, Aire de Giberville Nord",GIBERVILLE,14730,4916821.8,-28181.81
14740001,RUE HECTOR MALOT,Bretteville-l'Orgueilleuse THUE ET MUE,14740,4921500,-50500
14760002,ROUTE DE BRETAGNE,Bretteville-sur-Odon,14760,4916575,-41597
14780003,21 BOULEVARD PAUL DOUMER,Lion-sur-Mer,14780,4930182.7,-31864.3
14790002,62 rue du general leclerc,verson,14790,4915600,-45000
14800005,Route de Paris,TOUQUES,14800,4935023,9044
14800006,Route Nationale,TOUQUES,14800,4934700,9500
14800008,Avenue de la République,TOURGéVILLE,14800,4935600,7100
14880001,Rue de la Mer,COLLEVILLE-MONTGOMERY,14880,4929000,-28400
14920001,LIEU DIT MANOIR ET CLOS DU PIN,Mathieu,14920,4924200,-37200
14960001,15 AVENUE MAURICE SCHUMANN,Asnelles,14960,4933900,-58000
14980002,LA CROIX VAUTIER,ROTS,14980,4920000,-45900
14980007,ROUTE NATIONALE 13,Rots,14980,4919800,-46100
14990002,356 RUE VICTOR TESNIERES,Bernières-sur-Mer,14990,4933400,-42000
2000002,ZAC ILE DE FRANCE,LAON,02000,4954800,361600
2000003,16 RUE FERNAND CHRIST,LAON,02000,4957005.31713,360820.562241
2000005,97 Avenue Charles de Gaulle,Laon,02000,4956900,364600
2000007,16 Boulevard Pierre Brossolette,Laon,02000,4957000,362100
2000008,rue Jean Jaures,CHAMBRY,02000,4958700,364900
2000009,167 Avenue Pierre Mendès France,Laon,02000,4958257.0669759,364425.13545677
2000011,ZAC DU CHAMP DU ROY,Laon,02000,4957100,365500
2100001,route d'Amiens,St Quentin,02100,4985800,325300
2100008,46 Avenue Faidherbe,Saint-Quentin,02100,4984400,327900
2100009,Route de Guise,HARLY,02100,4984300,332300
2100011,98 rue Alexandre Dumas,SAINT-QUENTIN,02100,4984800,327200
2100012,Route de BOHAIN,Saint-Quentin,02100,4986500,329100
2100013,Rue Antoine Parmentier,SAINT-QUENTIN,02100,4985366.40026,326295.970618
2100018,25 Boulevard Victor Hugo,SAINT-QUENTIN,02100,4984200,328400
2100019,153 Rue de Mulhouse,SAINT-QUENTIN,02100,4984785,330117
2100020,BLD CAMILLE GUERIN,Saint-Quentin,02100,4983400,330000
2100021,rue de la Fère,Neuville-Saint-Amand,02100,4982437.906,331075.437
2110002,rue de Saint-Quentin,BOHAIN-EN-VERMANDOIS,02110,4998100,345100
2120004,Rue des Docteurs Devillers,GUISE,02120,4990249,363841
2120005,"56, rue du jeu de Paume",Guise,02120,4989600,362600
2120006,1 RUE SADI CARNOT,GUISE,02120,4989400,363500
2130001,Rue du Stade,FèRE-EN-TARDENOIS,02130,4920100,351100
2130005,autoroute A4 aire de tardenois sud,Fresnes-en-Tardenois,02130,4912585.9309723,353644.7669516
2130006,Autoroute de l'Est,Fresnes-en-Tardenois,02130,4912695.433209,353742.34517178
2140003,ZI de la Briquetterie,Vervins,02140,4983877.7788156,391678.79440021
2140005,CHAUSSEE DE FONTAINE D73,FONTAINE LES VERVINS,02140,4984291.9,390716.6
2140006,CHAUSSEE DE FONTAINE D73,FONTAINE LES VERVINS,02140,4984291.9,390716.6
2170001,RUE DES VERRIERS,LE NOUVION-EN-THIéRACHE,02170,5001300,378100
2190003,A26 - Aire du Champ Roland,Guignicourt,02190,4944872,392652
2190005,AUT A 26- AIRE DU MONT NIZY,Juvincourt-et-Damary,02190,4944508.4070022,392761.87076699
2190007,3 Rue Pierre Curtil,Guignicourt,02190,4943503.6675202,396689.49241097
2200001,3 Avenue Raymonde Fiolet,Soissons,02200,4937000,331500
2200007,1 Place de Laon,Soissons,02200,4938600,333300
2200008,183 ROUTE DE PARIS,Vauxbuin,02200,4936400,330400
2200010,43 Avenue de Château-Thierry,Belleu,02200,4937046,332985
2200012,2 Rue d'Acy,Venizel,02200,4936223.7748902,340357.93389285
2200013,AV.DE COMPIEGNE - RN.31,Mercin-et-Vaux,02200,4938100,330200
2200014,50 BIS ROUTE DE CHATEAU THIERRY,SOISSONS,02200,4936800,332900
2200015,9 ET 11 RUE DE VILLENEUVE,SOISSONS,02200,4937100,334100
2200016,Avenue de Compiègne,Mercin-et-vaux,02200,4938104.31776,330062.84453257
2210002,11 avenue de la gare,Oulchy-le-Château,02210,4920225.5,336552.4
2220001,34 BD DE MONTPELLIER,BRAINE,02220,4934100,352900
2230002,1000 rue jean jaures,Fresnoy-le-Grand,02230,4995800,343000
2240001,74 Rue Blondel,RIBEMONT,02240,4980095,346696
2250001,Rue Saint Nicolas,MARLE,02250,4974300,377300
2250004,18 route de Thiernu,Marle,02250,4975000,377200
2260001,rue de l'armistice,LA CAPELLE,02260,4997300,391800
2270001,2 AVENUE DE LA LIBERATION,Crécy-sur-Serre,02270,4968900,362200
2280001,"CD 24, route de liesse",SAINT-ERME-OUTRE-ET-RAMECOURT,02820,4953100,385600
2290002,AVENUE DE LA GARE,Ressons-le-Long,02290,4939680.7142795,311562.94899994
2300001,RD 338,Viry-Noureuil,02300,4964287,325950
2300002,CHEMIN DEPARTEMENTAL 937,AUTREVILLE,02300,4959100,323400
2300006,Boulevard de l'Europe,Chauny,02300,4962645,321575
2300009,24 rue du point du jour,Blérancourt,02300,4951975.29,314929.08
2310001,route de pavant,CHARLY,02310,4897600,328000
2310002,47 Rue Jules Lefèbvre,Fère-en-Tardenois,02130,4919600,351400
2310003,74 AVENUE DE PARIS,MONTREUIL AUX LIONS,02310,4902126.4,318882.5
2320001,34 bis rue du 7ème Bca,PINON,02320,4949900,345100
2320002,Rue de Coucy,ANIZY-LE-CHâTEAU,02320,4950600,344000
2340001,14 ROUTE DE MONTCORNET,LISLET,02340,4968900,402200
2340002,89 Grand Rue,Dizy-le-Gros,02340,4963000,402500
2360001,Lieu dit du grand hôtel,Rozoy-sur-Serre,02360,4970400,411200
2370005,20 AVENUE JEAN JAURES,VAILLY SUR AISNE,02370,4940563.6006256,351497.54981475
2380002,D1 - LIEU DIT LE PRE MONTRE,Crécy-au-Mont,02380,4948900,333600
2390002,Rue du Thil,ORIGNY-SAINTE-BENOITE,02390,4983700,349400
2400001,37 Avenue d'Essômes,CHâTEAU-THIERRY,02400,4904000,338700
2400004,Z.I rue de la Plaine,CHÂTEAU-THIERRY,02400,4903700,339000
2400007,ZC LA MOISERIE ROUTE DE SOISSONS,Château-Thierry,02400,4905531.5837997,339916.61028551
2400008,13 Avenue Jules Lefèbvre,Château-Thierry,02400,4904300,339500
2420001,39 Rue de Picardie,Bellicourt,02420,4996029,323160
2430001,Rue Auguste Delaune,GAUCHY,02430,4982606,327920
2450003,16 RUE DU 2 SEPTEMBRE 1944,La Neuville-lès-Dorengt,02450,4997729.68,367681.51
2460003,12 rue de villers,La Ferté-Milon,02460,4918498.6815428,312137.87735999
2470001,2 RUE Jese RACINE,Neuilly-Saint-Front,02470,4916900,325700
2480002,Rond point de la victoire,Jussy,02480,4973353.6180498,324505.95752321
2500001,AVENUE DE VERDUN,HIRSON,02500,4991117.4181842,409008.04252982
2500003,Avenue du General Debeney,HIRSON,02500,4991600,407700
2500004,102 RUE CHARLES DE GAULLE,HIRSON,02500,4992100,408400
2580002,14 RUE DU MONVINAGE,ETREAUPONT,02580,4990354.43,391399.88
2600005,36 ROUTE DE LA FERTE MILON,VILLERS-COTTERÊTS,02600,4924600,309600
2600006,231rd rue du general leclerc,Villers-Cotterêts,02600,4925600,308000
2600008,1 Route nationale 2,Villers-Cotterêts,02600,4925200,305900
2603001,Avenue de la Ferté Milon,VILLERS-COTTERêTS,02600,4924000,309800
2620001,12 Rue Nationale,Buironfosse,02620,4996060.36,382380.07
2690002,AUTOROUTE A26 - AIRE D'URVILLERS,Essigny-le-Grand,02690,4978547.4082598,333427.34139346
27000003,rue Lépouzé,ÉVREUX,27000,4902709,115550
27000004,1 Rue de Fauville,ÉVREUX,27000,4902379,117388
27000007,Rue d'Aviron,Évreux,27000,4904200,112900
27000008,BD. DE NORMANDIE,EVREUX,27000,4902100,113800
2700001,213 Boulevard Gambetta,CONDREN,02700,4965000,328000
27009001,Boulevard de Normandie,EVREUX,27000,4902200,113600
27100001,Place des 4 Saisons,VAL-DE-REUIL,27100,4927067.23,120716.1403
27110002,Route de Louviers,Le Neubourg,27110,4914900,91900
27110003,39b Av. de la Libération,Le Neubourg,27110,4914255.9528875,90352.510818315
27120001,113 RUE ISAMBARD,PACY-SUR-EURE,27120,4901500,138500
27120002,rue du 18 Juin 40,Pacy-sur-Eure,27120,4901000,139700
27120003,71 Rue Marcel Moisson,Saint-Aquilin-de-Pacy,27120,4901300,137800
27130001,ZA PONT ROUGE,VERNEUIL-SUR-AVRE,27130,4873900,94200
27130002,228 Rue Robert Zaigue,VERNEUIL-SUR-AVRE,27130,4874700,92900
27130003,Lieu-Dit Merville,LA MADELEINE-DE-NONANCOURT,27320,4877600,121100
27130005,RN12 Route de Montagne,VERNEUIL-SUR-AVRE,27130,4873300,92100
27140002,30 Rue du Bouloir,GISORS,27140,4927900,178700
27140004,RN10 CC des Templiers,GISORS,27140,4927600,176200
27150001,ZA PORTE ROUGE,Étrépagny,27150,4930100,161900
27150003,RUELLE SAINT MARTIN,ETREPAGNY,27150,4930600,161300
27150004,109 rue saint maur,etrepagny,27150,4930500,162200
27160001,route de Conches,Breteuil,27160,4885200,92000
27170002,Route de Beaumont,Beaumont-le-Roger,27170,4902978,74290.999999998
27170003,2 route Nationale 13,Écardenville-la-Campagne,27170,4912300,84800
27190002,Rue Eugène Pottier,Conches-en-Ouche,27190,4895539,94693.999999999
27190003,LE CLOS DU LOUP,La Bonneville-sur-Iton,27190,4899526.05199,102892.868372
27200001,Boulevard Édouard Isambard,VERNON,27200,4909400,147200
27200004,73 Avenue de Paris,Vernon,27200,4908800,149400
27201001,Boulevard Jean Jaurès,Vernon,27200,4909500,146600
27210003,Route d'Epaigne,Beuzeville,27210,4933721,35245
27210006,"Autoroute A13, sens Caen-Paris",BEUZEVILLE,27210,4932019.5215107,31970
27210008,273 RUE ALBERT SOREL,Beuzeville,27210,4934689.1592656,33742.412939517
27210009,Autoroute A13,Beuzeville,27210,4932492.7258937,32840.996171082
27210010,930 Rue Louis Gilliain,Beuzeville,27210,4934657.7,35640.1
27220001,RD 52,SAINT-ANDRé-DE-L'EURE,27220,4891113.13187,126506.172983
27230004,16 route de Lieurey,Thiberville,27230,4914100,45700
27230006,2 Rue de Lisieux,Thiberville,27230,4913600,45400
27240001,ROUTE DE VERNEUIL,DAMVILLE,27240,4886599,107086
27250002,"Za Du, Le Petit Hanoy",Rugles,27250,4881800,70000
27260001,12 Route des Anglais,ÉPAIGNES,27260,4927900,43800
27260002,Route de Lisieux,CORMEILLES,27260,4924100,38000
27290001,LIEUDIT PONT JOLY CD47,Saint-Philbert-sur-Risle,27290,4929473,65939
27300004,Route de Rouen,MENNEVAL,27300,4910500,61300
27300005,Rue Bernard Gombert,Bernay,27300,4908550,59836
27300006,RD 613 - CARREFOUR DE MALBROUCK,CARSIX,27300,4915500,67300
27300007,53 BD SYLLA LEFEVRE,Bernay,27300,4908900,60300
27310005,530 RUE DU DOCTEUR DUVRAC,BOURG ACHARD,27310,4936100,81700
27310008,405 RUE DES PORTES,Bourg-Achard,27310,4935260.35,80636.98
27310009,A13 - AIRE DE BOSGOUET NORD,Bosgouet,27310,4936118,86445.7
27310010,aire de bosgouet sud,Bosgouet,27310,4936100,86000
27320001,LA POTINIERE,NONANCOURT,27320,4877000,120200
27340001,75 Avenue Forêt de Bord,Les Damps,27340,4930163.7,116555.4
27350003,Route de Médine,Valletot,27350,4937100,62900
27350004,19 RUE DU ROUMOIS,ROUTOT,27350,4937883.2,72481.1
27370001,Rue de la République,AMFREVILLE-LA-CAMPAGNE,27370,4921000,93700
27370002,Route du Neubourg,SAINT-PIERRE-DES-FLEURS,27370,4924800,96300
27380001,LES PRES DE LA BOUVERIE,Charleval,27380,4937071.3125306,138690.90690653
27380003,RUE DU GENERAL DE GAULLE,Fleury-sur-Andelle,27380,4936541.3476955,134996.81837245
27380004,LES PRES DE LA BOUVERIE,CHARLEVAL,27380,4937070.8458392,138689.4420348
27400001,"Le Becquet, Avenue des Peupliers",LOUVIERS,27400,4920900,118300
27400007,Autoroute A13 - Aire de Vironvay Sud,Vironvay,27400,4920600,121800
27400010,7 RUE DU CARBONNIER GARAGE DU CARBONNIER,LA HAYE MALHERBE,27400,4922288.4902553,106292.07645263
27400011,A13 Aire De Vironvay Nord,Vironvay,27400,4921138.4,122003.7
27404001,4 place jean jaures,LOUVIERS,27400,4921000,117000
27406001,RUE DES PRES,INCARVILLE,27400,4923500,118300
27460001,ROUTE DE LYONS,IGOVILLE,27460,4931900,115700
27460002,RN 15,Igoville,27460,4931200,115800
27460003,RN 15,Igoville,27460,4932000,115600
27500001,Avenue de l'Europe,PONT-AUDEMER,27500,4934984.83373,53089.6138584
27500002,Rue de l'Étang,PONT-AUDEMER,27500,4935500,50000
27500003,RTE DE PONT AUDEMER,Bourneville SAINT CROIX,27500,4939000,61200
27500004,Route de Bernay,PONT-AUDEMER,27500,4934700,52300
27500005,7 RUE DU GENERAL KOENIG,Pont-Audemer,27500,4934900,52800
27520001,300 Chemin Vautier,BOURGTHEROULDE-INFREVILLE,27520,4929100,87500
27540001,17 Rue d'Ézy,IVRY-LA-BATAILLE,27540,4888100,146000
27560001,"210, rue de la Croix Vignon",LIEUREY,27560,4922500,49700
27600001,"26, Avenue Jean Jaurès",GAILLON,27600,4915600,134500
27600006,15 Rue de la Côté des Sables,GAILLON,27600,4915300,136600
27610001,Route de Pont Saint-Pierre,ROMILLY-SUR-ANDELLE,27610,4933564.8413932,126824.11512799
27620002,ROUTE DE FOURGES,GASNY,27620,4909375,160616
27670002,RN313,LE BOSC-ROGER-EN-ROUMOIS,27670,4929700,91100
27670005,18 Rue des Canadiens,Saint-Ouen-du-Tilleul,27670,4929300,95500
27700004,rue Planches,Les Andelys,27700,4924865,143769
27700005,"10, AV.DE LA REPUBLIQUE",LES ANDELYS,27700,4924600,141500
27700007,50 AVENUE DE LA REPUBLIQUE,LES ANDELYS,27700,4924484.0357111,141006.49427579
27800001,Rue des Martyres,BRIONNE,27800,4919900,71600
27800002,65 Rue Saint-Denis,BRIONNE,27800,4919411,71471
27810001,90 route de dreux,Marcilly Sur Eure,27810,4881691.9,134427.6
27910001,RUE DES CANADIENS,PERRIERS-SUR-ANDELLE,27910,4941227.5533604,136803.66328893
27930001,13 AVENUE JEAN MOULIN,CONCHES-EN-OUCHE,27190,4895706.02407,93545.35676
27930002,Route Nationnale 13,GUICHAINVILLE,27930,4901500,117400
27930005,RN 154 Caër,Normanville,27930,4906757,117164
27930008,44 BIS AVENUE ARISTIDE BRIAND,GRAVIGNY,27930,4904400,116100
27930010,4 ROUTE D'ORLEANS,ANGERVILLE LA CAMPAGNE,27930,4899572.2,115579.1
27940003,"19, Rue Charles de Gaulle - Aubevoye",Le Val-d'Hazey,27940,4916700,133700
27950001,RN 15,la chapelle de longueville,27950,4911000,145100
27950002,Rue des Prés,SAINT-MARCEL,27950,4910324,145322
2800003,Le Chemin Blanc,BEAUTOR,02800,4966000,334600
2800004,1 Chemin de Danizy,LA FèRE,02800,4966023,337185
2860001,89 RUE PORTE DE LAON,Bruyères-et-Montbérault,02860,4953200,365300
2870001,1B Rue de Couvron,Crépy,02870,4960928.4191713,350526.96871806
2880001,Rue du Stade,Crouy,02880,4939800,335600
50000001,route de vire,Saint-Lô,50000,4910800,-107100
50000002,ROUTE DE VILLEDIEU,SAINT-Lô,50000,4910200,-111600
50000004,Route de Baudre,SAINT-Lô,50000,4909800,-107700
50000005,54 Rue de la Poterne,Saint-Lô,50000,4911700,-109700
50000006,Rue de la Gare,RAMPAN,50000,4916281,-112662
50000007,1214 Avenue de Paris,Saint-Lô,50000,4911630.1972112,-105833.12301737
50000008,147 RUE JOSEPH CUGNOT,Saint-Lô,50000,4911200,-105100
50000009,1050 RUE DE THORIGNY,Saint-Lô,50000,4910095.8555807,-106761.72469115
50100003,Route des Fourches,CHERBOURG-OCTEVILLE,50100,4963720,-165108
50100007,RUE DE LA SALINE,Cherbourg-octeville,50100,4963500,-161500
50110002,ZI PORTUAIRE DES MIELLES,Tourlaville,50110,4964500,-159900
50110003,39 Boulevard de l'Est,Tourlaville,50110,4963500,-159200
50110004,550 Rue du Grand Pré,Tourlaville,50110,4963700,-159600
50110006,2F Route de DENNEVILLE,DIGOSVILLE,50110,4965345.9148478,-154932.46887909
50120004,62 RUE DE LA PAIX,CHERBOURG EN COTENTIN,50120,4965000,-165000
50130001,Avenue de Normandie,Cherbourg-Octeville,50130,4962600,-162800
50140001,Les 4 Vents,Mortain,50140,4865500,-93700
50150002,Route de Mortain,SOURDEVAL,50150,4872000,-92200
50160001,Za de la Détourbe (D53),SAINT-AMAND,50160,4904600,-99000
50160003,"85, route de Saint Lô",Saint-Amand,50160,4904798,-99375
50160004,ZI le Saussey,Guilberville,50160,4898413.6,-94629.69
50170005,2 route du Mont Saint Michel,PONTORSON,50170,4856000,-150900
50170006,42 RUE DE LA LIBERATION,Pontorson,50170,4855400,-150100
50170007,1BIS ROUTE DU MONT SAINT-MICHEL,BEAUVOIR,50170,4859525.0691803,-151269.67129669
50170008,31 Route Nationale,TANIS,50170,4857300,-145800
50180001,"rue de l'oratoire, parc de l'odyssée",Agneaux,50180,4910800,-113400
50180005,1251 route de coutances,agneaux,50180,4911307.2609687,-112542.49743294
50190001,Rue de Carentan,PéRIERS,50190,4918900,-140400
50190002,7 ROUTE DE LESSAY,PERIERS,50190,4918800,-141600
50200001,Rue de la Planche Maurice,COUTANCES,50200,4903815.80485,-144789.571173
50200005,Avenue de la division Leclerc,Coutances,50200,4906200,-143700
50200008,"2, AVENUE DE VERDUN",COUTANCES,50200,4903800,-144600
50200012,56 avenue de la République,Coutances,50200,4905700,-143100
50204001,Route de Carentan,COUTANCES,50200,4906800,-143100
50220002,59 Avenue Émile Dehousse,DUCEY,50220,4861700,-128000
50220003,2 route des 4 vents,PONTAUBAULT,50220,4862570.3514362,-134720.67103016
50230001,4 charrière du commerce,Agon-Coutainville,50230,4904900,-159300
50240001,ZONE DE BEAUFOUR,Saint-James,50240,4852100,-133900
50240003,AUTOROUTE A84 - AIRE DU MONT SAINT MICHEL,Saint-Aubin-de-Terregatte,50240,4858491,-132638
50250002,ZA DE L ETRIER,SAINT-SYMPHORIEN-LE-VALOIS,50250,4928400,-156700
50250003,"3,ROUTE DES MARAIS - ST SYMPHORIEN LE VALOIS",La Haye-du-Puits,50250,4929700,-154400
50260001,39 route de Valognes,Bricquebec,50260,4947700,-162000
50260003,240 Rue Bitouzé d'Auxmesnil,Bricquebec,50260,4946800,-164000
50260004,41b Rue des Frères Fremine,Bricquebec-en-Cotentin,50260,4947300,-162800
50270002,le pont rose,Barneville-Carteret,50270,4938496,-175198
50270003,5 ZA ROUTE TOURISTIQUE D650,Les Moitiers-d'Allonne,50270,4940700,-178300
50290001,Route de la poste,BREHAL,50290,4890000,-151300
50290003,ZA DES CLOS DES MARES,BREHAL,50290,4890200,-151400
50300001,PARC D'ACTIVITE DE LA BAIE,Saint-Martin-des-Champs,50300,4865285.8767159,-135003.0743481
50300002,BOULEVARD DU LUXEMBOURG,LE VAL-SAINT-PèRE,50300,4867300,-135500
50300004,RUE DU GENERAL DE GAULLE,AVRANCHES,50300,4868647,-136356
50300005,Avenue du Quesnoy,AVRANCHES,50300,4867800,-135100
50300006,22 Le Bourg Robert,Ponts,50300,4870900,-131900
50304001,Saint Martin des Champs Route d'Isigny le Buat,AVRANCHES,50300,4868000,-134000
50310002,Lieu-dit Le Haut Gelé,Montebourg,50310,4949052,-139445
50320001,Rue de la Libération,La Haye-Pesnel,50320,4879700,-139800
50330002,139 Rue du Général de Gaulle,SAINT-PIERRE-ÉGLISE,50330,4966700,-139100
50330003,RUE DES PAVILLONS,Saint-Pierre-Église,50330,4966026,-141140
50340001,9 Route des Isles,PIERREVILLE,50340,4947400,-178700
50340002,2 Route de Flamanville,LES PIEUX,50340,4951200,-181200
50340003,26 route de Cherbourgtest,Les Pieux,50340,4951595,-180055
50340006,40 RUE DU CHATEAU,FLAMANVILLE,50340,4953300,-186500
50350003,rue de la gare,DONVILLE LES BAINS,50350,4884461.2,-158358
50360002,14 Rue de Carneville,PICAUVILLE,50360,4938021.6378327,-142285.6188
50360003,Rue de la Libération,Picauville,50360,4938100,-141500
50370002,5 Rue Jeanne d'Arc,BRéCEY,50370,4872241.84794,-116704.619218
50370003,9 rue des Pélerins,BRéCEY,50370,4872486.89288,-116958.900338
50370005,6 rue de la liberation,Brécey,50370,4872600,-116600
50380003,189 rue de Jersey,Saint-Pair-sur-Mer,50380,4881400,-154400
50390001,AVENUE DU SENATEUR FOUBERT,Saint-Sauveur-le-Vicomte,50390,4938600,-153600
50400001,ZI RN 24 BIS,Granville,50400,4884100,-157700
50400003,Route de Villedieu,GRANVILLE,50400,4883800,-155300
50410002,Rue Jean le Couturier,PERCY,50410,4891400,-119300
50420001,Aire de la Vallée de la Vire - A84,Gouvets,50420,4890900,-110400
50420002,Chemin de la Minoterie,Tessy-sur-Vire,50420,4897000,-105900
50430002,115 allée des rotisseurs,LESSAY,50430,4921200,-152800
50430003,94 RUE DE LA SAINTE CROIX,Lessay,50430,4921300,-153000
50440002,Parc Mairie Gardin,Beaumont-Hague,50440,4966200,-183600
50450001,"25, rue de l'hotel saint denis",GAVRAY,50450,4891277,-135262
50460001,"5, rue des Claires",QUERQUEVILLE,50460,4966000,-168600
50470001,Centre Commercial du Cotentin,La Glacerie,50470,4960019.2093549,-159900.82883
50480001,LES FORGES,BLOSVILLE,50480,4938000,-129600
50480002,Les Crutelles,SAINTE-MèRE-ÉGLISE,50480,4940500,-132200
50500001,Route de Saint-Côme,CARENTAN,50500,4930901.239,-125428.308
50500003,Chemin de la Chuque,CARENTAN,50500,4930200,-123100
50500004,Chemin de Pommenauque,CARENTAN,50500,4930700,-125300
50500005,RUE DE LA GUINGUETTE,CARENTAN,50500,4930200,-126300
50500006,rue de l'avenir,Saint-Hilaire-Petitville,50500,4930400,-121200
50500008,RN13 AIRE DE CANTEPIE,CARENTAN LES MARAIS,50500,4930400,-116200
50510001,Rue de la Gabelle,CéRENCES,50510,4891326,-144121.190391
50520001,2 Impasse de l'Artisanat,JUVIGNY-LES-VALLEES,50520,4867800,-102800
50530002,Route de Carolles,Sartilly-Baie-Bocage,50530,4875200,-145900
50540001,18 ROUTE DU MONT SAINT MICHEL,Isigny-le-Buat,50540,4860100,-120200
50550003,1 RUE MARCEL PIGNOT,SAINT VAAST LA HOUGUE,50550,4958913.6491152,-128010.83896726
50560001,Chemin amour ZA les landelles,BLAINVILLE-SUR-MER,50560,4906500,-159500
50560002,rue du hameau laisney,Gouville-sur-Mer,50560,4909700,-158500
50570002,RUE DE LA CHAPONIERE,MARIGNY,50570,4909916,-124241
50580002,23 RUE DU PERE ALBERT,PORT-BAIL-SUR-MER,50580,4933600,-169300
50590004,3 rue du clos,Montmartin-sur-Mer,50590,4898840.8378423,-151945.54311048
50600002,7 ZA la Rivière,PARIGNY,50600,4858800,-108700
50600003,LA VERTE CAMPAGNE,SAINT-HILAIRE-DU-HARCOUëT,50600,4857600,-108800
50600004,Route de Paris,Saint-Hilaire-du-Harcouët,50600,4857375,-108262
50630001,10 rue Val de Saire,Quettehou,50630,4959838,-129949
50670001,16 Rte de Saint-Laurent,SAINT POIS,50670,4875125.4073837,-106703.46441803
50680001,13 RUE DE LA LIBERATION,SAINT CLAIR SUR L'ELLE,50680,4919267.3521358,-102851.06002881
50690001,25 RUE DU 18 JUIN 1940 LE PONT,Martinvast,50690,4960800,-166100
50700001,Boulevard Félix-Buhot,VALOGNES,50700,4951200,-147800
50700002,1 Boulevard de Verdun,Valognes,50700,4950800,-146600
50700003,12 rue Général Legentilhomme,VALOGNES,50700,4949702.8507626,-146670.11594828
50700004,Route de Montebourg - La Victoire,VALOGNES,50700,4950200,-145600
50710001,113 RUE DU HAUT CHEMIN,CREANCES,50710,4919900,-156800
50710003,26 Rue de l'Europe,Créances,50710,4919753.92,-154360.47
50750002,LA CROIX A LA MAIN,Saint Martin de bonfossé,50750,4902900,-114200
50760001,132 RUE ST THOMAS,Barfleur,50760,4966600,-127000
50800003,Route de Vire,VILLEDIEU-LES-POêLES,50800,4883500,-121900
50800004,29 Le Bourg,La Lande-d'Airou,50800,4881600,-129000
50800005,LE PRE DE LA CAVE - RUE DE CAEN,VILLEDIEU LES POELES,50800,4884445.5,-121492.5
50800006,ROND POINT DES ESTUAIRES,VILLEDIEU LES POELES,50800,4884751.7,-120918.9
50880001,63 rue de liberation,PONT HEBERT,50880,4916500,-112800
50890001,10 RUE ARGANCHY,CONDé-SUR-VIRE,50890,4905800,-103000
51000001,avenue du président Roosevelt,CHâLONS-EN-CHAMPAGNE,51000,4894200,438900
51000005,ROUTE D'EPERNAY,Châlons-en-Champagne,51000,4895500,433200
51000006,PLACE DE VERDUN,Châlons-en-Champagne,51000,4896300,436700
51000009,Avenue du Mont-Héry,CHALONS-EN-CHAMPAGNE,51000,4897900,435700
51000013,RN 44 - ROUTE DE VITRY LE FRANC,Châlons-en-Champagne,51000,4893500,440200
51067001,16 route de cernay,REIMS,51100,4926000,406300
51068001,1 RUE FRANCIS GARNIER,Reims,51100,4928700,402600
51100001,5 Avenue Georges Clemenceau,REIMS,51100,4925166,404689
51100002,47 Rue Gosset,Reims,51100,4926584,403950
51100015,11 Boulevard Saint-Marceaux,Reims,51100,4925600,404700
51100029,31 Rue de Neufchâtel,Reims,51100,4927198,402634
51100033,Route de BISSEUIL,Tours-sur-Marne,51150,4904700,411500
51100044,"360, AVENUE DE LAON",REIMS,51100,4927500,401700
51100045,"252 BIS, AVENUE JEAN JAURES",REIMS,51100,4926460,405954
51100046,140 RUE DE LOUVOIS,REIMS,51100,4922800,403800
51100047,2 RUE ALBERT THOMAS RN 51,REIMS,51100,4923929,404547
51100048,"12, AVENUE BREBANT",REIMS,51100,4925775,401178
51100051,Rue Jacques de la Giraudière,Reims,51100,4924200,408200
51100055,2 RUE ARMAND BOUXIN,REIMS,51100,4922500,402500
51100056,ZAC DE SAINT LEONARD RN44,REIMS,51100,4922700,410800
51100060,58 Bd Président Wilson,Reims,51100,4924146.1288036,401758.68728602
51110002,ZAC du Val des Bois,Warmeriville,51110,4934900,420900
51110006,46 rue Jean Jaurès,Bazancourt,51110,4936200,417600
51120003,Route de Troyes,SEZANNE,51120,4870900,373400
51120004,ROUTE NATIONALE 4,Moeurs-verdey,51120,4872683,367583
51130001,AVENUE DU GENERAL DE GAULLE,VERTUS,51130,4889900,400600
51130002,13 avenue du general de gaulle,blancs coteaux,51130,4889900,400900
51140003,RN 31,JONCHERY-SUR-VESLE,51140,4928500,380800
51140005,N31,MUIZON,51140,4927486.3981363,386987.8999253
51160002,ROUTE D'EPERNAY,AY,51160,4905400,400400
51170001,RUE DE LA GARE,FISMES,51170,4930961.06289,368670.452849
51170002,RN 31 - CROIX ROUGE,FISMES,51170,4930900,369700
51170003,Route de Soissons,FISMES,51170,4930800,366800
51190001,RD9 CHEMIN DU PARADIS,AVIZE,51190,4897752.40381,403031.448288
51200001,13 Quai de Marne,ÉPERNAY,51200,4904900,396300
51200004,34 Avenue Jean Jaurès,Épernay,51200,4904700,395000
51200005,Les Rechignons DIZY,ÉPERNAY,51200,4906325.28,396013.43
51200006,13 BLD DE LA MOTTE,EPERNAY,51200,4904600,395600
51210001,RUE DU FAUBOURG DE CONDE,MONTMIRAIL,51210,4887300,354000
51210004,10 Rue du Faubourg de Condé,Montmirail,51210,4887300,354000
51210005,RD 933 FAUBOURG DE PARIS,MONTMIRAIL,51210,4887600,353800
51220001,38 Rue Franklin Roosevelt,CORMICY,51220,4937051,388976
51230001,83 CHEMIN DES LOGES,FèRE-CHAMPENOISE,51230,4875900,398600
51230004,Aire de Sommesous - A26,Sommesous,51320,4872900,422800
51240002,RN44,Pogny,51240,4886100,448500
51260005,38 rue de sezanne,Anglure,51260,4858900,381300
51300006,208 AVENUE DE CHAMPAGNE,FRIGNICOURT,51300,4871260.45884,459023.351401
51300013,FAUBOURG DE CHALONS,Vitry-le-François,51300,4873500,459000
51300014,16 FBG LEON BOURGEOIS,Vitry-le-François,51300,4872504,458843
51303001,Route de Vitry en Perthois,Vitry-le-François,51300,4873100,460000
51310001,100 Rue des Limonières,Esternay,51310,4872200,355300
51320003,ROUTE NATIONALE 4,SOMMESOUS,51320,4873194.88344,420515.464366
51340003,32 AVENUE DU BOIS DU ROI,Pargny-sur-Saulx,51340,4876891.6720338,484407.3806546
51350001,Route de louvois,CORMONTREUIL,51350,4921600,405700
51360001,14 ROUTE NATIONALE,Beaumont-sur-Vesle,51360,4917360,418370
51370002,La Croix MaurencienneZone Industrielle de St-Brice,SAINT-BRICE-COURCELLES,51370,4928100,400400
51370003,Rue du Bas Volet,Les Mesneux,51370,4921872,396403
51370005,75 route de reims,saint brice courcelles,51370,4926475.2,398985.6
51390001,AUT A4 AIRE DE VRIGNY,VRIGNY,51390,4924400,392100
51390002,Aire de Gueux A4,Gueux,51390,4924464.2982916,392341.51280944
51390003,11 avenue des Bornes,Gueux,51390,4924500,391500
51400003,13 place Clemenceau,MOURMELON-LE-GRAND,51400,4913900,436600
51400004,Rue des Tournières,Mourmelon-le-Grand,51400,4913500,436600
51400010,A4 - PARIS STRASBOURG,LES PETITES LOGES,51400,4912029,424286
51400011,A4 - STRASBOURG PARIS,LES PETITES LOGES,51400,4911881.5358985,424656.27917213
51420001,Boulevard Charles de Gaulle,WITRY-LèS-REIMS,51420,4928500,410900
51430002,RN 31,TINQUEUX,51430,4925400,397600
51430004,Rue Jules Lobet,PIERRY,51530,4902500,394400
51430007,"31, AVENUE DU 29 AOUT 1944",TINQUEUX,51430,4924900,399200
51460003,2 RUE DENIS PAPIN,COURTISOLS,51460,4898800,450300
51470001,7 avenue Jacques Simon,SAINT-MEMMIE,51470,4895300,438200
51480001,2 Avenue de Champagne,Damery,51480,4907200,388200
51490001,AVENUE BOILEAU - LES PLATANES,Pontfaverger-Moronvilliers,51490,4930200,432300
51500002,RN 51 CHAMPFLEURY,CHAMPFLEURY,51500,4920000,401600
51500003,2 route de Chalons,Sillery,51500,4919134,414837
51500007,8 RUE PUISIEULX,LUDES,51500,4916187.2,408077.8
51510001,"Rte De Troyes, Rn 77",Fagnières,51510,4894184.7431102,434118.3424164
51510002,Route d'Epernay,FAGNIèRES,51510,4895900,431400
51520002,ROUTE NATIONALE 44 - AIRE DE SAINT MARTIN SUR LE PRÉ,Saint-Martin-sur-le-Pré,51520,4899100,434200
51600004,"10, Av. du Général LECLERC",SUIPPES,51600,4912800.2,453547.9
51700001,rue du faubourg chavenay,DORMANS,51700,4907200,363800
51700006,Rue Clos de la Noue,Châtillon-sur-Marne,51700,4908766,376238
51700007,60 RUE DU DOCTEUR MORET,DORMANS,51700,4908100,365000
51800001,Avenue de la Gare,SAINTE-MENEHOULD,51800,4909000,490300
51800004,Route de Châlons,SAINTE-MENEHOULD,51800,4908700,488000
51800012,A4,Valmy,51800,4907400,479100
51800014,6 BIS RUE DU POIRIER AUX LOUPS,SAINTE MENEHOULD,51800,4909592.0119844,492356.29037049
51800015,"Autoroute A4, 51 800 Valmy",Valmy,51800,4907228,478800
52000005,1 Avenue Pierre Burello,Chaumont,52000,4811800,514300
52000006,Faubourg du Moulin Neuf,Chaumont,52000,4812300,514900
52000008,"3, ROUTE DE LANGRES",CHAUMONT,52000,4809000,514600
52000009,"8-10 , AVENUE CARNOT",CHAUMONT,52000,4811774.2186578,514063.63371483
52000010,7 AVENUE DE LA REPUBLIQUE,Chaumont,52000,4810557.6392275,514231.9909594
52100003,AV. DU PIEMONT,Valcourt,52100,4861700,491200
52100008,ROUTE DE VITRY,Saint-Dizier,52100,4864100,490800
52100009,Rue des Loyes,Saint-Dizier,52100,4862700,497300
52100010,Route de Bar le Duc,Bettancourt-la-Ferrée,52100,4865287.4883652,496326.91536929
52100011,Avenue Léon Blum,SAINT-DIZIER,52100,4864300,496900
52100012,12 Route de Nancy,SAINT-DIZIER,52100,4863700,498000
52100014,56 Rue de Vergy,SAINT-DIZIER,52100,4863059,493410
52100015,ROUTE NATIONALE 4,HALLIGNICOURT,52100,4864700,486800
52100016,ROUTE NATIONALE 4 - LIEU DIT 'LA BOBOTTE',HALLIGNICOURT,52100,4864800,486700
52100018,RN4 sens nancy-paris,Hallignicourt,52100,4864243.5001388,490265.66657231
52100019,RN4 SENS VITRY NANCY,HALLIGNICOURT,52100,4864205.4454094,490146.66700679
52112001,ROUTE DE BAR LE DUC,SAINT-DIZIER,52100,4864900,495900
52120002,5 Route de Châtillon,CHATEAUVILLAIN,52120,4803100,491300
52120003,Aire de Chateauvillain sur Orge A5,Orges,52120,4805594.7958333,496071.14750936
52130002,Rue du Général Leclerc,Wassy,52130,4849600,494500
52130003,Rue de la Madeleine,WASSY,52130,4850400,494400
52140002,18 AVENUE DE HAUTE MEUSE,MONTIGNY LE ROI,52140,4800500,548700
52140003,Route de Neufchâteau RD 74,VAL-DE-MEUSE,52140,4801000,548300
52140006,AIRE DE MONTIGNY LE ROI A31,VAL DE MEUSE,52140,4797737.0419776,549740.0864934
52140007,A31 AIRE DE LA VAL DE MEUSE,VAL DE MEUSE,52140,4797520,549859
52150001,Rue Carnot,Saint-Thiébault,52150,4820200,558100
52160008,A31 Aire de Langres Perrogney,Perrogney-les-Fontaines,52160,4781600,522300
52160010,A31 aide de Langres Noidant,Perrogney-les-Fontaines,52160,4781604.1214475,522281.6771347
52170001,Rue de la Gare,BAYARD-SUR-MARNE,52170,4855100,507500
52200004,13 rue de l'avenir,Saints-Geosmes,52200,4783200,533500
52200010,CENTRE COMMERCIAL LES FRANCHISES,Langres,52200,4787081,534034.5
52200012,24 AVENUE TURENNE,LANGRES,52200,4785500,533300
52200014,FAUBOURG DE LA COLLINIERE,LANGRES,52200,4787000,533000
52220001,Route de Saint-Dizier,MONTIER-EN-DER,52220,4849100,477800
52220002,ZI LES PATIS,MONTIER-EN-DER,52220,4848000,477100
52250001,Rue du Vernoy,Longeau-Percey,52250,4776383,530652
52300002,Avenue de Lorraine,JOINVILLE,52300,4844500,515000
52300003,Avenue de la Marne,JOINVILLE,52300,4845000,514600
52310001,LIEU DIT LA HACHE LOTISSEMENT LA CHAMPAGNE,Bologne,52310,4820200,514100
52330002,2 route nationale 19,JUZENNECOURT,52330,4818200,498200
52400001,39 rue du Moulin,Bourbonne-les-Bains,52400,4795420,575166
52400002,2 route de Vittel,BOURBONNE-LES-BAINS,52400,4795800,575500
52500001,39 Route de Vesoul,FAYL-BILLOT,52500,4778500,561500
52500003,ROUTE DE VESOUL,FAYL BILLOT,52500,4778308.2,560815.4
52540001,RUE PASTEUR,MARLES-LES-MINES,62540,5050300,250800
52600001,46 Rue de Langres,CHALINDREY,52600,4780400,542600
52600002,15 Rue Camille Perfetti,HORTES,52600,4784100,554900
52600004,4 PLACE DE VERDUN,CHALINDREY,52600,4780400,542700
52700002,Rue du Général Leclerc,Rimaucourt,52700,4825051,532944
52800001,RUE AMBROISE PARE,NOGENT,52800,4803500,534800
52800002,13 Rue de Mandres,Nogent,52800,4803543,534692
52800003,Grande rue,Foulain,52800,4804001.8214029,521015.85649123
54000001,127 Boulevard Lobau,Nancy,54000,4868200,619800
54000008,40 Avenue de la Libération,Nancy,54000,4869200,616800
54000009,47 Boulevard Jean Jaurès,Nancy,54000,4868100,617900
54000011,5 BOULEVARD LOBAU,NANCY,54000,4869100,619300
54000014,6 AVENUE DE BOUFFLERS,NANCY,54000,4868926.1,616174.8
54110001,1 rue Victor Prouvé,DOMBASLE-SUR-MEURTHE,54110,4861000,635200
54110002,69 Rue Gabriel Péri,Dombasle-sur-Meurthe,54110,4862300,634900
54120002,16 Rue Sainte-Catherine,Baccarat,54120,4845803,674080
54120004,Route de Lachapelle,DENEUVRE,54120,4844200,673700
54121001,"28, rue Charles de Gaulle",VANDIèRES,54121,4895100,603800
54134002,Rte de Tantonville,Ceintrey,54134,4852168.9,615755.7
54140001,Rue de la République,Jarville-la-Malgrange,54140,4867000,620700
54150001,Avenue Albert de Briey,BRIEY,54150,4925400,593700
54150002,Avenue Marguerite Puhl Demange,BRIEY,54150,4925800,594100
54150004,3 route de BRIEY,Lantéfontaine,54150,4924900,592700
54170001,97 Rue Carnot,COLOMBEY-LES-BELLES,54170,4852333,589412
54170004,17 Rue du Curtin,Colombey-les-Belles,54170,4853498.0642217,589627.12433789
54182001,RD 570,HEILLECOURT,54180,4864100,618300
54200005,2 Rue Paul Keller,TOUL,54200,4867300,588600
54200007,678 Avenue du Général Bigeard,TOUL,54200,4866400,588800
54200008,153 Avenue du 15ème Génie,Écrouves,54200,4868000,587200
54200012,RUE PAUL KELLER,TOUL,54200,4867219,588828
54200013,250 AVENUE DU COLONEL PECHOT,TOUL,54200,4868072.5152168,588934.449977
54200014,AUTOROUTE A31 - AIRE DE TOUL DOMMARTIN,DOMMARTIN LES TOUL,54200,4866160.7195698,590900.26115648
54204001,POLE COMMERCIAL JEANNE D'ARC,DOMMARTIN-LèS-TOUL,54200,4867400,592500
54210002,cc frunshopping bat 5 route de ville en vermois,Saint-Nicolas-de-Port,54210,4862000,628200
54220001,49 Rue du Colonel Driant,Malzéville,54220,4870500,619200
54220002,1 RUE YVONNE FOINANT,Malzéville,54220,4871800,617600
54230001,46 Rue du Capitaine Caillon,Neuves-Maisons,54230,4861500,610400
54230002,Rue Pasteur,NEUVES-MAISONS,54230,4861300,609600
54240002,96 Rue de Franchepré,Joeuf,54240,4922500,601400
54250001,Rue de Frouard,Champigneulles,54250,4873800,616200
54260003,ROUTE D'ARRANCY,LONGUYON,54260,4943169.1183209,561589.82609434
54270001,avenue de saulxures,ESSEY-LèS-NANCY,54270,4870300,624600
54270002,55 Avenue du 69ème Régiment d'Infanterie,Essey-lès-Nancy,54270,4870800,623500
54280003,RD 674,SEICHAMPS,54280,4871324.3511792,624935.70160388
54290001,2 rue de Virecourt,BAYON,54290,4847017.85367,631258.506253
54300001,6 rue tuilier,Moncel-lès-Lunéville,54300,4857900,651800
54300002,60 Boulevard Georges Pompidou,LUNéVILLE,54300,4859664,647738
54300005,RN 333,VITRIMONT,54300,4859100,642600
54300006,Rue Boutet de Monvel,LUNEVILLE,54300,4860000,649200
54300007,1 Rue Denis Papin,Chanteheux,54300,4859200,652800
54300008,74. avenue du Général de Gaulle,LUNEVILLE,54300,4859700,648200
54300011,AUTOROUTE A33 - AIRE D'ANTHELUPT,VITRIMONT,54300,4859080.8732744,641838.68421211
54310001,RUE JEAN MOULIN,Homécourt,54310,4922400,599900
54320001,Avenue de la Meurthe,Maxéville,54320,4871000,617500
54330001,"6, Avenue Jacques Leclerc",VÉZELISE,54330,4848700,609400
54340002,ZA TURLOMONT,POMPEY,54340,4876800,612400
54360002,33 Rue de Lorraine,DAMELEVIèRES,54360,4855700,639300
54360003,25 Avenue Pierre Semard,Blainville-sur-l'Eau,54360,4855600,639800
54380010,RUE EMILE GALLE,DIEULOUARD,54380,4883199.0763076,606426.20759072
54380011,1 Avenue du Général De Gaulle,Dieulouard,54380,4884625.5,607105.1
54390001,2 Rue du Bois,Frouard,54390,4874200,614900
54390002,91 Rue de Metz,FROUARD,54390,4875800,613600
54450002,11 GRANDE RUE,AVRICOURT,54450,4864400,680600
54450003,"1, rue du Beuhot",Blâmont,54450,4858692,684452
54450004,8 route de strasbourg,OGEVILLER,54450,4855000,672500
54460001,"32, Route de Frouard",LIVERDUN,54460,4875000,608100
54470002,ZA de la Louviére,THIAUCOURT,54470,4894700,587600
54470003,40 Grand Rue,Limey-Remenauville,54470,4888500,589000
54480001,1.RUE DU PARTERRE,CIREY-SUR-VEZOUZE,54480,4857900,694300
54500004,22 Avenue Jeanne d'Arc,Vandoeuvre-lès-Nancy,54500,4866000,618300
54500005,2 Rue Bernard Palissy,VANDOEUVRE-LèS-NANCY,54500,4865400,617700
54500007,R.N.57 LE DERNIER SOU,Vandoeuvre-lès-nancy,54500,4865500,618600
54500008,2 AVENUE DE BOURGOGNE,Vandoeuvre-lès-nancy,54500,4864965,614633
54510001,AVENUE EUGENE POTTIER,TOMBLAINE,54510,4868600,621800
54520001,rue de la Sapinière,LAXOU,54520,4869100,612800
54520004,12 Avenue de la Résistance,Laxou,54520,4869400,613100
54520006,10 AVENUE DE LA RESISTANCE,LAXOU,54520,4869400,613300
54520007,5 AVENUE DE LA RESISTANCE,LAXOU,54520,4869407.41618,613189.717093
54530002,Rue Jean Jaurès,Pagny-sur-Moselle,54530,4897800,602700
54540002,6 ter avenue de la division leclerc,Badonviller,54540,4849800,689000
54540003,26 avenue de la Division Leclerc,Badonviller,54540,4849800,688600
54600002,31 boulevard de Baudricourt,VILLERS-LèS-NANCY,54600,4867500,616300
54600004,110 Avenue Paul Muller,VILLERS-LèS-NANCY,54600,4865700,611200
54600005,BD DES AIGUILLETTES,Villers-lès-Nancy,54600,4867308,615342
54610001,Route de Nancy,NOMENY,54610,4888701,623214
54630001,AUTOROUTE A 330,Richardménil,54630,4860700,617400
54670004,41 RUE DU GAL LECLERC,CUSTINES,54670,4879284.5,614503.3
54700005,Rue Nicolas Pierson,PONT-à-MOUSSON,54700,4892100,605800
54700006,CENTRE COMMERCIAL MONTRICHARD,PONT-à-MOUSSON,54700,4890900,604400
54700009,Le Pré Latour,PONT-à-MOUSSON,54700,4891700,606500
54700010,AUTOROUTE A31 - AIRE L'OBRION,LOISY,54700,4885585.63022,608777.352389
54700011,AUTOROUTE A31AIRE DE LOISY,LOISY,54700,4886058.8172143,609169.35288608
54710001,Chemin du Bon Curé,LUDRES,54710,4861646.7979919,617530.41191102
54800001,48 Rue de Verdun,JARNY,54800,4916569.54684,586370.855867
54800003,N.I. du Val de l'Orne CONFLANS EN JARNISY,JARNY,54800,4916400,583600
54800004,40 Avenue Lafayette,JARNY,54800,4916000,588100
54800006,"18-32, rue de Metz",JARNY,54800,4915400,589200
54830001,18 Rue du Général Leclerc,Gerbéviller,54830,4849700,651400
54840004,Rue de la Croix Saint-Nicolas,Gondreville,54840,4869100,596900
54920002,35 route nationale,VILLERS LA MONTAGNE,54920,4947100,582100
54960001,2A avenue des marronniers,Mercy-le-bas,54960,4939434.84089,575669.93362348
54970001,37 Rue de Verdun,Landres,54970,4931900,579900
55000003,2 Route de Reims,FAINS-VéEL,55000,4879000,513700
55000004,Avenue de la Grande Terre,BAR-LE-DUC,55000,4875700,519200
55000005,4 IMPASSE DE LA VARENNE,Fains-Véel,55000,4878700,514000
55000010,32 RUE ERNEST BRADFER,Bar-le-Duc,55000,4876700,517300
55100001,Avenue de Metz,VERDUN,55100,4914200,540800
55100003,2 Avenue Miribel,Verdun,55100,4916800,538700
55100004,Place Maurice Genevoix,VERDUN,55100,4916500,538000
55100007,4 AV DU GENERAL DE GAULLE,VERDUN,55100,4916500,538000
55110002,36 BIS ROUTE NATIONALE,Consenvoye,55110,4928611.1095592,528841.10553228
55110003,29 rue Ste Marguerite,Dun-sur-Meuse,55110,4939100,518300
55120001,RN 3,Clermont-en-Argonne,55120,4910482.9792036,506845.36033295
55130002,10 Rue d'Abainville,Houdelaincourt,55130,4855000,548100
55140001,6 rue des Gites,VAUCOULEURS,55140,4860362,566686
55160013,AUTOROUTE A4 AIRE DE VERDUN SAINT NICOLAS SUD,HAUDIOMONT,55160,4911800,550800
55160014,AUTOROUTE A4 AIRE DE VERDUN SAINT NICOLAS NORD,HAUDIOMONT,55160,4912032.6,550839.83
55160015,15 rue de VERDUN,FRESNES EN WOEVRE,55160,4910000,562400
55190003,ROUTE DÉPARTEMENTALE 36D,PAGNY SUR MEUSE,55190,4868600,572600
55200002,Route d'Euville,COMMERCY,55200,4876069,560211
55200003,106 Route Nationale,Lérouville,55200,4879000,554900
55200004,1 rue Jean Moulin,Commercy,55200,4875600,558500
55210001,63 Rue Raymond Poincaré,VIGNEULLES-LèS-HATTONCHâTEL,55210,4898000,571300
55210003,28 RUE DE SAINT MIHIEL,VIGNEULLES-LES-HATTONCHATEL,55210,4897683.7,570137.2
55270002,Porte de Cheppy,Varennes-en-Argonne,55270,4922846.9477018,504075.420096
55290001,"2, chemin de l'écussey",BURE,55290,4848900,535500
55300002,6 RUE DU FORT,Saint-Mihiel,55300,4888800,554000
55300003,Route de Bar le Duc,Chauvoncourt,55300,4890200,551500
55300004,RUE DU DOCTEUR THIERRY,SAINT MIHIEL,55300,4888900,554300
55320001,Lieu-dit le moulin Charlier,Dieue-sur-Meuse,55320,4907700,544800
55400003,30 Rue du 3ème RHC,ÉTAIN,55400,4921700,564300
55430001,6 Rue du Général de Gaulle,Belleville-sur-Meuse,55430,4916840.340999,538679.0042283
55500001,Rue de la Ballastière,Ligny-en-Barrois,55500,4867700,532600
55500002,27 RUE DES ETATS UNIS,Ligny-en-Barrois,55500,4868769,532119
55500003,91 rue de Ligny,Velaines,55500,4869900,530600
55600001,11 Avenue de Verdun,Montmédy,55600,4951300,537500
55700005,ZAC des cailloux,STENAY,55700,4948300,520200
55700006,AVENUE DE VERDUN,STENAY,55700,4948385.3119268,520339.75146027
55800002,30 rue de la tresse,REVIGNY-SUR-ORNAIN,55800,4882500,499300
57000001,45 Avenue André Malraux,METZ,57000,4910449,617949
57000002,78 Rue du Général Metman,Metz,57070,4912000,622100
57000005,108 Boulevard Saint-Symphorien,Longeville-lès-Metz,57050,4911629,615026
57000008,8 Avenue Leclerc de Hauteclocque,Metz,57000,4911000,617100
57000009,28 Avenue André Malraux,Metz,57000,4910600,617900
57000011,56 Rue de Pouilly,Metz,57000,4907468,618439
57000022,10 RUE DES ALLIES,METZ,57050,4913000,616500
57000025,Bd du Pontiffroy,METZ,57000,4912600,617900
57050001,36 Route de Lorry,METZ,57050,4913056.2697164,615747.06718508
57050002,66 Route de Woippy,METZ,57050,4913400,616200
57070001,Rue de Belletanche,METZ,57070,4911000,620900
57070003,62 Rue du Général Metman,METZ,57070,4912009,621832
57070005,192 Avenue de Strasbourg,Metz,57070,4910600,620900
57070011,174 AVE DE STRASBOURG,METZ,57070,4910800,620600
57070013,RUE DE L ABATTOIR,Saint-Julien-lès-Metz,57070,4912700,618900
57071001,Bd SOLIDARITE,Metz,57070,4910700,623100
57100001,1 route de Mondorf,MANOM,57100,4937932.99391,617033.70379
57100002,Rue du Maillet,THIONVILLE,57100,4935600,614000
57100006,20 Route d'Arlon - Linkling 3,THIONVILLE,57100,4936300,611800
57100007,2 RUE STEPHEN LIEGEARD ROND POINT MERLIN,THIONVILLE,57100,4935200,616000
57100008,1 ROUTE DE METZ,THIONVILLE,57100,4933700,615600
57117001,16 Route Sarrebruck,Montoy-Flanville,57645,4911700,627900
57120001,ROUTE DE METZ,ROMBAS,57120,4923600,610900
57120005,RUE DU MUGUET,ROMBAS,57120,4925000,609600
57130001,132 Rue Georges Clemenceau,ARS-SUR-MOSELLE,57130,4908457,608798
57130003,RUE DU BOIS LE PRETRE,Ars-sur-Moselle,57130,4907300,607400
57130004,41 ROUTE DE METZ,Jouy-aux-Arches,57130,4907000,608600
57140003,AUTOROUTE A31,Woippy,57140,4918100,617800
57140005,Autoroute A31,La Maxe,57140,4915000,618500
57150002,3 Rue du Barrois,Creutzwald,57150,4920200,670800
57150005,35 Rue du Barrois,Creutzwald,57150,4919543,670652
57150006,Z. A.,Creutzwald,57150,4918800,669800
57155002,"1, la Belle Fontaine",MARLY,57155,4906705.36,614256.08
57157001,1 Rue Costes et Bellonte,Marly,57155,4908700,615100
57160001,44 AVENUE JEAN CLAUDE THEOBALD,MOULINS-LèS-METZ,57160,4908300,611000
57160002,66/68 voie de la Liberté,SCY-CHAZELLES,57160,4910900,612300
57160006,AVENUE DE LA LIBERATION,Châtel-Saint-Germain,57160,4912000,608300
57170001,Rue de METZ,CHâTEAU-SALINS,57170,4882386,650710
57170002,29 RUE DE METZ,Château-Salins,57170,4882400,650700
57185002,ZAC DE BELLE FONTAINE,CLOUANGE,57185,4925800,608400
57185006,RUE LOUIS ARAGON,VITRY SUR ORNE,57185,4927265.0611775,611810.95875411
57190001,11 Rue Nationale,FLORANGE,57190,4931759,611436
57200001,60 Route de Nancy,Sarreguemines,57200,4910011,705924
57200002,24 Rue du Maréchal Foch,Sarreguemines,57200,4911400,707400
57200003,Rue Poincarré,Sarreguemines,57200,4910655,707164
57200004,Route de Bitche,SARREGUEMINES,57200,4911700,710100
57210001,59 Route de Thionville,MAIZIèRES-LèS-METZ,57280,4922100,616300
57220002,RUE DU GENERAL NEWINGER,Boulay-Moselle,57220,4917800,649400
57230001,2 Rue de la Paix,BITCHE,57230,4904800,742700
57230003,31 Rue Jean-Jacques Kieffer,BITCHE,57230,4904700,742600
57255001,RD 643,SAINTE-MARIE-AUX-CHêNES,57255,4919700,599500
57260001,105 Impasse Jean Laurain,Dieuze,57260,4881100,671400
57260003,18 Avenue Foch,DIEUZE,57260,4881200,671500
57260005,5 rue René Peltre,Dieuze,57260,4881985,672319
57270001,Rue de Metz,RICHEMONT,57270,4929755.07615,616521.674408
57280001,VOIE ROMAINE,SEMéCOURT,57280,4919900,615000
57280003,A 31 Sortie Maizières les Metz,HAUCONCOURT,57280,4921400,617000
57290002,AVENUE FRANCOIS MITTERRAND,Fameck,57290,4930800,611800
57300002,Chemin départemental,Ay-sur-Moselle,57300,4924100,621000
57300005,153 ROUTE DE METZ,HAGONDANGE,57300,4924300,617000
57303001,1 rue de Bousse BP20 MONDELANGE,Mondelange,57300,4926200,617500
57310001,"1, rue Bellevue",GUéNANGE,57310,4930121,618923
57310002,Boulevard de la Tournaille,GUéNANGE,57310,4929965,620930
57320004,1 RUE DE METZ,VAUDRECHING,57320,4928800,653000
57340003,AVENUE POMPIDOU,MORHANGE,57340,4893275.0469605,665262.11167725
57340004,rue lavoisier,Morhange,57340,4893400,665200
57350001,"3, RUE NATIONALE",SPICHEREN,57350,4920500,695600
57360001,RUE CLEMENCEAU,Amnéville,57360,4925636.7262787,613017.46660705
57365001,Rue Auguste Renoir,Ennery,57365,4922000,621300
57370001,1 RUE DE SARREBOURG,Phalsbourg,57370,4876800,724800
57370003,Rue des Glacis,PHALSBOURG,57370,4876591,725404
57370004,rue de Strasbourg Zac Louvois,Phalsbourg,57370,4877400,724400
57370008,5 RUE DE NANCY,PHALSBOURG,57370,4876900,724200
57380002,"42, rue de Créhange",FAULQUEMONT,57380,4904800,659300
57380004,6 RUE EMILE HOUPERT,FAULQUEMONT,57380,4904813.2,659812.9
57400001,route de Phalsbourg,SARREBOURG,57400,4874000,707000
57400003,RN 4,Sarrebourg,57400,4872841.8049091,702808.94664432
57400005,15 Avenue de France,Sarrebourg,57400,4873500,704600
57400007,8 Rue de Strasbourg,SARREBOURG,57400,4874200,707800
57402001,19 Route de Lunéville,SARREBOURG,57400,4873200,704600
57410001,Route de Strasbourg,ROHRBACH-LèS-BITCHE,57410,4904700,728400
57420002,1 Rue d'Alsace et de Lorraine,Solgne,57420,4897000,629600
57420005,1 RUE DU FORT,VERNY,57420,4901200,620400
57420006,AEROPORT METZ NANCY LORRAINE,GOIN,57420,4898375.7,624541.8
57430001,ROUTE DE STRASBOURG,SARRALBE,57430,4899100,702800
57430004,97 Route de Strasbourg,SARRALBE,57430,4898700,702800
57440002,"ZAC de la Paix, Rue de Knutange",Algrange,57440,4934965.2150066,604019.83200684
57450003,63 avenue Saint Jean,Farébersviller,57450,4911000,685600
57470004,6 RUE DE METZ,HOMBOURG-HAUT,57470,4912359.6,677739
57500001,Avenue du Général Patton,SAINT-AVOLD,57500,4911600,670800
57500002,Rue du Général Mangin,Saint-Avold,57500,4910800,671900
57510003,RUE DE FORBACH,PUTTELANGE,57510,4905802.1,692218
57510004,RUE DE FORBACH,PUTTELANGE AUX LACS,57510,4905849.7027258,692065.45359288
57520001,15 AVENUE MARCHANDE,GROSBLIEDERSTROFF,57520,4913400,704400
57525001,Zone commerciale du Triangle,Talange,57525,4924121.1869693,617203.29781475
57530001,RN3 ZAC SAINT JEAN,COURCELLES-CHAUSSY,57530,4911000,639200
57580001,51 Rue de Metz,RéMILLY,57580,4901700,638400
57580002,route de Metz,RéMILLY,57580,4901700,638400
57590003,RUE RAYMOND POINCARE,DELME,57590,4888862.9,638945.9
57600002,199 Rue Nationale,Forbach,57600,4918200,689000
57600003,655 Rue de Sarreguemines,Oeting,57600,4917400,691800
57600005,Avenue de l'Europe,FORBACH,57600,4917500,688400
57600014,Rue de Sarreguemines,OETING,57600,4917700,692700
57600015,19 RUE NATIONALE,FORBACH,57600,4919000,690800
57620002,1 RUE DE SARREGUEMINES,LEMBERG,57620,4899781.2058039,737935.27493951
57650001,CD 59 A,FONTOY,57650,4935500,599500
57660001,5 rue du Kreuzhof,ERSTROFF,57660,4899000,678400
57700002,RUE DU MARECHAL FOCH,Hayange,57700,4933100,605700
57700004,27 rue Jean Jaurès,HAYANGE,57700,4933060.3191519,607954.06452818
57710001,Rue de l'Ancienne Scierie,AUMETZ,57710,4941200,595000
57730001,RD 910 A,Valmont,57730,4907700,669300
57740003,RTE NATIONALE 3,LONGEVILLE-LèS-SAINT-AVOLD,57740,4911100,667900
57740004,ZONE COMMERCIALE DU HECKENWALD,LONGEVILLE-LES-SAINT-AVOLD,57740,4911100,669800
57740007,RN 3,Longeville-lès-Saint-Avold,57740,4910900,668600
57740008,AUTOROUTE A4 - AIRE DE LONGEVILLE SUD,Longeville-lès-Saint-Avold,57740,4913300,666100
57740010,Autoroute A4 km 358 sens Paris - Strasbourg,Longeville-lès-Saint-Avold,57740,4913430,665722
57790001,1BIS RUE DU GENERAL DE GAULLE,LORQUIN,57790,4867100,700000
57800001,Rue Houillère,Freyming-Merlebach,57800,4914808.4755643,681026.71383
57800002,RN 3,Betting,57800,4913900,679900
57800003,26 Rue Nationale,Rosbruck,57800,4915900,685000
57800005,RUE NATIONALE,ROSBRUCK,57800,4915781.7,684883.7
57804001,4 rue des Genêts Zac de Betting,Freyming-Merlebach,57800,4913700,680800
57850001,14 Rue du Général Leclerc,DABO,57850,4867600,720200
57855003,A4 Aire De Metz,SAINT-PRIVAT-LA-MONTAGNE,57855,4917923.3365615,605361.60147223
57910002,Rue Principale,HAMBACH,57910,4908300,704000
57930002,33 rue du Maréchal Leclerc,Fenétrange,57930,4884300,702100
57940001,de l'Arc Mosellan,Metzervisse,57940,4932021.0046711,627828.54114496
57950002,rue de Nomény,Montigny-lès-Metz,57950,4908729,615686
57970002,Parc Unicom,Basse-Ham,57970,4937500,622900
57980003,130 RUE PRINCIPALE,DIEBLING,57980,4911240.5,693069.5
59000010,72 Avenue du Président John F. Kennedy,Lille,59000,5063200,307000
59000016,112 RUE DE LA BASSEE,LILLE,59000,5062600,303500
59000017,"365, BOULEVARD VICTOR HUGO",LILLE,59000,5061800,305100
59000019,"2, RUE DE TURENNE",LILLE,59000,5062976.41552,303570.571173
59000020,17 A 25 RUE ROGER SALENGRO,LILLE,59000,5062900,310300
59100003,70 Avenue des Nations Unies,Roubaix,59100,5069400,318300
59100011,660 AVENUE DES NATIONS UNIES,ROUBAIX,59100,5069800,316600
59100012,48 AVENUE GUSTAVE DELORY,ROUBAIX,59100,5067431,317409
59110001,Rue du Pré Catelan,La Madeleine,59110,5065500,306000
59110005,BOULEVARD ROBERT SCHUMANN,LA MADELEINE,59110,5065100.8579,306270.154852
59110006,184 RUE DU GENERAL DE GAULLE,LA MADELEINE,59110,5065584.7160039,307394.16578541
59110007,10 Rue Bernard Ruyant,La Madeleine,59110,5066100,306800
59111001,AVENUE KENNEDY,BOUCHAIN,59111,5029249.14941,330109.415523
59112002,Rue du Lavoisier,ANNOEULLIN,59112,5052800,294500
59113001,impasse roger bouvry,SECLIN,59113,5054100,302100
59113006,ZI de l'Epinette,Seclin,59113,5055000,305300
59113009,1 Route d'Avelin,SECLIN,59113,5054600,305000
59113011,A1 Aire de Phalempin Ouest,SECLIN,59113,5053200,304600
59113013,Autoroute A1 Km 198 Sens Paris - Lille,Seclin,59113,5052892.16,304570.24
59114003,144 Route d'Eecke,Steenvoorde,59114,5080000,259200
59114004,Route d'Hazebrouck,Terdeghem,59114,5080400,257800
59114006,AUTOROUTE A25 - AIRE DE ST LAURENT,Steenvoorde,59114,5082600,258600
59114007,AUTOROUTE A25AIRE DE SAINT ELOI,STEENVOORDE,59114,5083000,258000
59115001,"1, avenue de l'Europe",Leers,59115,5068000,322300
59116001,18 place de la République,HOUPLINES,59116,5068904,290194
59118001,491 rue de Quesnoy,WAMBRECHIES,59118,5069200,305100
59119003,194 Route de Tournai,WAZIERS,59119,5039200,310800
59120002,"92, RUE GEORGES POTIE",LOOS LES LILLE,59120,5061300,300500
59121002,RN 30,HAULCHIN,59121,5031100,340700
59123001,49 RUE PIERRE DECOCK,BRAY-DUNES,59123,5106500,252000
59125003,2 Rue de la Concorde,Trith-Saint-Léger,59125,5032700,348900
59125006,A2 Paris Bruxelles,Trith saint leger,59125,5033265.1,350750.7
59128002,ANCIENNE RN 43,FLERS-EN-ESCREBIEUX,59128,5040000,304300
59129001,Rue Sadi Carnot,AVESNES-LES-AUBERT,59129,5019000,338800
59129004,79 B RUE SADI CARNOT,Avesnes-les-Aubert,59129,5019210.05,338466.06
59130001,237 Avenue de l'Hippodrome,Lambersart,59130,5064500,302900
59130002,9 Rue Gustave Eiffel,Lambersart,59130,5065900,301300
59132001,103 Rue Roland Rouleau,Glageon,59132,5005800,408700
59133002,47 rue Jean Baptiste Lebas,Phalempin,59133,5052100,302100
59134001,20 rue du haut quesnoy,le maisnil,59134,5061300,288300
59135001,cd 13Lieu dit LEBERGER,BELLAING,59135,5036500,343500
59136001,30 Rue de Lille,WAVRIN,59136,5058000,293300
59138001,14 Grand Rue,PONT-SUR-SAMBRE,59138,5021700,384900
59139001,205 rue clémenceau,Wattignies,59139,5059100,305200
59141002,Rue Clemenceau,Iwuy,59141,5022800,332000
59142001,Rue Gambetta,VILLERS-OUTRéAUX,59142,5002900,328600
59146002,48 RUE ETIENNE D'ORVES,PECQUENCOURT,59146,5038100,322100
59148003,15 Rue des Résistants,Flines-lez-Raches,59148,5042800,318000
59149002,72 route nationale,Cousolre,59149,5024755.365446,414879.85556476
59150002,RUE DE STALINGRAD,WATTRELOS,59150,5069700,321000
59151002,663 RUE SALVADOR ALLENDEE,ARLEUX,59151,5028300,310200
59153001,Le cochon noir,GRAND-FORT-PHILIPPE,59153,5098911.3674821,211230.38830092
59155007,C.C. AUCHAN - LIEU-DIT MOULIN DE,Faches-Thumesnil,59155,5058400,308400
59155008,93 route d'arras,Faches-Thumesnil,59155,5060900,306000
59156002,RUE SOCRATE,LOURCHES,59156,5031100,334600
59157002,RD 643 LE JEUNE BOIS,Beauvois-en-Cambrésis,59157,5013800,339500
59160002,130 RUE DU GRAND BUT,LOMME,59160,5064900,298000
59160003,"293, avenue de Dunkerque",LOMME,59160,5063900,302100
59160004,"219, rue Jean Jaurès",Lomme,59160,5064300,301200
59160006,16 RUE HEGEL,Lille,59160,5062869.8518151,301746.57061535
59161001,2 Rue Jean Jaurès,ESCAUDOEUVRES,59161,5018500,325400
59162001,Route de Thumeries,Ostricourt,59162,5046512,302745
59163001,avenue de la liberté,CONDé-SUR-L'ESCAUT,59163,5045200,359100
59163002,46 Avenue de la Liberté,CONDE-SUR-L'ESCAUT,59163,5045300,358900
59166001,27 rue Auger,BOUSBECQUE,59166,5076700,308700
59167003,Rue de Pecquencourt,Lallaing,59167,5038890.912316,317392.9863807
59174002,AUTOROUTE A2 - AIRE DE LA SENTINELLE OUEST,LA SENTINELLE,59174,5034076.2248246,346819.39305566
59174003,960 avenue Jean Jaurès,La Sentinelle,59174,5034600,348000
59176001,1 Rue de Monchecourt,Masny,59176,5033629,320489
59179002,79 PLACE DES FUSILLES,FENAIN,59179,5036600,330000
59180001,1 Rue du Hoogheporte,CAPPELLE-LA-GRANDE,59180,5099600,236700
59182001,Avenue Raymond Honoré,Montigny-en-Ostrevent,59182,5036750,319031
59184002,AVENUE DE LA SABLONNIERE,Sainghin-en-Weppes,59184,5056437.216,289924.34
59190002,Parc d'Activités de la Creule,Hazebrouck,59190,5073900,254900
59190003,Rue de l'Epeule,Hazebrouck,59190,5071500,254300
59190004,88 Rue Notre-Dame,HAZEBROUCK,59190,5073100,254400
59190005,10 Boulevard de l'Abbé Lemire,Hazebrouck,59190,5072500,253600
59190010,48 rue notre dame,Hazebrouck,59190,5072829.8011829,254297.65412612
59190011,1 route d'hazebrouck,caestre,59190,5073219.8,254453.9
59193003,Rue d'Armentières,Erquinghem-Lys,59193,5067715.97,284638.16
59194001,510 Rue Nationale,RâCHES,59194,5041500,313600
59197001,route de Trélon,AVESNELLES,59440,5011800,394500
59198002,2 RUE DE VALENCIENNES,Haspres,59198,5026000,341800
59200003,2 Avenue de la Marne,Tourcoing,59200,5071300,315600
59200006,185 Rue du Touquet,TOURCOING,59200,5072200,317800
59200008,"398, BOULEVARD DE L'EGALITE",TOURCOING,59200,5073700,316900
59200009,344 Chaussée Denis Papin,TOURCOING,59200,5072849.88,313724.15
59210003,109 Route de Furnes,COUDEKERQUE-BRANCHE,59210,5103376,240223
59210004,89 Avenue Jean Baptiste Lebas,COUDEKERQUE-BRANCHE,59210,5102400,237000
59210005,14 ROUTE DE FURNES,Coudekerque-Branche,59210,5103200,239400
59211002,2 Rue du Coeur Joyeux,SANTES,59211,5059700,295400
59215001,RUE EMILE ZOLA,Abscon,59215,5033600,330300
59216002,27 rue du général de gaulle,Sars-Poteries,59216,5016700,404100
59219001,58 Route Nationale,Larouillies,59219,5003100,392400
59221001,75 bis rue jean jaures,BAUVIN,59221,5051700,289400
59222001,RUE DE LANDRECIES,BOUSIES,59222,5015100,362300
59223001,Boulevard d'Halluin,RONCQ,59223,5074000,313900
59223004,AVENUE ROBERT SCHUMANN - C I T,RONCQ,59223,5075400,313500
59230001,Rue des Faïenciers Fauquez,SAINT-AMAND-LES-EAUX,59230,5044200,342700
59230002,ZA DU MONT DES BRUYERES ROCADE NORD,SAINT-AMAND-LES-EAUX,59230,5043641.8335666,344006.36257172
59231002,181 Avenue du Général de Gaulle,GOUZEAUCOURT,59231,5005700,313100
59233004,121 rue bantegnie,Maing,59233,5031304.9510102,349094.02807844
59237001,31 Rue de Pérenchies,Verlinghem,59237,5068003,299646
59239002,4 Rue Pasteur,Thumeries,59239,5047447.5983978,305124.86498764
59240001,2 Rue des Forts,DUNKERQUE,59240,5104600,241500
59240002,Boulevard de l'Europe,DUNKERQUE,59240,5105000,241400
59242003,"29, rue de Maresquel",Templeuve,59242,5052230,317427
59242006,A 23 sens Lille-Valenciennes Aire de Genech,Templeuve,59242,5051700,320800
59243002,221 avenue Jean Jaurès,Quarouble,59243,5038700,362300
59246005,1 RUE SAINT JEAN,MONS EN PEVELE,59246,5047800,311000
59250001,av Abbé Lemire,HALLUIN,59250,5078390.4132453,314012.14931468
59250002,Boulevard de Roncq,HALLUIN,59250,5077200,312700
59253001,Avenue des Aulnes,LA GORGUE,59253,5063346.09022,271151.365692
59260007,BOULEVARD DE TOURNAI,LEZENNES,59260,5061600,311900
59264001,ECHANGEUR 24,Onnaing,59264,5038731.28,359873.62
59265001,Route Nationale 43,Aubigny-au-Bac,59265,5026625.0327214,315955.37708461
59270001,601 Route de Méteren,Bailleul,59270,5073900,272600
59270002,Avenue des Nations Unies,BAILLEUL,59270,5072400,274000
59270003,Rue Johannes Gutenberg,BAILLEUL,59270,5073084,274532
59278003,10 RUE JEAN JAURES,Escautpont,59278,5042400,356400
59279002,1476 route nationnale 1,LOON-PLAGE,59279,5100100,224400
59279004,17 PLACE DU GENERAL DE GAULLE,HONDSCHOOTE,59122,5098200,258400
59279006,1 RUE DE GRAVELINES,LOON PLAGE,59279,5099534.1251087,220443.99878326
59280001,20 Rue Gambetta,Armentières,59280,5068300,288100
59282001,28 ROUTE D'HASPRES,DOUCHY-LES-MINES,59282,5030302.94549,340229.975978
59286002,140 rue jean jaures,Roost Warendin,59286,5041977.8,310704.6
59287002,bd ambroize croizat,Guesnain,59287,5034647.2836108,314827.07370177
59290001,AVENUE DU GRAND COTTIGNIES,WASQUEHAL,59290,5068194.96755,312810.003573
59290002,Rue de la Couture,Wasquehal,59290,5065300,312600
59300005,3 Boulevard Eisen,Valenciennes,59300,5036300,353000
59300006,Chemin des Bourgeois,Valenciennes,59300,5034352,351736
59300011,59 Avenue de Verdun,VALENCIENNES,59300,5035300,353500
59300013,Rue Ernest Macarez,VALENCIENNES,59300,5037900,354300
59300015,9-12 RUE E. MACAREZ,VALENCIENNES,59300,5036900,353200
59300016,27 BD SALY,VALENCIENNES,59300,5035369,352025
59300021,36 AV DE ST AMAND,VALENCIENNES,59300,5036600,351300
59300025,Z.A.C d'Aulnoy lez Valenciennes,Aulnoy-lez-Valenciennes,59300,5033437.5465375,351662.78967671
59310001,RUE CLAUDE JEAN,Orchies,59310,5047100,324800
59310004,Carrière Pierre Tockaert,Orchies,59310,5048000,324700
59310006,"Route dpt 938 zone de l'Europe / Zone d'Activites Europe, 3",ORCHIES,59310,5047610.1096486,323490.29753367
59310009,6 Rue Saulzoir,Beuvry-la-Forêt,59310,5045891.2,328892.8
59320001,RN 352,HAUBOURDIN,59320,5062600,296700
59320005,Rue de la Canteraine,EMMERIN,59320,5059800,299400
59320006,RN 41,Hallennes-lez-Haubourdin,59320,5060000,293800
59320007,7 RUE PAUL COLETTE,HALLENNES LEZ HAUBOURDIN,59320,5060481.4996706,295308.69634065
59350002,17 rue du Général Leclerc,SAINT-ANDRE-LEZ-LILLE,59350,5065800,305200
59360003,37 av Mal de Lattre de Tassigny,LE CATEAU,59360,5009447.91504,353760.957315
59370002,25 RUE FRANKLIN,MONS EN BAROEUL,59370,5064505.01179,309655.197537
59370004,RN 356 - VOIE RAPIDE URBAINE,Mons-en-Barœul,59370,5064800,309900
59380002,16 rue nationale,Bierne,59380,5097300,242300
59380005,FAUBOURG DE CASSEL RD 916,QUAEDYPRE,59380,5096273,243290
59400003,491 Rue de Landrecies,Cambrai,59400,5017500,324800
59400004,BLD DE LA LIBERTE,Cambrai,59400,5016900,323200
59400005,187 Rue Saint-Ladre,CAMBRAI,59400,5016300,324800
59400006,2 Avenue Georges Nuttin,CAMBRAI,59400,5014900,322200
59400007,"2, RUE DE CAUDRY",CAMBRAI,59400,5016700,323800
59400008,58 RUE DE DOUAI,CAMBRAI,59400,5018500,322500
59411001,Rue Jacquard,COUDEKERQUE-BRANCHE,59210,5101600,238200
59420002,160 RUE DE ROUBAIX,Mouvaux,59420,5069725.81,314084.45
59430001,ZAC des Jardins,Dunkerque,59430,5102330.9839673,234005.36206785
59430002,18 Rue de la République,Saint-Pol-sur-Mer,59430,5102900,235900
59440001,ROUTE DE LANDRECIES,AVESNELLES,59440,5011924,392756
59440002,39 AVENUE STROH,Avesnes-sur-Helpe,59440,5012900,393700
59440004,88 Av. du Pont Rouge,Avesnes-sur-Helpe,59440,5012488.7567371,392640.08331655
59450001,Zone du Luc,DECHY,59187,5034000,310000
59450002,121 AVENUE ROGER SALENGRO,Sin-le-Noble,59450,5036400,309700
59450005,RUE AMBROISE CROIZAT,Sin-le-Noble,59450,5036802.2611035,312012.8517168
59460001,Avenue du Général de Gaulle,JEUMONT,59460,5028975,410231
59460002,940 Rue du Maréchal Leclerc,JEUMONT,59460,5030900,408900
59470003,Route de Begues,WORMHOUT,59470,5089100,246300
59470004,703 Route de Bergues,Wormhout,59470,5089100,246300
59474001,15 Route de Lille,Seclin,59113,5055900,303400
59480002,10 Rue Maurice Bouchery,LA BASSéE,59480,5053009.0586347,280486.53757779
59490001,Rue Pierre Sémard,Somain,59490,5035800,327800
59490002,Boulevard Louise Michel,SOMAIN,59490,5034813.69944,328197.334524
59494002,RN45,Petite-Forêt,59494,5037600,347400
59494009,AUTOROUTE A23 6 - AIRE DE PETITE FORÊT,Petite-Forêt,59494,5037000,348100
59500005,87 Route de Meurchin,WINGLES,62410,5049700,286700
59500009,143 BOULEVARD PAUL HAYEZ,DOUAI,59500,5036300,308300
59500010,307 BOULEVARD PASTEUR,DOUAI,59500,5037053.89,307672.51
59501001,345 Boulevard Louis Breguet,Douai,59500,5038100,308500
59510003,188 AV DU GENERAL DE GAULLE,HEM,59510,5066489.8917062,318274.62575138
59520001,Rue Georges Maertens,MARQUETTE-LEZ-LILLE,59520,5066330,304615
59520003,Rue des moissons (ZAC DU TOUQUET),Marquette-lez-Lille,59520,5068127.5113008,306236.29318275
59530001,2 PLACE DE LA GARE,Le Quesnoy,59530,5025000,364500
59530002,Centre Commercial Les Portes de l'Avesnois ZAE Ouest,Le Quesnoy,59530,5025500,363500
59540002,Rue de la Gare,CAUDRY,59540,5011200,341000
59540003,Boulevard du 19 Mars 1962,CAUDRY,59540,5011300,341600
59541001,Boulevard du 8 Mai 1945,CAUDRY,59540,5012900,342600
59550001,Boulevard des Résistants,LANDRECIES,59550,5012400,368900
59550002,57 Faubourg de France,Landrecies,59550,5011864,370226
59550003,2574 Chemin De Maubeuge,MAROILLES,59550,5013700,377200
59553003,759 RUE JEAN JAURES,CUINCY,59553,5037748.6135117,305775.04189407
59554002,RD 643,TILLOY-LEZ-CAMBRAI,59554,5019307.46494,321331.274963
59554005,"16 BIS, ROUTE DE BAPAUME",RAILLENCOURT STE OLLE,59554,5017600,320400
59554008,Route de Bapaume,RAILLENCOURT SAINTE OLLE,59554,5019198.59,317036.5
59570001,Rue des Platanes,BAVAY,59570,5030122,379447
59570003,VOIE RAPIDE HAUTMONT-MAUBEUGE,HAUTMONT,59330,5025800,391300
59580001,67 Boulevard Paul Vaillant-Couturier,ANICHE,59580,5033003,324294
59600006,4 Boulevard de l'europe,Maubeuge,59600,5028200,397000
59600009,QUARTIER DE L'EPINETTE,Maubeuge,59600,5029008.3699991,396577.30404875
59610001,61 Rue Jean Jaurès,FOURMIES,59610,5001800,405300
59610002,rue theophile legrand,FOURMIES,59610,5002400,402800
59610004,1 PLACE DERIGNY,FOURMIES,59610,5002000,403000
59620002,Rue de la Fontaine,AULNOYE-AYMERIES,59620,5020900,382800
59620005,Rue Jean Catelas,Aulnoye-Aymeries,59620,5019800,384800
59630002,CHEMIN DE LA VIEILLE COLME,BOURBOURG,59630,5093921,219998
59630003,3 Rue Jean Varlet,BOURBOURG,59630,5094384.9986115,219784.86125013
59640002,AV DE LA VILLETTE,DUNKERQUE,59640,5102400,236000
59650001,10 PLACE DE LA REPUBLIQUE,Villeneuve-d'Ascq,59650,5062625,314909
59650002,140 Rue Jean Jaurès,Villeneuve-d'Ascq,59491,5066480,314041
59650009,"186, Rue des Fusillés",Villeneuve-d'Ascq,59650,5061196.72751,315988.065719
59650011,Boulevard de Mons,VILLENEUVE-D'ASCQ,59650,5064300,314400
59650012,"76, RUE JEAN JAURES",Villeneuve-d'Ascq,59650,5065925,313527
59650013,33 RUE JEAN JAURES,VILLENEUVE D'ASCQ,59491,5065967.936,313539.032
59658001,18 rue jules guesde,VILLENEUVE-D'ASCQ,59650,5063600,312200
59660002,102 route d'estaires,Merville,59660,5064100,265400
59670001,769 avenue Albert Mahieu,Cassel,59670,5079800,249400
59680001,Avenue Georges Clémenceau,Ferrière-la-Grande,59680,5026010,400607
59700003,26 Avenue Aristide Briand,ARMENTIèRES,59280,5068900,288600
59700004,115 Boulevard Clemenceau,Marcq-en-Baroeul,59700,5066400,308900
59700008,1013 AVENUE DE LA REPUBLIQUE,Marcq-en-Barœul,59700,5066418,310016
59700009,PARC DU CHEVAL BLANC,MARCQ-EN-BAROEUL,59700,5068300,308500
59710002,Route d'Ennevelin,PONT-à-MARCQ,59710,5052800,310800
59710007,81 RUE DE SECLIN,Avelin,59710,5054036.4491489,307374.64096402
59720001,Rue Jules Stephenne,LOUVROIL,59720,5025400,393700
59721001,Rue de Villars,DENAIN,59220,5032700,339400
59730003,RUE DU PETIT SOLESMES,SAINT-PYTHON,59730,5018900,348700
59750004,28 Rue Jean Jaurès,Feignies,59750,5029762,391730
59750005,126 ROUTE DE VALENCIENNES,FEIGNIES,59750,5028100,390700
59760001,Avenue de l'Ancien Village,GRANDE-SYNTHE,59760,5101100,229300
59760002,Voie du Courgain - Rocade Sud - A16,Grande-Synthe,59760,5100400,230400
59760005,1 AV DE PETITE SYNTHE,Grande-Synthe,59760,5101400,230700
59770002,Avenue Henri Barbusse,MARLY,59770,5034100,356600
59770003,373 Avenue Henri Barbusse,MARLY,59770,5034300,356200
59780001,31 AVENUE D OGIMONT,Baisieux,59780,5061500,323700
59780003,RD 93 GRANDE RUE,Camphin-en-Pévèle,59780,5059477.455,325781.84717474
59790001,331 Rue Charles Saint-Venant,RONCHIN,59790,5060020.88404,308413.548938
59800002,94 Rue de Lannoy,LILLE,59000,5063400,309800
59800003,268 rue pierre Legrand,Lille,59800,5063100,309600
59817002,BOULEVARD DU BOIS D'HENCHEMONT,LESQUIN,59817,5058123.9973872,311136.89595328
59820001,ROUTE DE DUNKERQUE,GRAVELINES,59820,5099600,214900
59830001,90 rue de la savonnière,Cysoing,59830,5057523.3,321738.3
59850002,Drève Du Bailly,Nieppe,59850,5068700,284000
59860003,386-388 Rue Jean Jaurès,Bruay-sur-l'Escaut,59860,5039900,354400
59880001,125 Rue Jean Jaurès,SAINT-SAULVE,59880,5036900,355100
59890001,Route de Comines,QUESNOY-SUR-DEûLE,59890,5071687,300160
59910001,AVENUE DU GENERAL DE GAULLE,BONDUES,59910,5070600,310134
59920001,53 Avenue Jean Jaurès,QUIéVRECHAIN,59920,5040300,366900
59930002,ROUTE NATIONALE RD933,Chapelle-d'armentières,59930,5067300,289700
59940001,ROUTE DE MERVILLE,ESTAIRES,59940,5064200,270500
60000001,1 Avenue Descartes,BEAUVAIS,60000,4940900,211500
60000006,1 AVE KENNEDY,Beauvais,60000,4943000,209200
60000007,AVENUE NELSON MANDELA,Beauvais,60000,4943100,207100
60000008,42 Rue Juliette Nevouet,Goincourt,60000,4943300,204600
60000010,40 avenue du 8 Mai 1945,Beauvais,60000,4944300,209300
60000011,9 Avenue Montaigne,BEAUVAIS,60000,4941000,210900
60000012,RN 31 - ROUTE DE CLERMONT,BEAUVAIS,60000,4943100,211800
60000015,14 RUE DE CLERMONT,Beauvais,60000,4943300,209300
60000017,ZAC SAINT-MATHURIN - RD1001,Allonne,60000,4940249.5035409,212786.69713141
60005001,Route d' Amiens,BEAUVAIS,60000,4945600,210000
60100004,8 Route de Chantilly,CREIL,60100,4925100,247600
60100007,LA VALLEE DE NOGENT-RN16,CREIL,60100,4927200,248600
60110002,"Cc Les Marquises, Rue Marcel Coquet",Méru,60110,4922300,213700
60110004,A16 - SORTIE 13,MERU,60110,4921043,215118.7
60110006,1 rue de londres,Amblainville,60110,4921400,212500
60112002,Rue de Dieppe,Troissereux,60112,4948400,204700
60120002,Rue d'Amiens,BRETEUIL,60120,4963600,229000
60120004,84 Avenue du Général Frère,Breteuil,60120,4963500,228600
60120005,88 rue d`Amiens les Hiebles ZAC NORD,BRETEUIL,60120,4964100,227900
60120006,AUTOROUTE A16 - AIRE HARDIVILLERS,HARDIVILLERS,60120,4960849,220488
60126001,202 RUE DE PICARDIE,Longueil-Sainte-Marie,60126,4935900,271800
60130001,Z.I. Nord,SAINT-JUST-EN-CHAUSSéE,60130,4951200,243100
60140002,6 Rue Victor Hugo,Liancourt,60140,4932900,246400
60140003,Rue du Général de Gaulle,Liancourt,60140,4932593,246409
60150003,ZAC DU GROS GRELOT,THOUROTTE,60150,4947900,286800
60150005,ZI LE CHAMP SAINTE CROIX,LONGUEIL ANNEL,60150,4947000,286000
60160002,Rue André Ginisti,MONTATAIRE,60160,4925300,242800
60160003,"33, RUE GUY MOQUET",MONTATAIRE,60160,4925600,243200
60170003,ZAC DE LA GRERIE,Ribécourt-Dreslincourt,60170,4951500,292400
60180001,Rue du Marais Sec,NOGENT-SUR-OISE,60180,4927600,248600
60190002,Rue de la Sècherie,Moyvillers,60190,4941449,264666
60190003,RN 17 / RN 31,MOYVILLERS,60190,4940300,262600
60200001,47 Rue Notre-Dame de Bon Secours,COMPIèGNE,60200,4941300,281600
60200002,13 Rue de Clermont,Compiègne,60200,4941897,281861
60200005,20 Rue de Clermont,Compiègne,60200,4941900,282000
60200006,12 Avenue des Martyrs de la Liberté,Compiègne,60200,4940100,280700
60200008,1 Esplanade Marguerite Perey,Compiègne,60200,4939500,279300
60200011,Avenue de l' Europe,Compiègne,60200,4938626,278480
60200012,142 RUE DE PARIS,COMPIEGNE,60200,4940700,281300
60210002,RUE EUGENE ST FUSCIEN,GRANDVILLIERS,60210,4966000,194100
60210003,Route de Crèvecoeur,Grandvilliers,60210,4966600,195900
60220002,ROUTE D'HAUCOURT,FORMERIE,60220,4965000,172200
60220006,2 RUE ALAVOINE,Formerie,60220,4965200,172800
60230002,Rue Truffaut,CHAMBLY,60230,4915621.7844245,225460.61423989
60230004,RN1 ROUTE PARIS,CHAMBLY,60230,4918800,223500
60240001,ZAC du moulin d'Angean,Chaumont-en-Vexin,60240,4927200,187400
60250003,Route de Beauvais,ANGY,60250,4932100,233000
60260001,79 Avenue de la Libération,LAMORLAYE,60260,4915600,244500
60260002,Z.A DE LA SEIGNEURIE,Lamorlaye,60260,4915012.446903,242470.54883607
60270003,Rue Blanche,GOUVIEUX,60270,4918875.5748479,241333.8110243
60280001,6 Avenue de l'Europe,VENETTE,60280,4940800,278100
60280003,254 avenue de la république,CLAIROIX,60280,4943126.68816,283734.34750855
60290002,45 Rue du 1er Septembre,CAUFFRY,60290,4932300,244800
60290003,Route de Mouy,CAUFFRY,60290,4932200,243700
60290005,RN.16 RTE DE CLERMONT,RANTIGNY,60290,4933700,243400
60300005,Centre Commercial Villevert,SENLIS,60300,4922100,259100
60300007,64/66 AV. MAL FOCH,SENLIS,60300,4921100,259300
60300008,5/10 AVENUE MARECHAL FOCH,SENLIS,60300,4920800,259000
60300009,64 avenue du Général de Gaulle,Senlis,60300,4920834.5394961,260231.27084038
60300010,DEVIATION NORD DE SENLIS - Avenue du Poteau,CHAMANT,60300,4922100,259300
60310001,Zone Artisanale,Lassigny,60310,4959000,285400
60320001,176 Avenue de la Gare,BéTHISY-SAINT-PIERRE,60320,4929811.3505068,279945.20494136
60330004,5 ROUTE DE PARIS,Le Plessis-Belleville,60330,4909669.6560788,274946.76177427
60340001,ROUTE DE PRECY,VILLERS-SOUS-SAINT-LEU,60340,4920800,239100
60350002,19 Route de Reims,Trosly-Breuil,60350,4940100,299400
60350003,ROUTE DE SOISSONS- RN 31,Cuise-la-Motte,60350,4940400,300800
60360001,Avenue du Général de Gaulle,CRèVECOEUR-LE-GRAND,60360,4960400,208500
60360002,8 avenue du Général de Gaulle,Crèvecœur-le-Grand,60360,4960400,208500
60370002,125 RUE DE NOAILLES,HERMES,60370,4935200,223900
60380001,39 Route de Dieppe,SONGEONS,60380,4954800,184600
60390001,450 Rue des Aulnes,AUNEUIL,60390,4936800,198700
60390004,100 route de Gisors,Auneuil,60390,4937148.5,198803.2
60400001,Z.a.c. Mont-Renaud,NOYON,60400,4957117,297854
60400003,rue du moulin d'andeux,Noyon,60400,4957500,299900
60400005,70 avenue Jean Jaurès,NOYON,60400,4957500,299000
60410003,Rue Juliette Adam,Verberie,60410,4930900,273000
60420001,2 rue de la croix de coivrel,Maignelay-Montigny,60420,4955300,253300
60420003,16 RUE DU CALVAIRE,Ferrières,60420,4959283.5751644,251334.34965423
60440001,CHEMIN DE LA CROIX VERTE,NANTEUIL-LE-HAUDOUIN,60440,4913600,280100
60490001,69 Rue du Moulin,LA NEUVILLE-SUR-RESSONS,60490,4955100,275200
60490007,AUTOROUTE A1 - AIRE DE RESSONS EST,RESSONS SUR MATZ,60490,4952360,272292
60490008,RD 1017,CUVILLY,60490,4953900,270200
60490009,A1 SENS LILLE/PARIS REPERE 80.260,RESSONS SUR MATZ,60490,4951964.9613695,271955.33558196
60500002,41 Avenue du Général Leclerc,Chantilly,60500,4917800,245600
60500008,Allée de l'Europe,Chantilly,60500,4920200,246300
60500010,28 Avenue du Maréchal Joffre,Chantilly,60500,4919100,246400
60500011,ZONE ARTISANALE RN 16,Chantilly,60500,4920476.22946,246187.665476
60510001,ZONE DE LA COUTURELLE,Bresles,60510,4941900,225500
60530003,ZI route de Crouy,Neuilly-en-Thelle,60530,4922900,228200
60540002,10 RUE LOUIS DENOUAL,BORNEL,60540,4920136.05,220429.72
60560001,Rue des Pâturages,ORRY-LA-VILLE,60560,4913100,252100
60590001,RN 181,Trie-Château,60590,4928900,180700
60590002,ZAC LA REMIS DU FRIER,Sérifontaine,60590,4935600,177000
60590003,1 RUE PIERRE EUGENE BOYER,SERIFONTAINE,60590,4935735.5,177119.1
60600001,Route de Paris,BREUIL-LE-VERT,60600,4936200,242200
60600004,Rue Gérard de Nerval,CLERMONT,60600,4938260,240177
60600006,Rue Nelson Mandela,FITZ-JAMES,60600,4939600,241900
60610002,"ZAC DES JARDIN, Le Prieuré",Lacroix-Saint-Ouen,60610,4935731.8877451,277637.57910323
60640001,206 Rue Marcel Poulin,GUISCARD,60640,4965500,305000
60650006,RN31 - LE VIVIER DANGER,ONS EN BRAY,60650,4941700,192400
60650007,58 route nationale,Saint Aubin en Bray,60650,4943894.9,188718.4
60680003,RN 31 - ROUTE DE CLERMONT,JONQUIERES,60680,4940300,273900
60690001,145 DU GENERAL LECLERC,MARSEILLE EN BEAUVAISIS,60690,4958200,195400
60700002,783 Rue Pasteur,Pont-Sainte-Maxence,60700,4930628.5410005,259302.77243297
60700004,39 41 RUE DE LA REPUBLIQUE,Pont-Sainte-Maxence,60700,4930600,260400
60700005,Av. d'Auvelais,Pont-Sainte-Maxence,60700,4931700,260600
60730002,Centre Commercial du Château,SAINTE-GENEVIèVE,60730,4929000,220100
60730004,180 route nationale 1,Sainte-Geneviève,60730,4929471.9957049,219868.64028575
60740001,RD1016,SAINT-MAXIMIN,60740,4923900,247100
60750003,100 rue de royaumont,Choisy-au-Bac,60750,4944223.32,288295.44
60800003,Av. du Président John Kennedy,Crépy-en-Valois,60800,4922572.305536,288035.66326031
60800005,rue Henri LAROCHE,Crépy-en-Valois,60800,4922465.9428094,290549.13758613
60800008,9 Rue Saint-Germain,Crépy-en-Valois,60800,4923000,290600
60800009,20 rue Charles de Gaulle,Crépy-en-Valois,60800,4923430.7444206,288663.96033653
60870002,Avenue des Pommiers,VILLERS-SAINT-PAUL,60870,4928900,250000
60870003,ROCADE INDUSTRIELLE,Villers-Saint-Paul,60870,4928400,249200
61000002,174 avenue Quakenbruck,Alençon,61000,4844432.22,11199.63
61000005,71 Avenue de Quakenbruck,Alençon,61000,4844000,10500
61000006,1 rue Denis Papin,Alençon,61000,4843488.16,9830.53
61000008,111 Avenue de Basingstoke,Alençon,61000,4844542,9912
61000009,126 AVENUE BASINGSTOKE,Alençon,61000,4844400,10000
61000012,38 route de Fresnay,Saint-Germain-du-Corbéis,61000,4841779.24,7631.98
61100003,Le Tremblay,Flers,61100,4875287.18,-57672.66
61100005,93 Rue de la Chaussée,Flers,61100,4874092.48,-56185.84
61100007,ROUTE DE PARIS,Tinchebray-Bocage,61800,4876757.5,-72431.3
61100008,route de domfront,Flers,61100,4873331.02,-57645.91
61100010,108 RUE DE MESSEI,Flers,61100,4874414.7726636,-56304.856211159
61100012,250 RUE DE PARIS,FLERS,61100,4875085.8,-55150.4
61110002,ZA ST MARC,Rémalard en Perche,61110,4842747.49,79006.61
61120003,19 boulevard du Dr Dentu,Vimoutiers,61120,4893500,19900
61120004,353 Route de Livarot,Vimoutiers,61120,4893970.1265897,19807.777428603
61130001,Rue Guillaume SEZNEC,SAINT-MARTIN-DU-VIEUX-BELLEME,61130,4837500,54200
61130002,La Lointinière,Saint-Germain-de-la-Coudre,61130,4826100,60400
61130004,le champs des fosses,belforet en perche,61130,4837159.8898834,58314.80330658
61140001,ZA Les Fourmis,Rives d'Andaine,61140,4853024.7,-47256.35
61150001,avenue du général de Gaulle,Écouche les Vallées,61150,4871448.9872243,-12194.789740829
61160001,Avenue de la Cavée d'Auge,Trun,61160,4884511.4,3699.49
61170001,Lieu-Dit les Naudières,Saint-Julien-sur-Sarthe,61170,4850233.5,36026.1
61190003,58 RUE DE PARIS,CHARENCEY,61190,4865203.1214534,76099.30317664
61190004,Rue des frères Juchereau,Tourouvre au Perche,61190,4858852.2,65375.1
61200001,1 rue de Champagne,ARGENTAN,61200,4874900,-2700
61200003,24 Avenue de Paris,Argentan,61200,4874900,-1100
61200006,21-23 Rue Pierre Bérégovoy,ARGENTAN,61200,4875200,-1300
61200007,Avenue de la 2ème D.B.,Argentan,61200,4873272.78,-3485.91
61200008,Lieu-dit Les Fermes,Fontenai-sur-Orne,61200,4872221.6324002,-5692.1417848999
61220001,RUE D'ARGENTAN,BRIOUZE,61220,4869900,-36400
61230005,ROUTE D'ALENCON,Gacé,61230,4878900,29400
61230006,AUTOROUTE A 28,LE SAP-ANDRE,61230,4884900,37300
61230007,40 route d'Alençon,Gacé,61230,4878505.7169822,29557.538992625
61240001,RN 138 - Rte de Sées,Nonant-le-Pin,61240,4870640.96,22269.47
61250002,28 Rue d'Alençon,Condé-sur-Sarthe,61250,4843500,5400
61250003,AUTOROUTE A28 - AIRE DE LA DENTELLE D'ALENÇON,VALFRAMBERT,61250,4845673.8391763,12705.878900904
61250005,61 route de Bretagne,CONDÉ-SUR-SARTHE,61250,4843333.5571932,6257.896013097
61260002,rond Point de Queux - Mâle,VAL AU PERCHE,61260,4825500,69500
61260003,29 AVENUE DES LOGES,Val-au-Perche,61260,4826566.0145811,67377.590739231
61290002,19 Bis Rue du Dr Jean Vivares,Longny les Villages,61290,4852653.54,74970.7
61300002,3 Avenue Comtesse de Ségur,L'Aigle,61300,4876400,61900
61302001,Route De Paris Bp 45,L'Aigle,61300,4876051.66,64210.13
61320002,ROUTE DE LA FERTE MACE,Carrouges,61320,4857016.16,-15060.59
61400001,Route d'Alençon Ancienne RN 12,SAINT-LANGIS-LèS-MORTAGNE,61400,4852700,53400
61400003,Route de Remalard,MORTAGNE-AU-PERCHE,61400,4850800,56100
61400004,16 Rue du Faubourg Saint Eloi,Mortagne-au-Perche,61400,4852283.01,54242.11
61400005,Les Gaillons,Saint-Langis-lès-Mortagne,61400,4853187.3198924,51166.496256938
61430002,la coquerie,Athis-de-l'Orne,61430,4880600,-50000
61430003,ZA MANCEL LA COLOMBLEE,Athis-Val de Rouvre,61430,4880347.14,-50075.2
61500002,ROUTE DE MORTAGNE,Sées,61500,4860600,18400
61500003,Route de Mortagne,Sées,61500,4860713.26,18592.66
61500004,Rue du général Leclerc,Sées,61500,4859926.2,17176.35
61600002,Route de Bagnoles,LA FERTé-MACé,61600,4857500,-37000
61600003,Boulevard de la Forêt d'Andaine,La Ferté Macé,61600,4858681.67,-36540.37
61700002,RUE DU MARECHAL FOCH,Domfront,61700,4858085.0941341,-64038.866532045
61700003,16 Rue du Mont Margantin,Domfront en Poiraie,61700,4858890.87,-64377.85
61700004,111 Rue du Maréchal Foch,Domfront en Poiraie,61700,4858900,-63500
61790001,ZA LA REMAIZIERE,Saint-Pierre-du-Regard,61790,4882929.56,-56169.43
62000005,89 Avenue Fernand Lobbedez,ARRAS,62000,5028087,278103
62000006,jean mermoz,DAINVILLE,62000,5028300,273900
62000013,2 RUE DES ROSATI,ARRAS,62000,5029100,278400
62000014,138 PLACE DE THECOSLOVAQUIE,ARRAS,62000,5029700,276900
62000016,131 rue Georges Auphelle,Arras,62000,5028900,274900
62012001,6 rue Claude Bernard,ARRAS,62000,5030100,273600
62100001,AVENUE ROGER SALENGRO,Calais,62100,5094300,181000
62100002,23 Rue Paul Bert,CALAIS,62100,5095300,185300
62100006,70 Avenue Roger Salengro,CALAIS,62100,5094600,183700
62100011,2 Route de Saint-Omer,CALAIS,62100,5094000,187900
62100012,361 Avenue Antoine de Saint-Exupéry,Calais,62100,5094700,191000
62100014,331 Grande Rue du Petit Courgain,Calais,62100,5095800,188000
62100016,56 Avenue Antoine de Saint-Exupéry,Calais,62100,5094600,189300
62100024,RUE MARCEL DASSAULT,CALAIS,62100,5095575,190807
62100025,TERMINAL EUROTUNNEL,COQUELLES,62100,5093400.83071,181756.520355
62100027,150 AVENUE ROGER SALENGRO,CALAIS,62100,5094500,182700
62100028,320 RUE DE SAINT-OMER,Calais,62100,5093800,188200
62101001,Avenue Georges Guynemer,CALAIS,62100,5095000,189300
62110001,1230 BOULEVARD ALBERT SCHWEITZER,Hénin-Beaumont,62110,5041600,297600
62110003,115 RUE PASTEUR,Hénin-Beaumont,62110,5041839,294714
62110004,389 RUE DES HAUTS DE FRANCE/PLAT,Hénin-Beaumont,62110,5045828,297598
62114002,100 Avenue François Mitterand,SAINS-EN-GOHELLE,62114,5045500,268400
62116001,62 RUE DE DIERVILLE,Bucquoy,62116,5014800,271700
62118002,RUE DU MARECHAL FOCH,BIACHE SAINT VAAST,62118,5030600,295200
62120001,Centre commercial du val de Lys,Aire-sur-la-Lys,62120,5063519.77,241067.56
62120006,ROUTE DE LAMBRES,Aire-sur-la-Lys,62120,5062900,239000
62120009,Rue Witternesse,LAMBRES,62120,5062100,239200
62120013,2 Rue Principale,CAMPAGNE-LèS-WARDRECQUES,62120,5071700,233200
62120014,Aire de Rely - Autoroute A26 - Sens Calais - Reims,Rely,62120,5057300,237700
62120015,ROUTE NATIONALE 43,RACQUINGHEM,62120,5069787.9035687,235114.5511856
62120017,"km55, A26",Saint-Hilaire-Cottes,62120,5057291.837014,238029.08317047
62123005,9 Rue nationale 25,Beaumetz-lès-Loges,62123,5024093.0550775,265734.50374759
62126001,99 Rue Raoul Lebeurre,WIMILLE,62126,5076535,161844
62127001,"22, route Nationale",TINCQUES,62127,5035600,248000
62128007,Aire de st Leger Autoroute A1,Croisilles,62128,5017400,287400
62128010,Autoroute A1 - Aire de Wancourt,WANCOURT,62128,5026100,286400
62128011,21 rue du pont,croisilles,62128,5019927.6005713,288267.62228144
62129002,24 CHAUSSEE BRUNEHAUT,Thérouanne,62129,5063188.15,226542.55
62130001,184 Rue de Béthune,SAINT-POL-SUR-TERNOISE,62130,5038700,234900
62130002,Rue d'Arras,Saint-Michel-sur-Ternoise,62130,5038100,234200
62130003,3 Rue René Cassin,Saint-Pol-sur-Ternoise,62130,5038805.6680472,234838.71499758
62130004,350 route de Saint Pol,Herlin-le-Sec,62130,5036400,233100
62130006,16 RN 39,HUMIERES,62130,5039100,220300
62131001,D 937 ZAC DU BEAUPRE,VERQUIN,62131,5050200,265200
62134001,73 RUE D.HESDIN,ANVIN,62134,5044700,225100
62136001,580 route de bethune,Lestrem,62136,5061800,268600
62137001,2246 route de St Omer,Coulogne,62137,5092800,190100
62137002,509 route de Saint-Omer,Coulogne,62137,5092500,190500
62138002,ZAC DES FLANDRES,AUCHY-LES-MINES,62138,5051000,278400
62138005,Rue des anciens combattants d'Afrique du Nord,VIOLAINES,62138,5054059.4649516,279732.36932458
62140001,ROUTE DE MONTREUIL,MARCONNELLE,62140,5037100,202700
62140003,LA CITE DES POILUS,MARCONNELLE,62140,5037288.1298871,202248.9605961
62142001,L D LES PICHOTTESZA LEGERE,ALINCTHUN,62142,5073900,180200
62143002,Route de Souchez,ANGRES,62143,5040500,275600
62143003,Autoroute A26 - Aire d'Angres,Angres,62143,5040500,274500
62147001,Autoroute A2 Aire d'Havrincourt,HERMIES,62147,5012218.6534067,308928.16536201
62147005,AUTOROUTE A2 AIRE DE GRAINCOURT,HAVRINCOURT,62147,5012418.838497,308997.69262674
62147006,22 BIS GRAND PLACE,HERMIES,62147,5011138.2,303605.6
62149001,126 Boulevard Louis Lesage,Cambrin,62149,5051200,274600
62150002,68 RUE DE LA GARE,HOUDAIN,62150,5045400,253200
62152001,ROUTE DE BOULOGNE,NESLES,62152,5063000,164600
62152003,59 rue des allées,Neufchâtel-Hardelot,62152,5062100,164300
62152006,435 AVENUE FRANCOIS 1er,NEUFCHATEL-HARDELOT,62152,5063223,158442
62153004,AUTOROUTE A26 - AIRE DE SOUCHEZ,SOUCHEZ,62153,5040430.3979972,274274.77754803
62156002,2 rue de Cherisy,Vis en Artois,62156,5024610.85,294152.06
62160001,Impasse de l'Épinette,AIX-NOULETTE,62160,5044300,269600
62160002,18 rue Casimir Beugnet,BULLY-LES-MINES,62160,5044800,272000
62160003,22 Rue François Beaucamp,Grenay,62160,5044800,273800
62160004,Rue Casimir Beugnet,BULLY-LES-MINES,62160,5045100,272100
62161001,Rue de Neuville,MAROEUIL,62161,5032800,271300
62164001,38 route nationale,AMBLETEUSE,62164,5080900,161200
62170002,Rue de Paris,CAMPIGNEULLES-LES-PETITES,62170,5044800,174900
62170003,Route Nationale,ATTIN,62170,5048300,175800
62170005,43 AV.GAL LECLERC,Montreuil,62170,5045800,175800
62176001,Rue du vieux Moulin,CAMIERS,62176,5057200,161300
62180002,LA FOLIE NORD,RANG-DU-FLIERS,62180,5041200,160800
62180004,LES ALLEES,VERTON,62180,5040154.8,165032.437
62190005,RN.43,LILLERS,62190,5056900,246400
62200004,Avenue Percier et Fontaine,Boulogne-sur-Mer,62200,5074000,161300
62200005,2 BOULEVARD DAUNOU,Boulogne-sur-Mer,62200,5071900,160900
62210001,14 Rue René Lannoy,Avion,62210,5041400,283500
62210002,Boulevard Maurice Thorez,Avion,62210,5040000,283100
62215006,PLACE DE GENERAL DE GAULLE,Oye-Plage,62215,5097900,204200
62217001,rue Bleuets,BEAURAINS,62217,5026600,279900
62217003,Rue du 19 Mars 1962,Achicourt,62217,5027400,276700
62217007,ROUTE DE CAMBRAI,Tilloy-lès-Mofflaines,62217,5028200,280700
62218002,Rue de l'Abbaye,Loison-sous-Lens,62218,5044800,286500
62219001,Avenue des Frais Fonds,LONGUENESSE,62219,5073500,227400
62220001,ROUTE NATIONALE 25,Carvin,62220,5048110.0127621,293722.36434899
62220002,165 route de Meurchin,CARVIN,62220,5049800,294500
62220003,Rue du vieux Château,CARVIN,62220,5048300,296500
62221001,"87, rue Jean Monnet",NOYELLES-SOUS-LENS,62221,5043100,286400
62223001,Route de Lille,Saint-Nicolas,62223,5030400,278900
62223002,Route de Béthune,SAINTE-CATHERINE,62223,5031341.1145193,276193.77797434
62230001,Boulevard Raymond Splingard,Outreau,62230,5065100,160900
62230003,Boulevard Industriel,OUTREAU,62230,5070189.85096,160839.524915
62230004,BOULEVARD MONTESQUIEU,OUTREAU,62230,5071100,160100
62231001,RUE DU CAP DE BONNE ESPERANCE,COQUELLES,62231,5092530.3,185025.6
62232002,2 RUE DU RENOUVEAU,VENDIN LES BETHUNE,62232,5054055.2606169,260780.70661317
62240003,RN 341 ROUTE DE BOULOGNE,Longfossé,62240,5066900,182300
62240004,ROUTE DE BOULOGNE,Desvres,62240,5066900,182400
62240005,22 rue du 11 Novembre,DESVRES,62240,5066900,183800
62250001,Avenue Ferber,MARQUISE,62250,5080900,169600
62250005,72 Avenue Ferber,Marquise,62250,5081660,170267
62250007,Chemin des poissonniers,Marquise,62250,5082420,171061
62250009,RUE JEAN MONNET,Landrethun-le-Nord,62250,5084000,177400
62250010,AUTOROUTE A16 - AIRE DE L'EPITRE,BEUVREQUEN,62250,5078500,169400
62250011,AUTOROUTE A16 - AIRE DES DEUX CAPS,LEUBRINGHEN,62250,5085976.536,173284.823
62260002,RUE D ALLOUAGNE,AUCHEL,62260,5051600,247600
62260003,22 ROUTE NATIONALE,Cauchy-à-la-Tour,62260,5050700,243800
62260004,14 RUE DE BAPAUME,AUCHEL,62260,5050776.8533812,247840.07934858
62270002,"5,RUE JULES FERRY",FRéVENT,62270,5027748,229229
62280001,Route de Paris,SAINT-MARTIN-BOULOGNE,62280,5070586,161382
62280002,Route de Calais,SAINT-MARTIN-BOULOGNE,62280,5073700,162200
62280003,Route Nationale 42,SAINT-MARTIN-BOULOGNE,62280,5073300,166900
62280004,Route de Calais,SAINT-MARTIN-BOULOGNE,62280,5073800,162300
62290001,Rue de Mazingarbe,NOEUX-LES-MINES,62290,5047753.377,267814.649
62290003,47 Rue Nationale,NOEUX-LES-MINES,62290,5048400,265900
62300005,43 Route d'Arras,Lens,62300,5042700,281900
62300006,162 Avenue Alfred Maes,Lens,62300,5042700,280600
62300012,118 RUE RENE LANOY,LENS,62300,5043500,284100
62300013,ZUP LENS GRANDE RESIDENCE,LENS,62300,5044343.4761834,283125.83134527
62300014,44 ROUTE D ARRAS,LENS,62300,5042700,281900
62300018,53 ROUTE D'ARRAS,LENS,62300,5042538.9,282407.5
62310001,ROUTE DE HESDIN,FRUGES,62310,5051200,213400
62310003,75 rue du Fort du Rietz,Fruges,62310,5051600,212500
62320001,ROUTE DE DROCOURT,ROUVROY,62320,5039300,292300
62330001,Rue de l'Eglise Berguette,ISBERGUES,62330,5060900,247200
62330002,Rue Delcourt,Guarbecque,62330,5061200,249300
62340001,ZAE DU MOULIN A HUILE,GUîNES,62340,5086200,188500
62350002,Rue de Busnes,Saint-Venant,62350,5062000,254200
62360001,93 bis AVENUE DE LA FORET,LA CAPELLE-LèS-BOULOGNE,62360,5073400,169800
62360004,Rue Edmond Mandaré,SAINT-ÉTIENNE-AU-MONT,62360,5067000,163300
62360006,43 BOULEVARD DE LA LIANE,Saint-Léonard,62360,5068900,161900
62370001,1000 AVENUE DES ALLIES,AUDRUICQ,62370,5087400,207500
62370002,174 rue de Calais,SAINT-FOLQUIN,62370,5094500,211900
62380001,57 Avenue Bernard Chochoy,Lumbres,62380,5070998,212748
62380002,Route d'Acquin,LUMBRES,62380,5070917.07625,211618.475084
62380003,ZAC DES SARS,LUMBRES,62380,5071400,210900
62390001,1 place de la Gare,AUXI-LE-CHâTEAU,62390,5023100,211400
62400001,Centre commercial AUCHAN La Rotonde,BéTHUNE,62400,5052500,262800
62400002,655 Rue de Lille,Béthune,62400,5052500,265000
62400003,Rue du 11 Novembre,ESSARS,62400,5054721,266418
62400004,612 Rue d'Aire,Béthune,62400,5053900,263100
62410001,45 RUE A.PEZE,WINGLES,62410,5049500,285800
62440001,Chemin de la Grosse Borne,HARNES,62440,5045500,290400
62450003,Rue du Faubourg de Péronne,Bapaume,62450,5009900,285500
62450004,LIEU DIT LA FABRIQUE A SUCRE,BAPAUME,62450,5010400,285000
62450005,RN 17 - RUE DU TOUR DE VILLE,BAPAUME,62450,5011600,285100
62450006,RUE DES FRERES DAVION,Bapaume,62450,5010724.3,284654
62460002,16 RUE PIERRE BACHELET,DIVION,62460,5046900,250300
62470006,D70,Calonne Ricouart,62470,5049331,249567.2
62480001,Impasse Stein,LE PORTEL,62480,5071000,157700
62490002,ROUTE DE BREBIERES,VITRY-EN-ARTOIS,62490,5033300,300200
62490003,1bis route nationale 50,Fresnes-lès-Montauban,62490,5033200,293400
62500001,Avenue Joffre,SAINT-MARTIN-AU-LAëRT,62500,5075500,224000
62500003,109 Rue d'Arras,Saint-Omer,62500,5074400,226000
62500005,"1, RUE DES MADELEINES",Saint-Omer,62500,5074400,226000
62510002,Avenue Georges Brassens,ARQUES,62510,5073600,228000
62510003,Rue bernard CHOCHOY,ARQUES,62510,5072700,230000
62520001,Avenue Georges Besse,LE TOUQUET-PARIS-PLAGE,62520,5051152,162056
62530001,Rue Victor Hugo,Hersin-Coupigny,62530,5045200,263700
62550002,245 AVENUE KENNEDY,PERNES,62550,5048500,241400
62560002,26 RUE PRINCIPALE,Coyecques,62560,5059081,216880
62560003,500 AVENUE ROLAND HUGUET,Fauquembergues,62560,5059800,209600
62580003,Rue saint Nazaire,Vimy,62580,5037614.9699186,280702.52243759
62590001,38 Rue Émile Zola,Oignies,62590,5047000,299600
62600002,940 AVENUE DE VERDUN,BERCK,62600,5040508.99239,159571.571173
62600003,41 Rue Soubitez,BERCK,62600,5040700,157100
62600005,481 RUE IMPERATRICE,Berck,62600,5040858,159383
62610002,RN 43,AUTINGUES,62610,5085300,198600
62610004,15 route départementale 943,Nielles-lès-Ardres,62610,5085200,198700
62610005,Zac du pont sans pareil,Ardres,62610,5088100,197200
62620001,3 Rue d'Haillicourt,BARLIN,62620,5045400,261600
62620002,Rue de la Plaine,Barlin,62620,5045400,260700
62630002,4 Route d'Hilbert,ÉTAPLES,62630,5051122,164565
62630004,CD 940,Étaples-sur-Mer,62630,5052600,162800
62630006,Autoroute A16 péage le touquet,Étaples,62630,5050700,168000
62630007,ROUTE DE BOULOGNE,ETAPLES,62630,5051588.833617,164502.84847822
62640002,PONT DU TONKIN,Montigny-en-Gohelle,62640,5041961.4010035,292707.41940336
62640003,49 avenue F. Mitterrand,Montigny-en-Gohelle,62640,5041909,292884
62650002,18 BIS RUE DE LA LONGEVILLE,HUCQUELIERS,62650,5056838.6,190801.3
62660001,ROUTE DE LILLE,BEUVRY,62660,5051700,268300
62660003,ZONE DU MOULIN RUE ARTHUR LAMENDIN,BEUVRY,62660,5051300,268900
62660004,195 ROUTE NATIONALE,BEUVRY,62660,5052300,268100
62680001,avenue 10 Mars,Méricourt,62680,5040500,287600
62690001,50 rue GEORGES LAMIOT,AUBIGNY-EN-ARTOIS,62690,5035000,258200
62690002,3 route départementale 939,Savy-Berlette,62690,5034800,256900
62700001,1115 avenue de la liberation,BRUAY-LA-BUISSIèRE,62700,5049400,257200
62700003,Rue Augustin Caron,Bruay-la-Buissière,62700,5047500,253800
62700008,864 RUE DE LA REPUBLIQUE - RN 41,Bruay-la-Buissière,62700,5047700,253400
62710001,Rue Raoul Briquet,Courrières,62710,5044800,294800
62710002,Rue Roger Salengro,Courrières,62710,5046087.7962158,296092.28567724
62720002,Rue Roger Salengro,RINXENT,62720,5080700,173000
62730003,504 AVENUE HENRI RAVISSE,MARCK,62730,5094100,193900
62730004,218 rue Louis et Auguste Lumière,Marck,62730,5094513.2410623,194041.88456018
62740001,CD 46,Fouquières-lès-Lens,62740,5042400,291800
62750002,Rue du Grand Mont,Loos-en-Gohelle,62750,5044606,279736
62760002,36 RUE DE VERDUN,Pas-en-Artois,62760,5015807.7,250740.5
62770001,RUE WATTINNE BOSSUT,AUCHY-LèS-HESDIN,62770,5040100,210100
62780003,AVENUE FRANCOIS GODIN,CUCQ,62780,5049460,159569
62780004,209 AVENUE DE L'EUROPE,CUCQ,62780,5051000,162900
62790001,AVENUE MITTERRAND,LEFOREST,62790,5043700,305700
62800001,2 Rue Marie Liétard,LIévin,62800,5042200,277400
62800004,69 RUE DE LATTRE DE TASSIGNY,LIEVIN,62800,5041800,276900
62810001,1000 avenue Francois Mitterand,AVESNES-LE-COMTE,62810,5027889,253606
62810002,149 Grand Rue,Avesnes-le-Comte,62810,5027800,253300
62820003,ROUTE DE CARVIN,LIBERCOURT,62820,5048600,299700
62830002,route de Desvres,Samer,62830,5063900,175900
62840004,7bis rue des Glattignies,Fleurbaix,62840,5065300,283900
62840005,1173 RUE DE LA LYS,Sailly-sur-la-Lys,62840,5065883.405,277032.57631579
62840006,57 rue Robert Parfait,LAVENTIE,62840,5062577.3,277264.1
62850001,Rue de Courtebourne,LICQUES,62850,5079000,195100
62860002,ROUTE DEPARTEMENTAL CD 939,MARQUION,62860,5021500,306700
62860006,AUTOROUTE A26 - Aire de Rumaucourt,Marquion,62860,5022733.37,306497.37
62860007,AIRE DE BARALLE AUTOROUTE A 26,MARQUION,62860,5022500,306900
62870002,Rue Daniel Ranger,CAMPAGNE-LèS-HESDIN,62870,5040100,188000
62880001,53 Rue Joseph Mattei,ANNAY,62880,5045900,288500
62880005,53 RUE JOSEPH MATTEI,Annay sous Lens,62880,5045912.3,288458
62881001,Route de La Bassée,Vendin-le-Vieil,62880,5046200,282700
62901001,1001 BOULEVARD DU KENT,COQUELLES,62231,5093700,180900
62910001,RUE BLEUE MAISON,Éperlecques,62910,5082100,219600
62920001,14 Rue Nationale,CHOCQUES,62920,5054400,254100
62930001,Rue du Bon Air,WIMEREUX,62930,5077800,161700
62940001,RUE EMILE ZOLA,HAILLICOURT,62940,5046700,256500
62950001,av République,NOYELLES-GODAULT,62950,5041371,298088
62970003,RUE LOUIS BLANC,Courcelles-lès-Lens,62970,5041648,302540
62980001,"5, place de la République",VERMELLES,62980,5048700,274600
62990001,rue du 21 mai 1940,BEAURAINVILLE,62990,5042500,190100
67000002,Route de la Wantzenau,STRASBOURG,67000,4861199.3985705,778221.63708573
67000005,41 Boulevard de Lyon,STRASBOURG,67000,4857900,773100
67000026,49 RTE DU RHIN,STRASBOURG,67000,4857287,778835
67000027,CENTRE ROUTIER DE RHEINFELD,STRASBOURG,67000,4852434.9926212,778387.26035692
67000031,9 AVENUE ALSACE,STRASBOURG,67000,4858715,776077
67000032,59 RUE BOECKLIN,STRASBOURG,67000,4860000,777944.4
67033001,place André Maurois,STRASBOURG,67200,4859100,769400
67100002,250 Avenue de Colmar,Strasbourg,67100,4855300,774400
67100007,10 Rue du Landsberg,STRASBOURG,67100,4857100,776400
67100009,4 ROUTE D'ALTENHEIM,STRASBOURG,67100,4854368.145744,776531.47693116
67110001,15 Rue des Cuirassiers,REICHSHOFFEN,67110,4893342,766915
67110003,3 Rue Gaston Fleischel,Reichshoffen,67110,4893400,765900
67110006,Z.A. DE LA HARDT,Gundershoffen,67110,4890200,764700
67112002,2 RUE PRINCIPALE,BREUSCHWICKERSHEIM,67112,4858000,761100
67114001,"25, rue du Tramway",ESCHAU,67114,4848100,772600
67116002,Rue de Paris,Reichstett,67116,4865379.2639488,775095.82973085
67116003,ROUTE D37,REICHSTETT,67116,4865655.2351845,775628.61753134
67118002,RUE DU FORT,GEISPOLSHEIM,67118,4852100,769500
67120002,RN 422,MOLSHEIM,67120,4852926.6519707,749747.40576594
67120003,33a Route de Dachstein,Molsheim,67120,4854154.9,750275.15
67120004,4 Route de Schirmeck,DUPPIGHEIM,67120,4852668,759899
67120005,15 rue de la Gare,DUTTLENHEIM,67120,4852700,756800
67120006,Aire de la Bruche,Duttlenheim,67120,4853895.36,758047.67
67129001,1 RUE MERCURE,MOLSHEIM,67120,4852600,749400
67130002,Rue de la Creuse Fontaine,Russ,67130,4849433,725104
67130003,24 Rue du Donon,La Broque,67130,4847898,721340
67130004,Rue de l'Ancien Sanatorium,SCHIRMECK,67130,4848200,722000
67140002,2 Route de Bourgheim,GERTWILLER,67140,4841600,747600
67140003,15 Quai de l'Abattoir,BARR,67140,4841000,745500
67150001,ROUTE DE LYON,Erstein,67150,4841500,763600
67151001,45 Rue du Printemps,ERSTEIN,67150,4842900,765900
67160001,33 rue de la Pépiniére,WISSEMBOURG,67160,4902689.09254,794643.951956
67160002,6a Allée des Peupliers,WISSEMBOURG,67160,4902900,796000
67160003,2 BIS RUE DE LA PAIX,Seebach,67160,4897167.5,799146.48
67170005,route de brumath,BERNOLSHEIM,67170,4875500,769000
67170006,186 Avenue de Strasbourg,BRUMATH,67170,4870928,770777
67170008,209 AVENUE DE STRASBOURG,BRUMATH,67170,4870800,771000
67170009,AUTOROUTE A4 AIRE DE BRUMATH EST,BRUMATH,67170,4872057.93,769609.46
67170010,Aire de Brumath Ouest - Autoroute A4,Brumath,67170,4872400,769100
67190001,Rue du Mattfeld,MUTZIG,67190,4853652.2942651,744766.77008826
67190004,ESPACE ATRIUM,Mutzig,67190,4853268,747038
67190009,RTE EXPRESS VALLEE LA BRUCHE,GRESSWILLER,67190,4853400,740200
67200011,68 ROUTE DE SCHIRMECK,STRASBOURG,67200,4857307,771737
67200012,142 ROUTE D' OBERHAUSBERGEN,STRASBOURG,67200,4859600,770900
67202002,1A RUE HANS ARP,WOLFISHEIM,67202,4858900,767100
67202003,RN 4 - ROUTE DE SAVERNE,WOLFISHEIM,67202,4860099.7836937,765227.20918629
67205001,256 route de Mittelhausbergen,Oberhausbergen,67200,4860400,770600
67210001,14 Rue du Général Leclerc,Obernai,67210,4846507.825448,749092.54907966
67210004,8 RUE DU MARECHAL JUIN,OBERNAI,67210,4845959,749509
67211001,67 Boulevard de l'Europe,OBERNAI,67210,4846700,749600
67220003,zac de l ungersberg,Villé,67220,4833900,731500
67220004,Route de Villé,SAINT-MAURICE,67220,4832700,733300
67220005,10 RUE DU HAUT KOENIGSBOURG,Villé,67220,4834037.63,731338.29
67230005,Rue de Strasbourg,Benfeld,67230,4837400,759700
67230006,ROUTE DE LYON - RD-1083,HUTTENHEIM,67230,4836200,757300
67240002,17 Route d'Oberhoffen,BISCHWILLER,67240,4876900,786700
67250001,5 place Charls de Gaulles,SOULTZ-SOUS-FORêTS,67250,4893585,788082
67250002,1 rue du chene,SOULTZ-SOUS-FORêTS,67250,4892900,789600
67260003,55 rue de Keskastel,Herbitzheim,67260,4900900,707700
67260004,RUE WALTER SCHMITT,SARRE-UNION,67260,4892900,709700
67260007,AUTOROUTE A4 - AIRE DE KESKASTEL EST,KESKASTEL,67260,4897188,706906
67260010,AIRE DE KESKASTEL OUEST – A4,KESKASTEL,67260,4897491.9061939,706427.99047828
67260011,4C rue du Maréchal Foch,Sarre Union,67260,4893989.6758553,708549.60936008
67270001,19 Route de Strasbourg,HOCHFELDEN,67270,4875507,757831
67270002,Rue du 14 Juillet,HOCHFELDEN,67270,4875800,757300
67270003,ROUTE DE STRASBOURG,HOCHFELDEN,67270,4875500,759100
67290002,Rue Principale,Wingen-sur-Moder,67290,4892000,737500
67300003,AV PIERRE MENDES FRANCE,SCHILTIGHEIM,67300,4860545.851,775856.883
67300004,90 ROUTE DU GENERAL DE GAULLE,SCHILTIGHEIM,67300,4861065.3,773785.5
67310003,58 Route de Hohengoeft,Wasselonne,67310,4864600,745300
67310004,20 ROUTE DE STRASBOURG,WASSELONNE,67310,4863500,746800
67320001,Rue de Weyer,DRULINGEN,67320,4886425,718661
67330001,Rue d'Obermodern,Bouxwiller,67330,4883100,749300
67340001,ROUTE DE BOUXWILLER,Ingwiller,67340,4886600,747400
67340002,9 RUE DU WITTHOLZ,INGWILLER,67340,4886800,747000
67350004,1 grand Rue,Niedermodern,67350,4884700,762400
67360002,Route de Haguenau,WOERTH,67360,4893300,774800
67370001,29 RUE DE LA GARE,TRUCHTERSHEIM,67370,4865700,760500
67370003,5 ALLEE DE L’ECONOMIE,WIWERSHEIM,67370,4864400,759800
67380001,Rue d'Eckbolsheim,LINGOLSHEIM,67380,4856300,769000
67390001,14 Avenue de l'Europe,MARCKOLSHEIM,67390,4816500,755600
67390003,31 rue maréchal joffre,MARCKOLSHEIM,67390,4816100,754400
67400001,6 Avenue de Strasbourg,ILLKIRCH-GRAFFENSTADEN,67400,4854400,773700
67400004,rue des vignes,ILLKIRCH-GRAFFENSTADEN,67400,4852176.4,772032.9
67400005,145 ROUTE DE LYON,Illkirch-Graffenstaden,67400,4853138,771443
67410002,1 rue du collège,Drusenheim,67410,4876000,795400
67420001,12 Rue Principale,SAINT-BLAISE-LA-ROCHE,67420,4840600,716300
67430002,1 rue Paul Paray,DIEMERINGEN,67430,4894000,718800
67441001,ROUTE DE SAVERNE,MARMOUTIER,67440,4870100,737500
67452001,1 Boulevard des Enseignes,Mundolsheim,67450,4865500,772400
67460001,67 Route de Brumath,SOUFFELWEYERSHEIM,67460,4862900,772900
67470001,Route de Hatten,SELTZ,67470,4889483,808632
67480001,1 Rue Principale,Roeschwoog,67480,4882400,803200
67480002,"1, PARC ACTIVITE UFRIED nord",ROESCHWOOG,67480,4882300,803100
67500001,Route du rhin,HAGUENAU,67500,4880200,783500
67500003,88 Route de Bischwiller,HAGUENAU,67500,4880300,781200
67500005,4 Route de Bitche,HAGUENAU,67500,4882034,777808
67500009,37 AVENUE DU PROFESSEUR LERICHE,HAGUENAU,67500,4879900,778000
67500011,22 ROUTE DE STRASBOURG,HAGUENAU,67500,4880900,777800
67500012,4 boulevard du maréchal de lattre de tassigny,HAGUENAU,67500,4881912.1,778470.2
67500013,2 RUE DU POSTILLON,HAGUENAU,67500,4882731.4,779244.4
67510001,45 ROUTE DE BITCHE,LEMBACH,67510,4900800,778900
67520001,1 Rue Griesmatt,Marlenheim,67520,4861685.458097,750229.72083235
67540001,54 Rue du Général Leclerc,Ostwald,67540,4854900,771000
67540003,AUT A 35  AIRE LES CHAUMES BP 33,Ostwald,67540,4853900,771700
67550003,10 BIS ROUTE DE STRASBOURG,VENDENHEIM,67550,4866705,771943
67560002,33C Avenue de la Gare,ROSHEIM,67560,4850300,748700
67570001,RN 1420,ROTHAU,67570,4846100,721100
67580001,18 ROUTE DE BITCHE,Mertzwiller,67580,4886800,768800
67590001,7 Rue de Niederbronn,SCHWEIGHOUSE-SUR-MODER,67590,4883400,774200
67590002,Route de Strasbourg (RD85),Schweighouse-sur-Moder,67590,4881500,774000
67600001,38 Route de Colmar,Sélestat,67600,4824889,743635
67600003,AIRE DU HAUT KOENISGBOURG A35,Orschwiller,67600,4823200,740500
67600004,ALLEE DE LA LOHMULE,Sélestat,67600,4826400,744100
67600006,Route de Strasbourg,Sélestat,67600,4827608,746520
67600009,1 rue des tisserands,Hilsenheim,67600,4828100,755500
67600010,50 ROUTE DE STRASBOURG,SELESTAT,67600,4827267,746047
67603001,Allée Westrich,Sélestat,67600,4828100,746200
67620001,15 Rue de Sessenheim,SOUFFLENHEIM,67620,4882224,796612
67620003,Route de Drusenheim,SOUFFLENHEIM,67620,4881900,796400
67630001,RD 468,SCHEIBENHARD,67630,4897464.612,815741.04
67640004,RTE DE STRASBOURG RN 83,FEGERSHEIM,67640,4849200,767600
67640005,RD1083 - Rue de Lyon,ICHTRATZHEIM,67640,4848537.3326754,767372.49943185
67660002,71 RUE DU DOCTEUR DEUTSCH,Betschdorf,67660,4889911,790872
67660003,19 Rue de l'Avenir,BETSCHDORF,67660,4889800,791200
67680001,Lieudit Stotzenweg,EPFIG,67680,4836236.5997199,746764.8575567
67690002,2 RUE DES COMMERCES,HATTEN,67690,4890284,796865.1
67700001,3 Rue Sainte-Marie,SAVERNE,67700,4873600,736400
67700005,38 Rue de Dettwiller,SAVERNE,67700,4874041,737466
67700010,AUTOROUTE A4 AIRE DE SAVERNE,ECKARTSWILLER,67700,4876200,736500
67700011,39 ROUTE DE PARIS RN4,SAVERNE,67700,4874200,735700
67700012,A4 - Aire de Saverne - Monswiller,Eckartswiller,67700,4875995.76,736226.799
67700013,20 RUE DES CLES,SAVERNE,67700,4874000,736900
67730001,43 RTE DE STE MARIE AUX MINES,Châtenois,67730,4828000,738900
67760001,120A ROUTE NATIONALE,GAMBSHEIM,67760,4869924.8714218,788926.62944153
67800001,Rue de la Robertsau,Bischheim,67800,4861383,776136
67800004,13 Route de la Wantzenau,HOENHEIM,67800,4863055.54602,776396.28648
67800011,20 ROUTE DE BRUMATH,HOENHEIM,67800,4862094.77678,773121.595196
67800014,79 ROUTE DE BISCHWILLER,BISCHHEIM,67800,4861800,775400
67810001,20 Rue Joseph Graff,HOLTZHEIM,67810,4856300,765200
67840002,CHEMIN DEPARTEMENTAL 468,KILSTETT,67840,4867700,784900
67850002,2b rue du collège,Herrlisheim,67850,4873100,790000
67860001,Route de Rhinau,Boofzheim,67860,4832900,769100
67920001,2 Rue de Wittisheim,Sundhouse,67920,4825235,759527
67960001,"5, Allée des Forgerons",ENTZHEIM,67960,4853900,764900
68000006,11 Route de Wintzenheim,COLMAR,68000,4806900,733000
68000009,56 Avenue d'Alsace,COLMAR,68000,4807600,736600
68000010,111 Route de Rouffach,Colmar,68000,4806400,734000
68000012,111 Route de Neuf-Brisach,COLMAR,68000,4808000,737500
68000013,57 Route de Rouffach,Colmar,68000,4806800,734400
68000015,112 Route de Rouffach,COLMAR,68000,4805800,733400
68000016,"13, rte d'Ingersheim",COLMAR,68000,4808300,735100
68000018,ANGLE AV CLEMENCEAU 34 RTE DE BALE,COLMAR,68000,4806500,736700
68000019,10 RTE DE STRASBOURG,COLMAR,68000,4809100,736600
68000020,"42, ROUTE D'INGERSHEIM",COLMAR,68000,4808420.0683889,734578.32050324
68000021,122 rue du Ladhof,Colmar,68000,4807734.71,735811.04319066
68019001,ZAC du Buhlfeld,HOUSSEN,68125,4813000,736900
68040001,126 Route de Colmar,INGERSHEIM,68040,4808936,731870
68040002,1 Route de Colmar,INGERSHEIM,68040,4809500,730600
68100002,7 Rue Gay-Lussac,MULHOUSE,68100,4774342,732948
68100006,8 Porte du Miroir,MULHOUSE,68100,4774200,733700
68100009,24 RUE D'ALTKIRCH,MULHOUSE,68100,4774000,733900
68110006,77 AVENUE DE FRIBOURG,ILLZACH,68110,4776800,738700
68110010,CD 38 RUE DES VOSGES,ILLZACH,68110,4777822.2,735208.3
68120002,146 RUE DE RICHWILLER,PFASTATT,68120,4777200,730200
68120005,15 ROUTE DE THANN,PFASTATT,68120,4775838.6853882,729400.23698764
68124002,1 ROUTE DE TURCKHEIM,LOGELBACH-WINTZENHEIM,68124,4808594,731377
68127001,Zone d'Activités Près A35 Sortie 28,NIEDERHERGHEIM,68127,4799400,738000
68127002,2 RUE DES ALPES,NIEDERENTZEN,68127,4795000,737500
68130001,14 RUE D'ALTKIRCH,WITTERSDORF,68130,4762337.55393,727143.926147
68130002,5 rue de givet,ALTKIRCH,68130,4762508,724135.857653
68130003,Route de Mulhouse,ALTKIRCH,68130,4762900,726000
68140001,51 Rue du Général de Lattre de Tassigny,MUNSTER,68140,4804100,715500
68140002,41 Route de la Schlucht,STOSSWIHR,68140,4804900,711400
68140003,18 Rue Martin Hilti,Munster,68140,4804300,716000
68150003,12 Rue de l'Industrie,Ribeauvillé,68150,4819200,733800
68160002,31 RUE REBER,Sainte-Marie-aux-Mines,68160,4824900,719000
68160004,RN 59 Sur-le-Pré,Sainte-Marie-aux-Mines,68160,4825400,720400
68160005,ZA LES MOULES RUE MAURICE BURRUS,STE CROIX AUX MINES,68160,4825300,719300
68170002,65 Rue de l'Île Napoléon,Rixheim,68170,4775851,740024
68170003,66 ROUTE DE HABSHEIM,RIXHEIM,68170,4773800,741200
68170004,64 RUE DE MULHOUSE,Rixheim,68170,4775400,739700
68180001,73 Grand'Rue,Horbourg-Wihr,68180,4808000,739800
68180002,1 rue de Mulhouse,Horbourg-Wihr,68180,4807303.92,740098.27
68190001,RUE DE PULVERSHEIM,ENSISHEIM,68190,4785800,728900
68190003,10 RUE DE LA GARE,ENSISHEIM,68190,4786500,734700
68200004,258 RUE DE BELFORT,MULHOUSE,68200,4773900,729200
68200018,185 AV DE COLMAR,MULHOUSE,68200,4776200,732600
68200019,238 BIS RUE DE BELFORT DORNACH,MULHOUSE,68200,4773842.9993093,729419.53372956
68200020,35 AVENUE FRANCOIS MITTERRAND,MULHOUSE,68200,4774100,730700
68200025,"151, AVENUE DE COLMAR",MULHOUSE,68200,4775843.1,733000
68200026,"170, Rue des Romains",Mulhouse,68200,4777700,733500
68200027,184 ROUTE DE BELFORT,MULHOUSE,68200,4773966,730054
68210001,18A Rue de Belfort,DANNEMARIE,68210,4763400,712200
68210002,"42, Rue de Belfort",Dannemarie,68210,4763100,711100
68220001,118a Rue de Saint-Louis,HéSINGUE,68220,4757800,753900
68230002,2 rue Jean-Marie Balduf,Turckheim,68230,4808496.4190236,728807.20088281
68240003,13 Rue de la Weiss,Kientzheim,68240,4813569,726749
68240004,63 route de Lapoutroie,KAYSERSBERG VIGNOBLE,68240,4815051.204,724699.711
68250003,"37, rue du Général de Gaulle",ROUFFACH,68250,4796797.99084,730308.377209
68250004,RN 83,ROUFFACH,68250,4794500,728900
68260001,45 Rue d'illzach,KINGERSHEIM,68260,4779100,734200
68270001,130 Route de Soultz,WITTENHEIM,68270,4780800,731200
68270002,37 Rue de Kingersheim,Wittenheim,68270,4780600,733700
68270003,Rue de Kingersheim,WITTENHEIM,68270,4780500,733700
68290002,"8, rue du general de gaulle",MASEVAUX,68290,4777400,699900
68300002,122 Rue de Mulhouse,Saint-Louis,68300,4759335,755569
68300003,1 Rue de Seville,SAINT-LOUIS,68300,4760500,754300
68300004,125 RUE DE MULHOUSE,Saint-Louis,68300,4759900,755200
68310001,zac hohmatten,WITTELSHEIM,68310,4781500,724200
68313001,14 Rue de Berne,ILLZACH,68110,4777200,738700
68320001,Rue de Colmar,Muntzenheim,68320,4810100,746700
68320002,Route de Colmar,FORTSCHWIHR,68320,4809600,744000
68330001,17 Route de St Louis,HUNINGUE,68330,4759236,757662
68330002,2 RUE DU RHIN,Huningue,68330,4759800,759000
68350001,320 avenue d'altkirch,BRUNSTATT,68350,4772353.53202,731967.524915
68360004,9 Route de Guebwiller,Soultz-Haut-Rhin,68360,4789800,722200
68370002,9 Rue Charles de Gaulle,Orbey,68370,4812800,716700
68390002,Avenue du Général de Gaulle,SAUSHEIM,68390,4777700,737900
68390003,10 CD 201,SAUSHEIM,68390,4778900,738700
68390004,AUTOROUTE A35 - AIRE DE BATTENHEIM,BATTENHEIM,68390,4783691.31343,739540.61823
68400001,Rue du Stade,RIEDISHEIM,68400,4774700,735700
68440003,63 rue du Général de Gaulle,Habsheim,68440,4773133.0529321,741706.47350787
68460001,RN 66,LUTTERBACH,68460,4776800,725200
68460002,5 Rue Aristide BRIAND,Lutterbach,68460,4775927.8194842,727887.08436523
68470002,19 route de Bussang,Fellering,68470,4788800,721800
68470003,2 rue des Fabriques,Fellering,68470,4788745.07,699503.24
68480002,20A rue de la première Armée,Ferrette,68480,4750000,730700
68480003,13 RUE DE LA 1ERE ARMEE,Ferrette,68480,4749600,731300
68480004,58 rue principale,Oltingue,68480,4749300,739100
68490001,CD 108,Ottmarsheim,68490,4778400,750600
68490002,Avenue de la Gare,CHALAMPé,68490,4781643,753969
68500002,Rue de Guebwiller,Issenheim,68500,4790200,723900
68500003,Rue du 17 Novembre,GUEBWILLER,68500,4791600,720400
68510001,ZAC HOEL,Sierentz,68510,4766400,744500
68520004,Rue du Pont d'Aspach,BURNHAUPT-LE-HAUT,68520,4774100,714800
68520006,AUTOROUTE A36 - AIRE PORTE D'ALSACE,Burnhaupt-le-Bas,68520,4771700,713900
68520011,Aire de Porte d' Alsace - A36,BURNHAUPT LE BAS,68520,4771600,713800
68540001,Route de Guebwiller,Bollwiller,68540,4786600,725600
68550001,1 Rue de l'Industrie,Saint-Amarin,68550,4787400,702200
68560001,"7, rue de Bettendorf",Hirsingue,68560,4758700,725800
68580001,"9,rue de Bâle",SEPPOIS-LE-HAUT,68580,4753400,718200
68590001,Route du Vin,SAINT-HIPPOLYTE,68590,4823000,737600
68600002,RUE DES ARTISANS,VOLGELSHEIM,68600,4801200,754800
68620001,53 Rue du Rhin,Bitschwiller-lès-Thann,68620,4782000,708300
68630003,1 route du vin,Mittelwihr,68630,4815531.7,731982.6
68640001,4 rue de la république,WALDIGHOFEN,68640,4755600,730700
68680003,38 rue de l'artisanat,Kembs,68680,4767800,750100
68690001,1 Rue du Général de Gaulle,Moosch,68690,4785600,705500
68701001,Faubourg de Belfort,CERNAY,68700,4779500,717200
68703001,5 Avenue d'Alsace BP60189,CERNAY,68700,4779400,717000
68730001,Rue du 19 Novembre,BLOTZHEIM,68730,4760700,750100
68740001,RUE DE LA 1ERE ARMEE,Fessenheim,68740,4791800,752800
68800002,1 Rue Émile Pienoz Kachler,Vieux-Thann,68800,4780400,712000
68870001,Carrefour de l'Europe,BARTENHEIM,68870,4763600,749300
68880001,38 Rue du Général de Gaulle,THANN,68800,4780638,710443
68910002,153 LA CHAPELLE,LABAROCHE,68910,4811500,719600
68920001,1 Faubourg des Vosges,Wintzenheim,68920,4807100,729700
68970001,6 Route de Sélestat,Guémar,68970,4818700,739400
74500002,Rue Charles le Borgne,FéCAMP,76400,4975551.11909,37449.1663689
75001003,"8,10,10bis Rue Bailleul",PARIS,75001,4886100,234100
75007003,15 Avenue Duquesne,PARIS,75007,4885300,230800
75007004,37 RUE FABERT,Paris,75007,4885862,231125
75008006,164 Boulevard Haussmann,PARIS,75008,4887500,231000
75008009,FACE 55 AV. GEORGES V - PARKG GE,PARIS,75008,4887200,230100
75008010,FACE 35 BLD MALESHERBES,Paris,75008,4887300,231100
75010002,1 Boulevard de la Chapelle,PARIS,75010,4888400,236400
75010003,2/6 RUE LOUIS BLANC,Paris,75010,4887900,237000
75012005,173 Avenue Daumesnil,Paris,75012,4884074,239104
75012010,36 Quai de la Rapée,Paris,75012,4884200,237300
75012020,238 RUE DE CHARENTON,Paris,75012,4883905,238906
75012021,55 BLD DE PICPUS,PARIS,75012,4884600,240100
75012023,32 rue de Reuilly,Paris,75012,4884655.403,238741.851
75013022,27 AVENUE DE LA PORTE D'ITALIE,Paris,75013,4881700,236000
75013023,RUE JEAN-BAPTISTE BERLIER - QUAI,PARIS 13,75013,4882586,238433
75013024,114 BD DE L HOPITAL,PARIS,75013,4883500,235800
75013025,"181, BOULEVARD VINCENT AURIOL",PARIS,75013,4883200,235900
75013026,231 Rue de Tolbiac,Paris,75013,4882600,234400
75013028,85 RUE JEANNE DARC,PARIS,75013,4883200,236500
75014010,RUE LEGION ETRANGERE,Paris,75014,4882900,232600
75014012,154 Rue d'Alésia,Paris,75014,4883200,231600
75015003,151 Rue de la Convention,Paris,75015,4883900,229200
75015011,19 BD DES FRERES VOISINS,Paris,75015,4882800,227200
75015025,34 BOULEVARD DE GRENELLE,PARIS,75015,4885200,229000
75015026,QUAI D'ISSY LES MOULINEAUX,Paris,75015,4883500,226600
75015030,1 QUATER BOULEVARD VICTOR,PARIS,75015,4883400,228500
75015034,11 BOULEVARD GARIBALDI,PARIS,75015,4884800,230300
75015036,21 AVENUE EMILE ZOLA,PARIS,75015,4884644.3,228012.6
75016001,1 Avenue du Général Sarrail,PARIS,75016,4884700,225600
75016006,PLACE TATTEGRAIN,PARIS,75116,4886400,227200
75016011,69 Avenue Kléber,Paris,75116,4886500,228900
75016017,2 AV DE LA PORTE DE ST CLOUD,PARIS,75016,4883868,225394
75016022,26 AV PAUL DOUMER,PARIS,75016,4886100,228300
75016023,7 BOULEVARD MURAT,PARIS,75016,4884700,225900
75016026,4 AVENUE FOCH,Paris,75016,4887366,229201.5
75016029,99 AVENUE DE VERSAILLES,PARIS,75016,4884500,227100
75017017,190 AVENUE DE CLICHY,PARIS,75017,4889345,231540
75017019,3-5 AVENUE DE LA PORTE D'ASNIERES,PARIS,75017,4889045.4894335,230331.90283506
75018013,30 AV PTE CLIGNANCOURT,PARIS,75018,4890000,234400
75018014,32 AVENUE DE LA PORTE DE ST OUEN,PARIS,75018,4889952.5999474,232987.43609466
75019013,BLD DU PERIPHERIQUE EXTERIEUR,Paris,75019,4890076.705756,237474.91379377
75019014,BLD DU PERIPHERIQUE INTERIEUR,Paris,75019,4890000,237300
75019015,121 RUE MANIN,PARIS,75019,4888400,239000
75019016,234 RUE DE CRIMEE,PARIS,75019,4889400,237300
75020008,217 BOULEVARD MARECHAL DAVOUT,PARIS,75020,4886300,240700
75020010,101 BLD MORTIER,Paris,75020,4887100,240900
76000006,Avenue Aristide Briand,ROUEN,76000,4943500,110500
76000009,186 Rue de Constantine,ROUEN,76000,4944900,106700
76000013,ROUTE DE LYONS DIRECTION ROUEN,ROUEN,76000,4943700,113700
76000014,Av. Jean RONDEAUX,Rouen,76000,4943400,107600
76000015,AV DU CDT BERNARD BICHERAY,ROUEN,76000,4944973.619068,104932.44909955
76100005,23 BOULEVARD DE L' EUROPE,ROUEN,76100,4942700,109300
76110001,Route de Valmont,Goderville,76110,4964469,37595
76116003,566 Route de Gournay,Servaville-Salmonville,76116,4946200,125700
76120002,c cial du bois cany,Le Grand-Quevilly,76120,4941800,104600
76120008,"38, AVENUE DES CANADIENS",Le Grand-Quevilly,76120,4940100,106500
76120011,AVENUE FRANKLIN ROOSEVELT,Le Grand-Quevilly,76120,4941000,103300
76130001,24 Avenue du Mont aux Malades,Mont-Saint-Aignan,76130,4946100,108200
76131001,Rue de la Vatine,MONT-SAINT-AIGNAN,76130,4947200,109400
76133001,RUE ARISTIDE BRIAND,ÉPOUVILLE,76133,4956200,22100
76140001,Avenue Jean-Jaurès,LE PETIT-QUEVILLY,76140,4942700,106300
76150002,AUTOROUTE A 15,Saint-Jean-du-Cardonnay,76150,4949500,99800
76150003,Rue des Martyrs de la Résistance,Maromme,76150,4948200,104000
76150004,14 route de Duclair,St Jean Du Cardonnay,76150,4948308.34,101703.27
76160002,42 Rue Sadi Carnot,Darnétal,76160,4944100,114800
76160003,1220 ROUTE DE GOURNAY,SAINT JACQUES SUR DARNETAL,76160,4944513.37,117420.42
76170005,Bld de Lattre de Tassigny,Lillebonne,76170,4951554.8,53263.4
76176001,AVENUE DE BRETAGNE,ROUEN,76100,4943200,108300
76190001,97 Avenue René Coty,Sainte-Marie-des-Champs,76190,4962400,77900
76190003,"261, Avenue René COTY",Sainte-Marie-des-Champs,76190,4962600,78800
76190005,Avenue Georges Clemenceau,YVETOT,76190,4962113,76692
76191001,Rue Jean Moulin,YVETOT,76190,4961200,77500
76200002,78 RUE GAMBETTA,Dieppe,76200,4991600,107500
76200003,14 Avenue Normandie Sussex,DIEPPE,76200,4991900,108600
76200004,AVENUE DES CANADIENS,DIEPPE,76200,4990522,107678
76210001,route de Lillebonne,Gruchet-le-Valasse,76210,4954700,49500
76210004,52 Avenue Louis Debray,Bolbec,76210,4958000,47400
76210005,Avenue du Maréchal Joffre,BOLBEC,76210,4957000,49000
76210006,Aire de Bolleville A29,Bolleville,76210,4961400,54600
76210009,17 rue Jacques Fauquet,BOLBEC,76210,4957200,46900
76220004,RN 31,Gournay-en-Bray,76220,4947800,174000
76220005,20 Avenue des Aulnaies,GOURNAY-EN-BRAY,76220,4947900,171300
76220008,69 avenue de la première armée française,Gournay-en-Bray,76220,4947300,172600
76220009,2 ROUTE DE ROUEN,GOURNAY EN BRAY,76220,4948500,170100
76220010,23 RUE DU VAL LAURENT,LA FEUILLIE,76220,4946100,152000
76230001,AVENUE DE L'EUROPE,BOIS-GUILLAUME,76230,4947557,110624
76230002,Rue de la République,BOIS-GUILLAUME,76230,4947011.65096,111748.807822
76230007,ZONE DU GROS CHENE,ISNEAUVILLE,76230,4950398.75947,115396.459007
76240001,rue Etienne ACHAVANNE,BONSECOURS,76240,4941800,113300
76240002,2 ROUTE DE PARIS,Le Mesnil-Esnard,76240,4940731.1369631,115205.3904217
76240006,37 ROUTE DE PARIS,LE MESNIL ESNARD,76240,4940700,114800
76250001,44 Rue de la République,Déville-lès-Rouen,76250,4947100,104300
76250004,570 route de Dieppe,DEVILLE LES ROUEN,76250,4947837,104736.1
76260003,RD 925 ETALONDES,ETALONDES,76260,5003200,139900
76260004,"15, place du Général De Gaulle",Eu,76260,5004300,142000
76260005,24 BD. FAIDHERBE - RD 925,EU,76260,5005100,142300
76270001,Rue de la Grande Flandre,NEUFCHATEL-EN-BRAY,76270,4973200,143400
76270003,CENTRE COMMERCIAL SAINT JEAN,NEUVILLE-FERRIERES,76270,4972527.7201557,145978.34195908
76280002,2 place du Marché,Gonneville-la-Mallet,76280,4964033,22423
76280003,Rue de la Gare,Criquetot-l'Esneval,76280,4964300,26900
76280004,20 RUE DU GENERAL FAIDHERBE,GONNEVILLE LA MALLET,76280,4963900,22600
76290001,Centre Commercial la LEZARDE,MONTIVILLIERS,76290,4952500,19000
76290003,68 AVENUE DU PRESIDENT WILSON,Montivilliers,76290,4953995.757,17773.185
76300004,AVENUE JEAN JAURES,Sotteville-lès-Rouen,76300,4941400,109100
76300005,Rue Gaston Contremoulins,SOTTEVILLE-LèS-ROUEN,76300,4942100,109600
76300007,10 Boulevard Industriel,Sotteville-lès-Rouen,76300,4942100,110700
76300009,57 BD INDUSTRIEL,Sotteville-lès-Rouen,76300,4940400,111100
76320002,Route de Pont-de-l'Arche,Saint-Pierre-lès-Elbeuf,76320,4929000,104000
76330002,Rue Jérôme Cardan,Notre-Dame-de-Gravenchon,76330,4948189,58305
76330003,2 avenue du General DE GAULLE,PORT JEROME SUR SEINE,76330,4948900,56600
76340001,1 ROUTE NATIONALE,FOUCARMONT,76340,4984700,156500
76340003,4 Rue Charles Desjonquières,Foucarmont,76340,4985000,157000
76340005,RUE DES MARAIS,BLANGY SUR BRESLE,76340,4993063.8045393,163706.43011109
76350001,Place Francisco Ferrer,OISSEL,76350,4934600,109600
76360001,"Plateau du Mesnil-Roux, Zone la Carbonnière",BARENTIN,76360,4953489.6206291,96409.769058218
76360004,168 AVENUE ANDRE MAUROIS,BARENTIN,76360,4955711.4,95277.2
76370001,52 Avenue de la Libération,Dieppe,76370,4992600,111500
76370002,9 ROUTE DE DIEPPE,BERNEVAL-LE-GRAND,76370,4994000,118600
76370004,EtranMartin Eglise,DIEPPE,76370,4990900,110800
76370006,Avenue de Breauté,DIEPPE,76370,4991400,109400
76371001,Centre Commercial Le Belvédère,DIEPPE,76371,4991000,107700
76380002,40 Rue du Canal,CANTELEU,76380,4945879,104473
76380003,Rue du Commandant Georges Ledru,Canteleu,76380,4945000,102800
76380006,2 Avenue du Président Allende,CANTELEU,76380,4945097.3674914,103424.99010498
76400001,3 Route de Ganzeville,FéCAMP,76400,4974874,40324
76400008,78 ROUTE DE VALMONT,FECAMP,76400,4975800,39200
76400009,2010 ROUTE DU HAVRE,FECAMP-SAINT LEONARD,76400,4974544,37202
76400010,922 route de cany,Senneville-sur-Fécamp,76400,4976759.7716663,41928.26526266
76410001,Rue de la Résistance,Saint-Aubin-lès-Elbeuf,76410,4930300,103500
76410002,ZAC DU CLOS AUX ANTES,TOURVILLE-LA-RIVIèRE,76410,4932793.2546506,109838.86252421
76410003,ROUTE DE TOURVILLE,Cléon,76410,4930700,102900
76420004,Rue du Maréchal de Lattre de Tassigny,BIHOREL,76420,4945900,112600
76420006,184 ROUTE DE NEUFCHATEL,BIHOREL,76420,4945800,110800
76420007,6 Av. du Maréchal Juin,Bihorel,76420,4946233.3841909,112343.058864
76430004,Rue du MAILLON,SAINT-ROMAIN-DE-COLBOSC,76430,4952535.29936,36511.2606713
76430005,AVENUE MAL DE LATTRE DE TASSIGNY,Saint-Romain-de-Colbosc,76430,4952900,34300
76430006,RD 910,TANCARVILLE,76430,4948400,44900
76440003,Route de Neufchâtel,Serqueux,76440,4962214,153814
76440008,27 rue des docteurs Cisseville,Forges-les-Eaux,76440,4961100,154700
76450001,Avenue Maximiliansau,Cany-Barville,76450,4979200,63400
76450003,30 ROUTE DE VEULETTE,Cany-Barville,76450,4978989.6799213,63955.765642719
76460002,Route du Havre,Saint-Valery-en-Caux,76460,4985800,69300
76460003,9 avenue du 51 eme highland division,SAINT-VALERY-EN-CAUX,76460,4986400,70800
76480001,Avenue du Président Coty,DUCLAIR,76480,4948000,87300
76480002,Chemin de la Messe,Saint-Pierre-de-Varengeville,76480,4949800,92900
76490002,Rue Sainte-Gertrude,Caudebec-en-Caux,76490,4952922,72064
76500004,43 COURS CARNOT,ELBEUF,76500,4928700,101300
76500005,7 rue du Neubourg,ELBEUF,76500,4928600,100900
76510001,975 Rue Robert Lefranc,Saint-Nicolas-d'Aliermont,76510,4987600,123400
76520001,801 Route de Paris,FRANQUEVILLE-SAINT-PIERRE,76520,4939800,117800
76520002,Départemental RD 6014,Boos,76520,4938900,120000
76530002,RN 138 LES ESSARTS,Grand-Couronne,76530,4935400,103000
76530003,Rue du Moulin,GRAND-COURONNE,76530,4936420,101147
76530004,RN 138 - LA MAISON BRULEE,MOULINEAUX,76530,4934300,93900
76540002,9 rue albert bellavoine,Valmont,76540,4974522.5227206,51213.110511015
76550001,AVENUE DE LA HETRAIE,Offranville,76550,4987174,104855
76560001,6 rue Jean Varin,DOUDEVILLE,76560,4972100,78200
76570001,RUE DES ACACIAS,Pavilly,76570,4956400,95200
76580001,Rue Raymond Brétéché,LE TRAIT,76580,4948600,80600
76580002,35 RUE DENIS PAPIN,LE TRAIT,76580,4948300,80700
76590001,54 ROUTE DE LA MER,BELMESNIL,76590,4977100,104900
76590002,Route de Newton Longueville,LONGUEVILLE-SUR-SCIE,76590,4979545,110615
76590003,7 rue des forrières,Torcy-le-petit,76590,4980900,117200
76600001,"35, rue de la Vallée",LE HAVRE,76600,4949500,15500
76600010,8 Rue Béranger,Le Havre,76600,4949400,9700
76600012,490 Boulevard Jules Durand,LE HAVRE,76600,4949800,18400
76600014,34 Route de Neufchâtel-en-Bray,LONDINIERES,76660,4983000,140400
76600021,BD.CLEMENCEAU,LE HAVRE,76600,4948900,9800
76600022,BOULEVARD CLEMENCEAU,LE HAVRE,76600,4948500,9600
76600023,600 RUE DE VERDUN,LE HAVRE,76600,4950300,19100
76600024,BOULEVARD LENINGRAD,LE HAVRE,76600,4949878,15925
76600025,174 BOULEVARD DE L'AMIRAL MOUCH,LE HAVRE,76600,4948837,15020
76610002,AV DU GENERAL FERRIE,Le Havre,76610,4950800,17500
76610004,2 RUE EUGENE MOPIN,LE HAVRE,76610,4951800,15800
76610006,Avenue Paul Verlaine,LE HAVRE,76610,4950932.2,15951
76620001,centre commercial grand cap,Le Havre,76620,4952300,11000
76620002,"8, rue Romain Rolland Sanvic",Le Havre,76620,4950527.1075619,10091.570994635
76620003,253 Rue du Bois au Coq,Le Havre,76620,4951200,12700
76630001,72 RUE DES CANADIENS,ENVERMEU,76630,4989715.13,125982.35
76640002,Rue de l'Europe,FAUVILLE-EN-CAUX,76640,4965200,60000
76640004,Place Gaston Sanson,FAUVILLE-EN-CAUX,76640,4965100,59100
76680001,Avenue Emmanuel Brion,SAINT-SAëNS,76680,4967000,128400
76680004,AUTOROUTE A28 - AIRE DE BOSC MESNIL,Bosc-Mesnil,76680,4967558.9360189,133476.40905368
76680005,Autoroute A28 - Aire de Maucomble,Bosc-Mesnil,76680,4967800,133700
76700001,RN 182,Gonfreville-l'Orcher,76700,4950300,20900
76700004,48 Route d'Oudalle,GONFREVILLE-L'ORCHER,76700,4950300,21000
76700005,Parc de l'estuaire,GONFREVILLE-L'ORCHER,76700,4950900,22600
76700006,3 RUE FREDERIC CHOPIN,HARFLEUR,76700,4951194.1098293,20041.534246844
76700007,ROUTE INDUSTRIELLE DU HAVRE,ROGERVILLE,76700,4947933,25865
76710001,Sente des Jumelles,MONTVILLE,76710,4954109,106286
76720002,A29,VARNEVILLE  BRETTEVILLE,76890,4963400,104400
76720004,"28 RUE DE VERDUN, AUFFAY",VAL DE SCIE,76720,4971900,109200
76730001,ROUTE D'ABLEMONT,BACQUEVILLE-EN-CAUX,76730,4979000,99800
76740002,HAMEAU DU BUQUET,LA GAILLARDE,76740,4983300,90600
76750001,Route de la Gare,BUCHY,76750,4959800,134200
76760002,Rue de la Myre,YERVILLE,76760,4966700,89800
76760003,Zone d'activités du Bois de l'Arc,YERVILLE,76760,4966100,88000
76770002,163 Rue du Général de Gaulle,LE HOULME,76770,4951200,103800
76770003,73 RUE DU GENERAL DE GAULLE,LE HOULME,76770,4950200,104300
76800002,BD LENINE,Saint-Étienne-du-Rouvray,76800,4939500,111200
76800003,Avenue de Saint Yon,SAINT-ÉTIENNE-DU-ROUVRAY,76800,4939700,110200
76800009,63 AVENUE DES CANADIENS,Saint-Étienne-du-Rouvray,76800,4939400,106000
76803001,Avenue de la Mare aux Daims,SAINT-ÉTIENNE-DU-ROUVRAY,76800,4938739.91804,107157.80622076
76810002,Rue de la République,Luneray,76810,4983292.5015873,91717.087582721
76850001,RUE DES FORGES,BOSC-LE-HARD,76850,4963100,118000
76870001,38 PLACE DE LA MAIRIE,Gaillefontaine,76870,4965400,161500
76890001,RUE DES 4 VENTS,TOTES,76890,4968100,104600
76910001,Lieu-dit Les Marais,Criel-sur-Mer,76910,5001200,131600
76910002,100 ROUTE D'HAVELANGE,CRIEL SUR MER,76910,5002200,132600
76940001,CHEMIN DU ROY,LA MAILLERAYE-SUR-SEINE,76940,4947910.71533,76809.4546353
76950001,32 rue de Dieppe,Les Grandes-Ventes,76950,4978900,122200
76950002,HAMEAU DES HAUT CHAMPS,LES GRANDES VENTES,76950,4978953.78062,121887.113953
76950003,800 ROUTE DE DIEPPE,LES GRANDES VENTES,76950,4979000,122000
77000003,RUE DES TROIS RODES,VAUX-LE-PéNIL,77000,4852528,269402.349348
77000005,48 Avenue de Meaux,MELUN,77000,4855000,266600
77000011,RN 5 BIS RTE DE NANGIS (ANGLE),MELUN,77000,4854100,267800
77000013,27 BIS AVENUE DU GENERAL LECLERC,LA ROCHETTE,77000,4852281.44311,265389.046258
77000014,27 ROUTE DE MONTEREAU,Vaux-le-Pénil,77000,4854100,268000
77090001,CENTRE COMMERCIAL BAY 2,COLLéGIEN,77090,4883844.6872,266161.659318
77100008,AV PRESIDENT SALVADOR ALLENDE,Meaux,77100,4895700,288500
77100009,Rue Georges Claude,Meaux,77100,4895848,291730
77100010,81 Avenue Président Roosevelt,MEAUX,77100,4895700,290400
77100015,Avenue de la Foulée,Nanteuil-lès-Meaux,77100,4893756,288010
77100016,30 MAIL DE LA GRANDE HAIE,Mareuil-lès-Meaux,77100,4894000,287800
77100021,1-5 AVENUE DE MELUN,Nanteuil-lès-Meaux,77100,4894935.7283122,288037.08160285
77100022,30/34 RUE FRANCOIS DE TESSAN,MEAUX,77100,4894903.7155409,287971.54887761
77100023,334 AVENUE DE LA VICTOIRE,MEAUX,77100,4895742,293791
77100025,42 ALLÉE JEAN LOUIS BARRAULT,MEAUX,77100,4895400,291200
77116001,AIRE DE ACHERES EST A6,URY,77760,4836211.8139042,257441.44437015
77120003,Boulevard de la Marne,COULOMMIERS,77120,4880400,309100
77120004,RN 34,Mouroux,77120,4881675,305222
77120005,5 Rue Abel Prouharam,COULOMMIERS,77120,4881400,308100
77120006,AVENUE DE STRASBOURG,COULOMMIERS,77120,4880100,308700
77120007,19-29 AV. VICTOR HUGO,COULOMMIERS,77120,4881608.09795,308307.394086
77124001,ZAC DES VIGNES,CRéGY-LèS-MEAUX,77124,4897462,287015
77124002,11 av Roland Moréno,Chauconin-Neufmontiers,77124,4896200,286200
77127001,C.COMMERCIAL CARRE SENART,Lieusaint,77127,4861700,254800
77130003,5088 ROUTE DE PARIS,Forges,77130,4840134.2354161,293630.37438855
77130005,Avenue du 8 Mai 1945,VARENNES-SUR-SEINE,77130,4837000,293900
77130006,BOULEVARD DIDEROT,MONTEREAU-FAULT-YONNE,77130,4839853.91824,295158.027595
77130008,route du bréau,VARENNES-SUR-SEINE,77130,4837500,294300
77130012,A5 Aire des Jonchets Grande Paroisse,Forges,77130,4842641.3433117,292861.44113189
77130013,A5 Aire des Jonchets Les Récompenses,Forges,77130,4842917.6472519,293179.777984
77140003,Route de Larchant,SAINT-PIERRE-LèS-NEMOURS,77140,4826800,267600
77140006,1 rue JM JACQUARD,NEMOURS,77140,4826900,270100
77140010,Autoroute du Soleil - AIRE DE NEMOURS OUEST,NEMOURS,77140,4826170.1654868,272203.66668701
77140011,10 AVENUE DU GENERAL DE GAULLE,NEMOURS,77140,4826687,270651
77140012,Aire de Darvault A6,Darvault,77140,4826400,272200
77141001,"RD 231, STATION TOTAL",VAUDOY EN BRIE,77141,4869300,308200
77141003,"RN4 route de Pecy, lieu dit Lugins",Vaudoy-en-Brie,77141,4868409.14,308716.27
77144001,1 boulevard Charles de GAULLE,MONTéVRAIN,77144,4887700,275100
77144002,34 ROUTE DE PROVINS,MONTEVRAIN,77144,4885300,276100
77150002,Avenue des Pyramides,CHAMPS-SUR-MARNE,77420,4885300,258400
77150004,AV DES HYVERNAUX - RD 51,LESIGNY,77150,4873900,260700
77150006,"Centre commercial de la Fontaine, rue du petit parc",Lésigny,77150,4873900,260600
77160002,Avenue de la Voulzie,Provins,77160,4854800,329200
77160003,15 Avenue du Maréchal de Lattre de Tassigny,Provins,77160,4855900,330900
77160005,16 AV GENERAL DE GAULLE,PROVINS,77160,4855938,328637.9
77164002,ZAC DES HAUTS DE FERRIERES - PARC DES MERLETTES,FERRIERES EN BRIE,77164,4882747.5189366,270319.53919577
77165002,Avenue du Maréchal Gallieni,SAINT-SOUPPLETS,77165,4903700,280100
77165006,RN 330 - ROUTE DE MEAUX,ST SOUPPLETS,77165,4903354,280467
77170004,17 Rue du Général Leclerc,BRIE-COMTE-ROBERT,77170,4870100,260100
77170005,25 Rue Pasteur,Brie-Comte-Robert,77170,4869424,261673
77170006,12 Rue Gustave Eiffel,BRIE-COMTE-ROBERT,77170,4870300,260000
77170013,5 RUE DU GÉNÉRAL LECLERC,Brie-Comte-Robert,77170,4870100,260100
77171003,"38, RUE DE PARIS",SOURDUN,77171,4853500,336100
77176001,8 avenue du 8 mai 1945,SAVIGNY-LE-TEMPLE,77176,4859700,257300
77181002,ROUTE DE CHELLES,LE PIN,77181,4890600,261900
77183001,Boulevard Georges Bidault,Croissy-Beaubourg,77183,4882800,264400
77184004,4 Boulevard Olof Palme,ÉMERAINVILLE,77184,4880900,261500
77186001,4 Avenue Pierre Mendès France,NOISIEL,77186,4884100,262000
77186003,COURS DE L'ARCHE GUEDON,NOISIEL,77186,4885100,263100
77190004,544 Avenue André Ampère,DAMMARIE-LES-LYS,77190,4850900,260400
77190005,936 AVENUE DU GENERAL LECLERC,Dammarie-les-Lys,77190,4851881.2310534,265430.5293398
77190006,AVENUE DES LYS,Dammarie-les-Lys,77190,4851800,262800
77195001,RN7 BP23,Dammarie-les-Lys,77190,4850100,257900
77200001,11 Rue de Paris,Torcy,77200,4885100,265600
77210001,73 Avenue du Président Franklin Roosevelt,Avon,77210,4841700,272300
77210002,36 Avenue du Président Franklin Roosevelt,AVON,77210,4841494.44259,271959.190391
77220004,Boulevard Victor Hugo,GRETZ-ARMAINVILLIERS,77220,4873913,272084
77220005,RUE DE LA LIBERATION,Tournan-en-Brie,77220,4874000,277700
77229001,CC E.Leclerc - RN19 « Les Chaumes »,Mormant,77720,4861300,288500
77230001,ROUTE DE PARIS,Villeneuve-sous-Dammartin,77230,4903335.1374453,263600.46095685
77230004,Route de Vémars,MOUSSY-LE-NEUF,77230,4906414.392,259786.578
77230006,RN 2 ROUTE DE SOISSONS,ROUVRES,77230,4907014.23478,271523.931506
77230009,5 avenue des deux Moulins,Saint-Mard,77230,4904100,268600
77240002,Rte Nationale 6 centre cial Boissénart,CESSON,77240,4858695.5815752,259645.65667331
77240003,39 ROUTE DE SAINTE-ASSISE,SEINE PORT,77240,4855300,254800
77250002,2 Avenue de la Gare,Moret-Loing-et-Orvanne,77250,4837548.2965623,281138.95223141
77250004,11 Rue de l'Orvanne,Moret-Loing-et-Orvanne,77250,4836935.4347807,282755.99738244
77250006,RD 606,MORET-LOING-ET-ORVANNE,77250,4836400,285300
77250007,RD 606 - SENS PROVINCE PARIS,ECUELLES,77250,4836300,285700
77260004,Avenue de Rebais,LA FERTé-SOUS-JOUARRE,77260,4893834.14,312779.23
77260005,RN 3 ZI DU HAINAULT.,SEPT-SORTS,77260,4894544.9460411,311160.57603906
77260009,42 AVENUE FRANKLIN ROOSEVELT,LA FERTE SOUS JOUARRE,77260,4894400,312100
77260012,Autoroute A4 Km 56 sens Strasbourg - Paris,Ussy sur marne,77260,4896384,305281
77260013,Autoroute A4 Km 56 sens Paris - Strasbourg,Ussy-sur-Marne,77260,4897049.7,306410.6
77270001,Avenue Roger Salengro,VILLEPARISIS,77270,4895355.016926,260687.66680146
77280001,Rue du 8 Mai 1945,Othis,77280,4907300,267100
77290002,46 Rue de Villeparisis,MITRY-MORY,77290,4897596.8644122,261355.09683362
77290003,AERODROME DE MITRY,COMPANS,77290,4899563.6952778,264910.95556006
77300001,44 Boulevard du Maréchal Foch,Fontainebleau,77300,4841700,270800
77300005,CARREFOUR DE LA LIBERATION,Fontainebleau,77300,4840800,268800
77310009,RN 7,ST FARGEAU PONTHIERRY,77310,4854082.7353741,252209.39606196
77320002,Avenue du Général Leclerc,LA FERTé-GAUCHER,77320,4878355,330653
77320003,Avenue de la Maison-Blanche,LA FERTé-GAUCHER,77320,4878300,329500
77330002,2 Avenue Édouard Gourdon,Ozoir-la-Ferrière,77330,4877300,267600
77330003,84 Rue François de Tessan,OZOIR-LA-FERRIèRE,77330,4875700,270000
77330004,RN4 LIEUDIT L ERABLE,Ozoir-la-Ferrière,77330,4876694.3966836,265112.55845881
77340003,Route de Paris,Pontault-Combault,77340,4877680,259631
77340005,CHEMIN DÉPARTEMENTAL 51 - RUE DES BERCHÈRES,Pontault-Combault,77340,4879300,261900
77340006,6 A 10 AV CHARLES ROUXEL,Pontault-Combault,77340,4879836,260505
77340007,N104 LA FRANCILIENNE - AIRE PRE DE L'AULNES ET DE LA GDE MAR,PONTAULT COMBAULT,77340,4881600,262300
77340009,"Zac Les 4 Chênes, 35 Rte de Paris",Pontault Combault,77340,4877800,259100
77346001,RN 4 77346 Pontault-Combault,PONTAULT-COMBAULT,77340,4877600,260500
77350004,Avenue Jean Monnet,BOISSISE-LA-BERTRAND,77350,4854000,261200
77350005,AV MAURICE DAUVERGNE,LE MEE SUR SEINE,77350,4854301.39632,263315.746474
77360001,Place du Général de Gaulle,VAIRES-SUR-MARNE,77360,4887400,264100
77370001,Avenue de Verdun,NANGIS,77370,4855809.4704,302534.519556
77370003,Route de Fontainebleau,Nangis,77370,4855000,300000
77370005,"RN 19 , AVENUE DU GENERAL DE GAU",NANGIS,77370,4855900,302100
77380001,Rue Charles FABRY,COMBS-LA-VILLE,77380,4864900,256300
77390003,L OREE DE GUIGNES,GUIGNES,77390,4863502,279900
77390005,RD 619,Yèbles,77390,4863596.2863929,278111.96141947
77400007,Avenue de la Courtillière,SAINT-THIBAULT-DES-VIGNES,77400,4886900,267500
77400008,17 allée des rousselets Zac des vallières,THORIGNY-SUR-MARNE,77400,4889600,271600
77400011,RN 34,Lagny-sur-Marne,77400,4887700,272900
77400012,AVENUE ST GERMAIN DES NOYERS,Saint-Thibault-des-Vignes,77400,4886500,267600
77400015,127 Avenue du Général Leclerc,LAGNY SUR MARNE,77400,4887100,268300
77410001,CHEMIN DE COMPANS,Claye-Souilly,77410,4895200,266600
77410008,AIRE DE VILLEVAUDE AUTOROUTE A 104,Claye-Souilly,77410,4890500,264400
77410009,AUTOROUTE N104 - AIRE DE VILLEVAUDÉ,VILLEVAUDE,77410,4890500,264100
77430001,2 RUE JEAN COCTEAU,CHAMPAGNE-SUR-SEINE,77430,4839575,279896
77440001,16 Avenue du Chemin Noir,Lizy-sur-Ourcq,77440,4902700,302200
77440002,"8, route des platanes",Lizy-sur-Ourcq,77440,4902200,303300
77450005,"2, AVENUE CHARLES DE GAULLE",ESBLY,77450,4890000,281100
77450007,53 avenue Joffre,Esbly,77450,4889700,281500
77460001,115 Avenue du Maréchal Leclerc,SOUPPES-SUR-LOING,77460,4818300,273600
77460005,VAL DE LOING,Souppes-sur-Loing,77460,4818400,274200
77470001,86 Avenue de Verdun,TRILPORT,77470,4895800,295900
77480001,RUE DE LA SUCRERIE,Mousseaux-lès-Bray,77480,4841380.6983762,323266.04272856
77480002,82 AVENUE DE LA LIBERATION,BRAY-SUR-SEINE,77480,4841400,324200
77500001,Avenue Sylvie - ZI Belle-Ile,CHELLES,77500,4886900,259000
77500004,route de Montfermeil,CHELLES,77500,4889216,258113
77500008,20 Avenue de Claye,CHELLES,77500,4888200,260000
77508001,Avenue du Gendarme Castermant,CHELLES,77500,4887800,260900
77508002,Route Nationale 3,CLAYE-SOUILLY,77410,4894425.3,266045.6
77510001,ZAC PRE ANCEL,REBAIS,77510,4884615,323114
77515001,PARC D'ACTIVITES PRES DES BOURDEAUX,FAREMOUTIERS,77515,4880000,298600
77520002,2 RUE MONTPENSIER,DONNEMARIE DONTILLY,77520,4847636.8,313941.3
77540002,56 rue de vilpré,Rozay-en-Brie,77540,4867700,296900
77550004,AUTOROUTE A5B - AIRE DE GALANDE-LA-MARE-LAROCHE,REAU,77550,4862600,263000
77550005,AUTOROUTE A5A - AIRE DU PLESSIS-PICARD,REAU,77550,4862473,259212
77570001,Rue de Nisceville,CHâTEAU-LANDON,77570,4814461,269420
77580001,26 Avenue Charles de Gaulle,CRéCY-LA-CHAPELLE,77580,4886000,290800
77580002,Avenue de Villiers,CRéCY-LA-CHAPELLE,77580,4886000,290000
77590001,Rue Gallieni,Chartrettes,77590,4848338,269601
77600003,AUTOROUTE A4 - AIRE DE BUSSY ST GEORGES,Bussy-Saint-Georges,77600,4882949.2394,274003.485613
77600004,AUTOROUTE A4 - AIRE DE FERRIÈRES,Bussy-Saint-Georges,77600,4882900,274200
77610002,Rue Bertaux,FONTENAY-TRéSIGNY,77610,4871000,286000
77610003,7 rue Marguerite Perey,Fontenay-Trésigny,77610,4869800,288900
77620001,ROUTE DE LORREZ,ÉGREVILLE,77620,4817700,287200
77650001,RUE DE LA CROIX BROUILLARD,LONGUEVILLE,77650,4852100,323300
77680001,BLD DE LA MALIBRAN,Roissy-en-Brie,77680,4879600,264300
77680003,ROUTE D'OZOIR,Roissy-en-Brie,77680,4878203,265712
77680004,Place Robert Schuman,Roissy-en-Brie,77680,4879000,264200
77690001,22 RUE DU POIRIER DE FROMIE,MONTIGNY SUR LOING,77690,4833600,273200
77700001,14 Cours du Danube,Serris,77700,4885600,277700
77700002,Rue d'Esbly,Coupvray,77700,4889666,280162
77700003,1 Avenue Robert Schuman,COUPVRAY,77700,4887200,279800
77700004,17 Place de l'Europe,Bailly-Romainvilliers,77700,4885000,281900
77700006,1 RUE SUZANNE MASSON,COUPVRAY,77700,4888088.2982292,280395.16316237
77710001,Chemin du Berceau,Lorrez-le-Bocage-Préaux,77710,4825100,287400
77740002,62 ROUTE DE PARIS / RN 34,Saint-Germain-sur-Morin,77860,4888400,284100
77760001,Rue de l'Avenir,LA CHAPELLE-LA-REINE,77760,4832400,257700
77760002,36 Avenue de Fontainebleau,La Chapelle-la-Reine,77760,4832000,257500
77760003,AIRE DE ACHERES LA FORET OUEST A6,Achères-la-Forêt,77760,4836157.36,257300.22
77780003,RN 7,Bourron-Marlotte,77780,4832800,268700
77810001,Chemin des Prés,THOMERY,77810,4840800,279100
77820003,5 rue des Grands Champs,LE CHÂTELET-EN-BRIE,77820,4849200,279600
77860001,61 AVENUE DE L'ENSOLEILLEE,COUILLY-PONT-AUX-DAMES,77860,4887259.9637191,287188.65694261
77860002,94 AVENUE DU MARECHAL FOCH,Quincy-Voisins,77860,4889754.6218528,286447.22322041
77870002,44 ROUTE D HERICY,VULAINES-SUR-SEINE,77870,4843400,275300
77880001,RN 7,Grez-sur-Loing,77880,4832200,268600
77910001,17 Avenue des Américains,Varreddes,77910,4900096,292102
77950001,Rue du Perré,RUBELLES,77950,4855275.28221,267091.809609
78000005,50 Rue du Pont Colbert,Versailles,78000,4878800,215000
78000008,"10 bis, Rue des États-Généraux",VERSAILLES,78000,4880000,213300
78000016,Avenue Clément Ader,Versailles,78000,4879100,211400
78000019,15 AV DU GENERAL PERSHING,VERSAILLES,78000,4881800,215000
78000020,71 RUE DES CHANTIERS,VERSAILLES,78000,4879300,214300
78000021,60 AV DE LA REPUBLIQUE,VERSAILLES,78000,4880500,215300
78100002,122 RUE DU PRESIDENT ROOSEVELT,Saint-Germain-en-Laye,78100,4889957,207564
78110002,101 Boulevard Carnot,Le Vésinet,78110,4889600,212600
78114001,rue vincent van gogh,MAGNY-LES-HAMEAUX,78114,4872500,208300
78120003,RN10 CENTRE COMMERCIAL DU BEL AIR,RAMBOUILLET,78120,4862500,183000
78120005,rue Clos Batant,RAMBOUILLET,78120,4864700,185600
78120012,RN 10 LIEU DIT L'ABBE,SONCHAMP,78120,4856800,183300
78120013,1 RUE AUGUSTE MOUTIE,RAMBOUILLET,78120,4864400,184000
78121001,27 Route Départementale 307,Crespières,78121,4888655.1876734,191615.88548829
78124001,"16, Route de Mante",Mareil sur Mauldre,78124,4889323.73,187387.57
78130011,29 AV. PAUL RAOULT,LES MUREAUX,78130,4899240,191384
78140001,4 Rue Dewoitine,VéLIZY-VILLACOUBLAY,78140,4878300,221500
78140008,AUTOROUTE A86 - AIRE DE VELIZY OUEST,Vélizy-Villacoublay,78140,4878100,217300
78140009,AIRE DU VAL DE GRACE,VELIZY-VILLACOUBLAY,78140,4877110.4975942,222755.12428149
78140010,"27,RUE LOUIS BREGUET",VELIZY VILLACOUBLAY,78140,4878100,218300
78150005,"145, rue de Versailles",LE CHESNAY,78150,4882700,212800
78150007,52 bld st antoine,LE CHESNAY,78150,4881900,212000
78150012,90/94 RUE DE VERSAILLES,LE CHESNAY,78150,4882300,212800
78150013,18 ROUTE DE MAULE- D 307,ROCQUENCOURT,78150,4883600,209800
78150014,ANGLE RN 307 ET 317,ROCQUENCOURT,78150,4883700,210500
78160002,"120, ROUTE DE VERSAILLES",Marly-le-Roi,78160,4887200,210500
78170002,64 Avenue Lucien-René Duchesne,La Celle-Saint-Cloud,78170,4883700,213000
78170006,24 Avenue de la Jonchère,LA CELLE-SAINT-CLOUD,78170,4885700,214500
78175001,130 Avenue du Maréchal Foch,SAINT-GERMAIN-EN-LAYE,78100,4890300,208400
78180002,13 Avenue Ampère,MONTIGNY-LE-BRETONNEUX,78180,4879800,204800
78180010,"69, BOULEVARD VAUBAN",MONTIGNY LE BRETONNEUX,78180,4878100,204000
78180011,11 avenue des Près,Montigny le Bretonneux,78180,4877700,201800
78190010,RN 10,TRAPPES,78190,4878205.422,202329.658
78190011,1 avenue le Verrier,Trappes,78190,4878900,197400
78190012,1 AV MARTIN LUTHER KING,TRAPPES,78190,4877300,199100
78200001,CD 110 - BP 1525,Buchelay,78200,4898100,168900
78200003,4/6/8 RUE DE CHANTEREINE RN.13,MANTES-LA-VILLE,78711,4898200,172000
78200008,16 Rue Jean Hoët,Mantes-la-Jolie,78200,4899700,171100
78200012,48 BD ROGER SALENGRO,Mantes-la-Ville,78711,4898300,169800
78210006,4 BLD HENRI BARBUSSE,Saint-Cyr-l'École,78210,4879400,207000
78230002,46 Avenue du Président John F. Kennedy,Le Pecq,78230,4888100,209700
78230005,"Angle rue de Paris, Quai Maurice Berteaux",Le Pecq,78230,4889600,210700
78230006,56 Avenue du Président John Fitzgerald Kennedy,Le Pecq,78230,4887908.1594009,209690.36115051
78241001,RN 13,CHAMBOURCY,78240,4891000,203300
78250003,rd28,TESSANCOURT-SUR-AUBETTE,78250,4901261.1172956,190925.04310608
78250005,60 RUE DU VEXIN,HARDRICOURT,78250,4901074.8106364,189970.605751
78260001,3 avenue Wolfgang Amadeus Mozart,ACHERES,78260,4896163.7,205843.9
78270002,RN 13 RTE D'EVREUX,Chaufour-lès-Bonnières,78270,4902000,148900
78280003,10 AV DE L'EUROPE,GUYANCOURT,78280,4877000,206000
78280004,VOIE E8 LES SAULES - Avenue du 8 Mai 1945,GUYANCOURT,78280,4878500,206000
78290001,22 Avenue du Général de Gaulle,Croissy-sur-Seine,78290,4888112,213987
78290003,46 RUE DES PONTS,Croissy-sur-Seine,78290,4887500,214000
78300003,Rue de la Reine Blanche,Carrières-sous-Poissy,78955,4894200,202900
78300011,45 AV DE LA MALADRERIE,POISSY,78300,4892100,203400
78310001,RN10,Coignières,78310,4874500,192200
78310006,AVENUE DE LANGRES,MAUREPAS,78310,4876200,194600
78310007,222/224 ROUTE NATIONALE 10,Coignières,78310,4874373.9662791,191529.68184968
78318001,Avenue Gutenberg,MAUREPAS,78310,4876400,191400
78320001,3 Rue de Versailles,LE MESNIL-SAINT-DENIS,78320,4874500,196300
78330003,30 RUE DE LA DEMENERIE,FONTENAY-LE-FLEURY,78330,4881131.1340762,204061.15666011
78340005,RUE DE LA POINTE DE L'ANGE- RD,Les Clayes-sous-Bois,78340,4882900,199400
78350002,AUTOROUTE A86,Jouy-en-Josas,78350,4878058.2855606,217315.92564109
78360001,280 Avenue Gabriel Péri,MONTESSON,78360,4893000,214500
78360002,40 Avenue Gabriel Péri,MONTESSON,78360,4890666,211625
78360004,150 AVE PAUL DOUMER,MONTESSON,78360,4890900,215900
78370001,centre commerciale Brigitte,PLAISIR,78370,4882700,194800
78370002,CD 161,PLAISIR,78370,4882900,195800
78380004,58 QUAI BOISSY D'ANGLAS,BOUGIVAL,78380,4886849.00008,213183.308716
78380005,12 AV JEAN MOULIN,Bougival,78380,4885700,213900
78390003,11 Avenue Jean Jaurès,Bois-d'Arcy,78390,4880000,203800
78390005,RN 12 ROUTE DE DREUX,Bois-d'Arcy,78390,4879884.1163765,200343.36831272
78390006,41 BIS RUE PAUL VAILLANT COUTURI,Bois-d'Arcy,78390,4880100,202600
78400004,133 AV DU MARECHAL FOCH,CHATOU,78400,4889200,214400
78410002,Route Renault,FLINS-SUR-SEINE,78410,4896631.638097,186670.49841285
78410004,44 AVENUE DE L UNION,AUBERGENVILLE,78410,4896000,184300
78420004,104 RTE DE CHATOU,Carrières-sur-Seine,78420,4890400,216700
78430005,9 TER QUAI CONTI RN 13,LOUVECIENNES,78430,4887500,211900
78440001,Avenue de Paris,GARGENVILLE,78440,4899000,183500
78450001,Avenue Nagelmackers.,VILLEPREUX,78450,4881900,200400
78470001,PLACE DE BEAUPLAN,SAINT-RéMY-LèS-CHEVREUSE,78470,4871600,208500
78480001,4 Rue des Rosiers,Verneuil-sur-Seine,78480,4898600,196900
78480004,7 BD GEORGES CLEMENCEAU,Verneuil-sur-Seine,78480,4897800,197800
78490002,av arbre quenée,Méré,78490,4880155.3211788,182081.43438025
78500001,AVENUE ROBERT SHUMANN,SARTROUVILLE,78500,4894800,219800
78520002,ROUTE NATIONALE 190,LIMAY,78520,4899500,172900
78520004,60 AV.DE LA PAIX,LIMAY,78520,4899300,174400
78530001,Avenue guyemer,BUC,78530,4876500,212700
78540001,Rue de la Grosse Pierre,VERNOUILLET,78540,4897600,199500
78550004,RN12 E12-LE VAL RAYMOND,Maulette,78550,4879300,163100
78550005,RN 12 - LA PRAIRIE,MAULETTE,78550,4879200,163300
78550006,Route de Gambais,Maulette,78550,4879100,162800
78550007,"Lieu-dit La Porte d'Épernon - 16 route d'Epernon, D61",Maulette,78550,4878718.868547,160538.21827239
78550009,22 AVENUE GERARD ANNEL - D912,MAULETTE,78550,4879300,162000
78560004,4 AVENUE SIMON VOUET,Le Port-Marly,78560,4887800,211500
78570001,CD55 ROUTE DE POISSY CHANTELOUP,Andrésy,78570,4897600,204300
78570005,RUE DE TRIEL,ANDRESY,78570,4897609.1,204613.4
78580001,67 Boulevard Paul Barre,MAULE,78580,4891200,185200
78590003,3 Rue André Lebourblanc,NOISY-LE-ROI,78590,4884200,206800
78600002,18 Avenue du Général de Gaulle,Maisons-Laffitte,78600,4894500,214300
78600004,101 AV.DE POISSY - RN.306,Le Mesnil-le-Roi,78600,4894300,212900
78610002,57 Rue de Chartres,LE PERRAY-EN-YVELINES,78610,4868400,184500
78630004,116 Avenue Pasteur,Orgeval,78630,4892500,197600
78630008,AUTOROUTE A13 - AIRE DE MORAINVILLIERS SUD,MORAINVILLIERS,78630,4894070.118,195295.914
78630009,AUTOROUTE A13 - AIRE DE MORAINVILLIERS NORD,MORAINVILLIERS,78630,4894063.6390951,195461.25318413
78630010,CC ART DE VIVRE - CD 113,ORGEVAL,78630,4892529,199188
78630011,ROUTE DE 40 SOUS - RN113,ORGEVAL,78630,4892509.0170132,199306.66183828
78650002,RD.191,Beynes,78650,4885000,187700
78660003,1 Rue de Boinville,Ablis,78660,4851505.4663739,183814.48602102
78660004,RN 10 HAMEAU DE L'ABBE,Prunay-en-Yvelines,78660,4857100,183200
78680002,30 Avenue du Professeur Emile SERGENT,ÉPôNE,78680,4897900,195500
78680004,ROUTE DE GARGENVILLE,EPONE,78680,4896100,181200
78690002,lieudit le village,Les Essarts-le-Roi,78690,4871400,192600
78690003,37- RN 10,LES ESSARTS LE ROI,78690,4871800,188300
78700001,109 Rue de l'Ambassadeur,CONFLANS-SAINTE-HONORINE,78700,4901100,209700
78700002,10 Place de la Liberté et du 8 Mai 1945,Conflans-Sainte-Honorine,78700,4900644.751,211854.078
78700003,188 Avenue du Maréchal Foch,CONFLANS-SAINTE-HONORINE,78700,4900600,211300
78700010,184 RN HAUTES COUTURES,Conflans-Sainte-Honorine,78700,4899500,208000
78700011,ROUTE NATIONALE 184,Conflans-Sainte-Honorine,78700,4899500,208100
78702001,Rue des Belles Hâtes,CONFLANS-SAINTE-HONORINE,78700,4900900,208600
78710004,Aire de Rosny Nord - Autoroute A13 - Sens Paris,ROSNY SUR SEINE,78710,4899300,163400
78710005,A13 Aire de Rosny Sud,ROSNY-SUR-SEINE,78710,4899200,163200
78730001,Rue du Docteur Rémond,Saint-Arnoult-en-Yvelines,78730,4858200,193700
78760004,32 ROUTE DU PONTEL,Jouars-Pontchartrain,78760,4880400,189600
78770001,4 Route de VERSAILLES,Thoiry,78770,4886575.764,179757.381
78790001,10 place de la mairie,SEPTEUIL,78790,4889216.4616577,167835.90679535
78800001,108 Boulevard Émile Zola,HOUILLES,78800,4892400,220500
78800004,138 BOULEVARD JEAN JAURES,Houilles,78800,4892200,220200
78800006,136 RUE HENRI BARBUSSE,HOUILLES,78800,4893200,218200
78820001,"233, Avenue de Paris",Juziers,78820,4898981,183454
78840003,2 Rue Charles de Gaulle,FRENEUSE,78840,4903900,159200
78840004,rue des voies vaches,Freneuse,78840,4903700,159300
78885001,PLACE JOEL LE THEULE,MONTIGNY-LE-BRETONNEUX,78180,4878600,204300
78890005,27 ROUTE DE LA GARE,GARANCIERES,78890,4881174.5544633,176369.81628975
78910001,17 rue de la vallée Jean Leloup - Route de Béhoust,Orgerus,78910,4883446.8619511,170957.925703
78920004,CHEMIN DEPARTEMENTAL 43,ECQUEVILLY,78920,4897100,191900
78940001,Route Nationale,La Queue-lez-Yvelines,78940,4880349.9606669,178231.8988474
78955001,"55, Route d'Andresy",Carrières-sous-Poissy,78955,4895600,204200
78960001,RUE AUX FLEURS,Voisins-le-Bretonneux,78960,4875600,205500
78960004,CD 36,VOISINS LE BRETONNEUX,78960,4876200,204200
78970001,6 AVENUE DE LA GARE,MéZIèRES-SUR-SEINE,78970,4896039,180785
78980001,31 rue René Dhal,Bréval,78980,4894500,152400
78980002,39 ROUTE DE MANTES,LONGNES,78980,4892300,159100
78990004,Rue du Fond des Roches,ÉLANCOURT,78990,4877600,195400
78990010,ROND-POINT DE L'HOTEL DE VILLE,ELANCOURT,78990,4876800,195200
80000007,BOULEVARD DE ROUBAIX,Amiens,80080,4990800,231800
80000008,28 Place du Maréchal Foch,Amiens,80000,4989400,228500
80000009,160 Chaussée Jules Ferry,Amiens,80090,4988200,232700
8000001,1 rue Paulin Richier,CHARLEVILLE-MéZIèRES,08000,4973900,470700
80000012,Rue Alexandre Dumas,AMIENS,80000,4987100,230000
80000013,7 BD DU PORT D'AVAL,AMIENS,80000,4989800,229200
80000014,495 ROUTE D ABBEVILLE,AMIENS,80000,4991144.285,225197.699
80000019,1 rue edouard lucas,amiens,80000,4989878.3540155,227025.21626495
8000002,42 Avenue des Martyrs-de-la-Résistance,Charleville-Mézières,08000,4975869,472653
8000005,17 Avenue Charles de Gaulle,Charleville-Mézières,08000,4976700,471800
8000007,69 Rue de Monthermé,Charleville-Mézières,08000,4978500,471300
8000008,197 Avenue Carnot,Charleville-Mézières,08000,4974600,472700
8000010,RTE DE LAFRANCHEVILLE,Charleville-Mézières,08000,4974100,472600
8000011,RD 764,VILLERS-SEMEUSE,08000,4973300,475300
80044001,Centre Commercial Amiens Sud Rn1,Dury,80480,4986225.3148461,227754.69819
80046003,7 AVENUE R.DUMOULIN,AMIENS CEDEX 2,80046,4992800,228700
80090003,Rue Pierre Rollin,AMIENS,80090,4987700,231300
80100001,RUE DES CORDELIERS,ABBEVILLE,80100,5010400,182800
80100002,Avenue Vincent Auriol,ABBEVILLE,80100,5009981.1078,185638.830058
80100003,1 RUE DE LA MAIRIE,NOUVION,80860,5021177.28505,177888.380782
80100007,213 Boulevard de la République,Abbeville,80100,5011300,182900
80100009,18 rue de menchecourt,ABBEVILLE,80100,5011751.3685996,182924.31861311
80100010,205 BLD DE LA REPUBLIQUE,ABBEVILLE,80100,5011300,182900
80100011,3 place de l amiral courbet,abbeville,80100,5010786.7347902,183176.01957873
80100012,1 Rue Philippe Duclercq,Abbeville,80100,5012800,183300
80110001,Route de Thennes,MOREUIL,80110,4978656.1311593,246992.37043829
80110002,Route de Thennes,MOREUIL,80110,4978800,246900
80120001,rue des pommiers,QUEND,80120,5033100,158900
80120003,Rue du Moulin,RUE,80120,5027346.1,166324.377
80120004,28/30 RUE PORTE DE BECRAY,RUE,80120,5027100,166900
80130003,12 Avenue du Parc,Friville-Escarbotin,80130,5007400.305217,153697.77407813
80135001,5 rue du hamel,SAINT-RIQUIER,80135,5012900,194200
80136001,Avenue de la Defense Passive,RIVERY,80136,4991300,233800
80140003,les Quarante,Oisemont,80140,4995923.6819945,176647.04551324
80140004,21 AVENUE FRANCOIS MITTERRAND,OISEMONT,80140,4996000,176600
80140005,AUTOROUTE A 28,LE TRANSLAY,80140,4996400,165700
80140006,AUTOROUTE A 28,Le Translay,80140,4996200,166500
80150003,38 Route de Rue,Crécy-en-Ponthieu,80150,5025176.72,188435.09
80150004,route nationale,Brailly-cornehotte,80150,5020305,195771
80160003,Rue Henri Dunant,Conty,80160,4973859,215396
80160004,1 Place du génèral de Gaulle,Conty,80160,4974100,215200
80170001,20 Rue Vauvillers,ROSIèRES-EN-SANTERRE,80170,4982600,271200
80190001,Pôle Activité du Pays Neslois - Route de Rouy,NESLE,80190,4976000,291400
80190002,Route de Rouy,NESLE,80190,4976400,292100
80190003,Rue charles de gaulle,Gamaches,80220,4998300,156200
80200003,2 route de Paris,PERONNE,80200,4991800,293300
80200005,AUTOROUTE A 1,Péronne,80200,4988700,283700
80200007,AVENUE DE L EUROPE,PERONNE,80200,4993900,292600
80200011,28 avenue des australiens,Péronne,80200,4994200,294100
80200012,Autoroute A1 - Aire d'Assevillers Est,Péronne,80200,4988900,284100
80210001,43 RUE VICTOR HUGO,FEUQUIèRES-EN-VIMEU,80210,5006153.703,159455.665
80210002,ZONE INDUSTRIELLE,FEUQUIèRES-EN-VIMEU,80210,5006300,160500
80220001,90 RUE CHARLES DE GAULLE,GAMACHES,80220,4998400,157400
80220003,Avenue du Président Roosevelt,Bouttencourt,80220,4993908,162364
80230002,Rue Cavée Lévesque,Saint-Valery-sur-Somme,80230,5017400,163800
80230003,HAMEAU DE PINCHEFALISE,Boismont,80230,5017200,164900
80230006,208 ROUTE D'ABBEVILLE,SAINT VALERY SUR SOMME,80230,5017300,165600
80240001,Rue du Nouveau Monde,ROISEL,80240,4994800,310800
80250001,Rue Sadi Carnot,AILLY-SUR-NOYE,80250,4975048.8813391,235907.1858947
80260001,Rue du Château d'Eau,Villers-Bocage,80260,5000100,231600
80260003,RD 933 Le Champs St Pierre,FLESSELLES,80260,5000100,225800
80260004,5 rue d'Amiens,Rainneville,80260,4997000,235300
80270001,Route d'Abbeville,Airaines,80270,4997400,194100
80270003,33 AVENUE DU GENERAL LECLERC,AIRAINES,80270,4996299.4017723,194354.11088213
80290001,RUE DU CAPITAINE FAY,POIX-DE-PICARDIE,80290,4977600,197800
80290006,2 RUE DE MENESVILLERS,Poix-de-Picardie,80290,4977400,199000
80290007,6/12 rue benjamin hardivillers,Poix-de-Picardie,80290,4977500,198500
80290008,A29 Aire de CROIXRAULT,CROIXRAULT,80290,4980800,196800
80290009,"4, le coq gaulois, Digeon",Morvillers-Saint-Saturnin,80290,4976700,180100
80300001,80 AVENUE DU GENERAL FAIDHERBE,ALBERT,80300,5001100,267300
80300004,CARREFOUR AMIENS Route de Doullens,AMIENS,80080,4992200,230400
80300005,Zone Commerciale chemin croisé de bellevue,ALBERT,80300,4999400,265700
80300006,164 AV DU GENERAL FAIDHERBE,ALBERT,80300,5000800,266600
80320004,34 RUE ROGER SALENGRO,CHAULNES,80320,4981600,280300
80330004,RD 935- AVENUE DE LA VILLE IDEAL,LONGUEAU,80330,4986800,236800
80340003,zi route d'etinehem,Bray-sur-Somme,80340,4993800,271800
80340004,3 rue Castel,Bray-sur-Somme,80340,4993969.75,271766.2
80350001,ZONE DE FROIDEVILLE,Mers-les-Bains,80350,5006042.884107,141066.08204
80370002,11 Rue de Canaples,Bernaville,80370,5013100,217200
80380001,21 RUE DES TAVERNES,VILLERS-BRETONNEUX,80800,4987100,251200
80400004,"80, rue de Paris",MUILLE-VILLETTE,80400,4973000,306700
80400005,Route de chauny,HAM,80400,4974205.7621656,309176.20513657
80410005,184 rue du maréchal foch,Cayeux-sur-mer,80410,5018178.5861603,149438.16717327
80420003,ZAC des Hauts du Val de Nievre,FLIXECOURT,80420,5002800,206700
80420004,Route de Vignacourt,FLIXECOURT,80420,5001100,209400
80430002,26 AVENUE DE LA LIBERATION,BEAUCAMPS-LE-VIEUX,80430,4984200,177800
80440003,C.C Grand A Route de saint Quentin,Glisy,80440,4986500,237700
80450001,Rue Ambroise Croizat,Camon,80450,4990000,234100
80460003,Avenue du Général Leclerc,AULT,80460,5009824,145590
80470001,95 Rue Pierre Brossolette,Ailly-sur-Somme,80470,4992900,219500
80480001,2 Route de Normandie,Salouël,80480,4987000,224100
80480002,"1, rue Albert Camus",SALOUEL,80480,4987100,226100
80480003,Route de Taisnil,SALEUX,80480,4986238,223121
80480004,59 route d'amiens 80480 dury,Dury,80480,4986000,227400
80500003,Rue de Roye,MONTDIDIER,80500,4964844,258299
80500004,1 Place du Maréchal Foch,Montdidier,80500,4964600,257300
80510004,RUE DU 8 MAI,Longpré-les-Corps-Saints,80510,5002900,194300
80550001,rue du 8 mai,LE CROTOY,80550,5021700,162500
80560001,Rue de Léalvillers,ACHEUX-EN-AMIéNOIS,80560,5007200,252900
80570001,Rue Joliot Curie,Dargnies,80570,5004475,152562
80580001,RUE JEAN MOULIN,Pont-Remy,80580,5005800.8,190025.44
80590002,2 et 4 rue du Viaduc,GAUVILLE,80290,4978100,176000
80600002,Rue du Pont des 9 Moulins,Doullens,80600,5016005,234759
80600003,76 ROUTE FLANDRE DUNKERQUE,DOULLENS,80600,5016200,235500
80600005,Rue de la Gare,DOULLENS,80600,5016000,234200
80600006,RUE MENCHON,Doullens,80600,5015651.4175032,234420.93761964
80690001,17 ROUTE NATIONALE,Ailly-le-Haut-Clocher,80690,5007880.52,199553.59
80700004,impasse du moulin,ROYE,80700,4970800,277500
80700009,ZI IMPASSE DU MOULIN,ROYE,80700,4970300,278100
80700010,CHEMIN DEPARTEMENTAL 54 E,ROYE,80700,4970500,276600
80730001,421 Avenue Louis Pasteur,DREUIL-LèS-AMIENS,80470,4991400,223500
80800002,RUE DE DEMUIN,VILLERS-BRETONNEUX,80800,4986000,252400
80800004,18 RUE AUGUSTE GINDRE,CORBIE,80800,4990800,251000
80800006,RUE HYPPOLYTE NOIRET,FOUILLOY,80800,4989800,249400
80800007,Autoroute A29 aire de Villers-Bretonneux,VILLERS-BRETONNEUX,80800,4986288.4,252134
80850001,Rue Lucien Peyrat,BERTEAUCOURT-LES-DAMES,80850,5004600,214800
8090001,RN 43 LE PORT LEROY,Cliron,08090,4980500,462100
80970003,AIRE DE LA BAIE DE SOMME A16,Sailly-Flibeaucourt,80970,5016700,175500
8110002,ZAC DE Wé - 2 avenue de l'Europe,CARIGNAN - Wé,08110,4963700,516200
8110005,43 Route Nationale,Blagny,08110,4962155.0437047,518627.64178631
8120001,63 Avenue Blanqui,BOGNY-SUR-MEUSE,08120,4985700,476400
8130003,3 Rue Saint-Charles,Attigny,08130,4947900,457700
8130004,5 ROUTE DE CHARLEVILLE,Attigny,08130,4948500,458100
8140003,centre commercial Mac Mahon route Nationale,Bazeilles,08140,4968455.2690437,497236.54981651
8150001,RUE PASTEUR,RIMOGNE,08150,4984000,454500
8150002,103 Avenue Martyrs de la Résistance,Renwez,08150,4984000,460500
8150003,89 AVENUE DES MARTYRS DE LA RESISTANCE,RENWEZ,08150,4983362.8,460390.4
8170001,225 rue des evignes,FUMAY,08170,4998900,469200
8170005,RN 51,FUMAY,08170,4999467.113949,469713.76513648
8190001,70 Rue Chantereine,ASFELD,08190,4946500,411200
8190003,1 Rue Chantereine,Asfeld,08190,4947064,412341
8200004,45 Avenue de la Marne,Sedan,08200,4969700,491900
8200005,14 Avenue Pasteur,Sedan,08200,4969900,492800
8200007,Rue Cadeau,SEDAN,08200,4970600,493600
8200010,8 AVENUE DE LA MARNE,SEDAN,08200,4969900,492700
8210001,Avenue de la Paix,MOUZON,08210,4961023,507788
8230001,Route de la Petite Chapelle,ROCROI,08230,4992800,452600
8240001,15 RUE DE LA GARE,BAR-LES-BUZANCY,08240,4942885.7983819,495181.45930264
8260002,RN43 Lieu dit Le Pré Meumon,Maubert-Fontaine,08260,4986700,442800
8270002,AUTOROUTE A34 - AIRE DES ARDENNES - WOINIC,Saulces-Monclin,08270,4959406.9537325,450291.88207464
8300001,ZONE DE L'ETOILE,Rethel,08300,4951100,436800
8300006,24 Rue de Reims,SAULT-LèS-RETHEL,08300,4950033,435794
8300007,Rue Arthur Rimbaud,AMAGNE,08300,4951743,449483
8300008,4 RUE DE MONTPELLIER,RETHEL,08300,4950400,436000
8320002,140 Avenue Roger Posty,VIREUX-MOLHAIN,08320,5008100,472500
8320003,ROUTE NATIONALE 51,HIERGES,08320,5010600,474300
8330002,12 RUE PIERRE VIENOT,VRIGNE-AUX-BOIS,08330,4973500,485000
8350002,Rue Georges Clemenceau,DONCHERY,08350,4969800,486600
8360003,37 Rue de la Sommevue,Château-Porcien,08360,4953000,424900
8400002,"Rd 976, Chestres",Vouziers,08400,4939868.7170482,471563.4421409
8400003,115 rue Bournizet,VOUZIERS,08400,4939600,468200
8400004,Rue Verte,VOUZIERS,08400,4940500,469700
8430001,32 GRANDE RUE,POIX-TERRON,08430,4965100,464200
8460001,1 route de rocroi,signy l'abbaye,08460,4969976.3,442306.6
8500002,13 Avenue Danton,REVIN,08500,4993900,464100
8600003,Route de Beauraing,GIVET,08600,5013400,485400
8700004,42 RUE PARMENTIER,NOUZONVILLE,08700,4982218.5722569,474293.65808471
88000007,2 Avenue de la Fontenelle,Épinal,88000,4818685,644195
88000009,"47, AVENUE DE LA FONTENELLE",EPINAL,88000,4819200,644000
8800001,Rue André Compain,Monthermé,08800,4988000,474200
88000011,51 route de Remiremont,EPINAL,88000,4816000,645100
8800004,RUE ANDRE COMPAIN,MONTHERME,08800,4988500,473900
88025001,33 ROUTE DU SAUT LE CERF,EPINAL - JEUXEY,88000,4820000,648000
88100004,5 Rue Marcel Mauss,Saint-Dié-des-Vosges,88100,4829300,693500
88100005,116 Rue d'Alsace,SAINT-DIé-DES-VOSGES,88100,4827800,696100
88100006,183 Rue Ernest Charlier,SAINTE-MARGUERITE,88100,4827200,697000
88100007,18 Rue d'Épinal,Saint-Dié-des-Vosges,88100,4828800,692800
88100008,4 AVENUE DE VERDUN,SAINT-DIE-DES-VOSGES,88100,4829300,694200
88110002,Avenue du 21ème B.C.P.,Raon-l'Étape,88110,4840700,685800
88120001,11 Rue du Général de Gaulle,VAGNEY,88120,4801200,671500
88130001,10 Rue René Didierjean,CHARMES,88130,4837279.73657,628222.010719
88130002,RN 57,CHARMES,88130,4837100,629200
88140003,Rue François de Neufchâteau,Contrexéville,88140,4818846.1950599,588337.42557768
88140004,630 Avenue des Pierrottes,CONTREXéVILLE,88140,4818900,590200
88140006,AV DIVISION LECLERC,CONTREXEVILLE,88140,4818800,589400
88150001,27 rue d'Alsace,THAON-LES-VOSGES,88150,4824600,642300
88150004,Rue d'Alsace,Thaon-les-Vosges,88150,4824700,642500
88150005,196 Rue de Lorraine,Thaon-les-Vosges,88150,4826133.9208231,640940.5188742
88160001,20 Avenue de Verdun,LE THILLOT,88160,4788100,676400
88160002,35 Avenue de Verdun,LE THILLOT,88160,4788300,675800
88160003,Route Ménil,LE THILLOT,88160,4788900,677500
88170003,11 Rue Pierre de Coubertin,Châtenois,88170,4829900,584200
88170005,71 ZI LE NEUILLY,Châtenois,88170,4829900,585000
88170006,AUT.A31-AIRE DE LORRAINE SANDAUCOURT-LES RAPPES,SANDAUCOURT,88170,4826663.63,586374.4
88170007,A31 AIRE DE LORRAINE SANDAUCOURT LA TRELLE,SANDAUCOURT,88170,4826905,585964
88190001,Rue du Général Leclerc,Golbey,88190,4819100,641900
88190003,Rue des Forges,GOLBEY,88190,4817633.37523,642862.370064
88200001,26 ROUTE DE BUSSANG,REMIREMONT,88200,4800400,661300
88200006,La Chaume,Saint-Étienne-lès-Remiremont,88200,4801700,661500
88200015,ROUTE NATIONALE 57 - AIRE DE LA CROIX SAINT JACQUES,ST NABORD,88200,4804948.393,658206.806
88200017,6 Faubourg de Remiremont,Saint-Nabord,88200,4802618.6,658088.7
88200018,41 rue de la moselotte,st etienne les remiremont,88200,4802000,661500
88210003,RUE DU DOCTEUR LARUE,SENONES,88210,4839125.9,697281.2
88220004,18 Rue de la Vall. de L Aître,Xertigny,88220,4804569.5457397,639848.44637682
88230001,46 Rue Eugène Mathis,FRAIZE,88230,4818500,699300
88230003,"14, Rue du Général Ingold",Fraize,88230,4818329.2050384,700408.89058285
88240001,ROUTE D'EPINAL,Bains-les-Bains,88240,4800600,627500
88250001,GRAND RUE,La Bresse,88250,4799900,687000
88250002,"11, Rue Paul CLAUDEL",LA BRESSE,88250,4800600,687900
88250003,2 bis route de Cornimont,La Bresse,88250,4800400,683400
88260001,Route de Vittel,Darney,88260,4809300,604400
88270001,Rue des Grands Jardins,Dompaire,88270,4822000,622400
88290001,814 ROUTE DU BEU,Saulxures-sur-Moselotte,88290,4795200,681700
88300001,Rue du Général de Gaulle,NEUFCHâTEAU,88300,4835098.73823,569258.857653
88300004,401 QUAI JEAN MOULIN,NEUFCHATEAU,88300,4835400,568800
88300005,750 Rue Paul Melin Prolongé,Neufchâteau,88300,4836668,570118
88300008,24 AVENUE HERRINGEN,NEUFCHATEAU,88300,4835400,570700
88300009,3 avenue francois de neufchateau,neufchateau,88300,4835029.2214715,569372.36543108
88307001,"67b, Avenue de la Division Leclerc",NEUFCHâTEAU,88300,4836903,570513.81
88310002,4 AVENUE DE LA GARE,CORNIMONT,88310,4795800,682800
88320001,ZA du CHERI BUISSON,LAMARCHE,88320,4807449.084,578766.316
88340001,22 ZA DU CENTRE,LE VAL-D'AJOL,88340,4792800,648300
88350002,2 Route de Joinville,Liffol-le-Grand,88350,4832204,557626
88360001,ROUTE NATIONALE 66,RUPT-SUR-MOSELLE,88360,4792600,665900
88360002,3 QUAI DE LA PARELLE,Rupt-sur-Moselle,88360,4792500,665900
88390003,Rue de Darney,Girancourt,88390,4816178,630282
88400002,Zac de la Croisette,Gérardmer,88400,4807900,688900
88400005,68 BOULEVARD KELSCH,GERARDMER,88400,4807500,688400
88400006,60 Boulevard Kelsch,Gérardmer,88400,4807495.62,688313.9
88410001,rue de La Croix de mission,Monthureux-sur-Saône,88410,4803200,597800
88440001,68bis rue d'Alsace,NOMEXY,88440,4830500,638800
88450002,ROUTE NATIONALE 57 - VOIE EXPRESS,VINCEY,88450,4833700,633200
88500001,23 Rue du pré Paradis,MIRECOURT,88500,4830300,611900
88500004,Avenue Maréchal de Lattre de Tassigny,MIRECOURT,88500,4829234,613127
88500006,"104, avenue Victor Hugo",MIRECOURT,88500,4830735.72629,613367.188605
88500007,RUE SAINT MAURICE,Mirecourt,88500,4831000,613500
88550001,ZA LES SAVRONS,POUXEUX,88550,4811000,657300
88560003,1 Rue de Lorraine,Saint Maurice sur Moselle,88560,4785607.74,682048.37
88560004,3 RUE DU PONT JEAN RN66,SAINT MAURICE SUR MOSELLE,88560,4785600,681100
88580001,RUE RAYMOND PANIN,Saulcy-sur-Meurthe,88580,4824200,695400
88600001,500 ROUTE DE LEPANGES,Laval-sur-Vologne,88600,4818800,668800
88600002,3 et 10 Rue de Gérardmer,BRUYèRES,88600,4819900,672700
88600003,Rue Abel Ferry,Bruyères,88600,4820400,672300
88630003,52 grande rue,COUSSEY,88630,4840500,568400
88650001,493 AVENUE DE ST DIE,ANOULD,88650,4819800,694700
88650004,104 RUE DE COLMAR,anould,88650,4818800,695400
88650005,456 RUE DE LA LORRAINE,SAINT LEONARD,88650,4822024.7,694524.8
88700001,Rue Charles Gratia,Rambervillers,88700,4834100,663600
88700003,4 Avenue du 17ème B.C.P.,Rambervillers,88700,4833845,663507
88700007,11 FAUBOURG DE LA CHIPOTTE,RAMBERVILLERS,88700,4834600,663900
88800001,65 Place de la Marne,VITTEL,88800,4820196,594200
88800002,rue du lieutenant gauffre,VITTEL,88800,4819808.36143,594032.57296
90160002,Route Nationale 188 déviée,Champlan,91160,4870938.6808774,226216.25463069
91000001,RUE DE VILLEROY,BONDOUFLE,91070,4861300,237700
91000004,BD DES CHAMPS ELYSEES,Évry,91000,4863900,242700
91000007,BOULEVARD DES COQUIBUS,EVRY,91000,4862400,244100
91080001,7 Av. de l'Orme À Martin,Évry-Courcouronnes,91080,4863110.253844,241729.28260083
91090001,Rue de Corbeil,LISSES,91090,4859986,243440
91100014,AUTOROUTE A6 - AIRE DES LISSES,CORBEIL ESSONNES,91100,4859307.03528,244276.477061
91100015,AUTOROUTE A6 - AIRE DE VILLABÉ,VILLABE,91100,4859400,244400
91100016,RUE SIGMUND FREUD,CORBEIL ESSONNES,91100,4860800,244900
91100017,RN 104 Aire Des Chevreaux,Saint-Germain-lès-Corbeil,91250,4863000,248700
91100019,46 avenue du 8 mai 1945,CORBEIL ESSONNES,91100,4861100,245200
91100021,18 Boulevard Jean jaures,CORBEIL ESSONNES,91100,4860600,246600
91130003,38 RUE PIERRE BROSSOLETTE,Ris-Orangis,91130,4864800,240800
91130006,75 RUE DE LA LIBERATION,RIS ORANGIS,91130,4864729,241893
91130007,RN7 RUE ALBERT REMY,Ris-Orangis,91130,4865700,240700
91130008,RN7 DOMAINE DE L'AUNETTE,Ris-Orangis,91130,4864800,241700
91140002,CHEMIN DE BRIIS CD 59,Villebon-sur-Yvette,91140,4870500,225400
91140003,"Réservée aux Membres Costco, 3 avenue de Bréhat",VILLEBON-SUR-YVETTE,91140,4868700,222300
91150007,RN20 - Ville Sauvage,Étampes,91150,4840881,212543
91150008,50 Rue des Lys,ÉTAMPES,91150,4844100,213800
91150010,32 Boulevard Saint-Michel,ÉTAMPES,91150,4844176,217016
91150012,RN 191 / AV COQUERIVE,ETAMPES,91150,4843400,217200
91150013,94 BLD ST MICHEL,ETAMPES,91150,4845200,217300
91150014,Avenue de Bonnevaux,ETAMPES,91150,4842903.6964163,215972.99610384
91160006,Avenue de la Division Leclerc N20,Ballainvilliers,91160,4866900,228000
91160009,31 ROUTE D'ORLEANS,BALLAINVILLIERS,91160,4867700,228200
91160010,1 rue du pont neuf,Saulx-les-Chartreux,91160,4869400,228200
91170003,Route de Fleury,Viry-Châtillon,91170,4866200,237500
91170006,RN 445 / 29 ROUTE DE FLEURY,Viry-Châtillon,91170,4865300,236900
91170007,158 RN 7,Viry-Châtillon,91170,4868400,237600
91180001,RN 20,Saint-Germain-lès-Arpajon,91180,4860300,224800
91180002,Rue de Chanteloup,Saint-Germain-lès-Arpajon,91180,4859600,225400
91180007,RN 20,Saint-Germain-lès-Arpajon,91180,4860945,225264
91190001,CHEVRY BELLEVILLE,GIF-SUR-YVETTE,91190,4869400,212100
91190009,2 Route de Gometz,Gif-sur-Yvette,91190,4868500,212400
91190011,155 AVENUE DU GENERAL LECLERC,Gif-sur-Yvette,91190,4870346,210705
91190012,27 AV DU GENERAL LECLERC,Gif-sur-Yvette,91190,4870300,212800
91200001,180 ROUTE NATIONALE 7,ATHIS-MONS,91200,4871200,237100
91200006,38 AV DE MORANGIS,ATHIS MONS,91200,4870600,236900
91210007,70 BLD HENRI BARBUSSE,DRAVEIL,91210,4867600,241100
91210008,108 AV DU GENERAL DE GAULLE,DRAVEIL,91210,4868700,240100
91210009,6 AVENUE DE L'EUROPE,DRAVEIL,91210,4868140.1572312,242939.25471744
91220001,CCIAL MAISON NEUVE,BRéTIGNY-SUR-ORGE,91220,4858700,230400
91220005,CHEMIN DEPARTEMENTAL 19,Le Plessis-Pâté,91220,4860800,233100
91230001,105 Avenue de la République,Montgeron,91230,4870300,246300
91230003,72 Avenue Jean Jaurès,Montgeron,91230,4871600,244600
91230005,RN 6,Montgeron,91230,4869100,245400
91240003,ROUTE DE LA BOELE,Saint-Michel-sur-Orge,91240,4863000,229700
91250001,3 Pl. de l'Europe,Saint-Germain-lès-Corbeil,91250,4861959.2874506,249278.393248
91250004,183 Route de Melun,SAINTRY-SUR-SEINE,91250,4859400,250300
91250010,7 AVENUE DU GENERAL LECLERC,Saint-Germain-lès-Corbeil,91250,4862613,249147
91250011,LIEUDIT BUTTE DE GRAVOIS RN104,Saint-Germain-lès-Corbeil,91250,4863100,248600
91260001,8 Rue de la Longueraie,VIGNEUX-SUR-SEINE,91270,4872000,244200
91260002,Avenue Camille Desmoulins,JUVISY-SUR-ORGE,91260,4869500,235600
91270002,5 Avenue Henri Barbusse,VIGNEUX-SUR-SEINE,91270,4869700,241500
91270003,54 Avenue Henri Barbusse,VIGNEUX-SUR-SEINE,91270,4870000,242000
91280001,rue Marguerite Yourcenar,SAINT-PIERRE-DU-PERRAY,91280,4861400,250600
91290005,4 Route de Marolles,La Norville,91290,4857800,225800
91290006,ROUTE DE LIMOURS,ARPAJON,91290,4860000,224000
91290007,25 ROUTE D'ORLEANS RN 20,Saint-Germain-lès-Arpajon,91180,4860320.1054201,224781.51377558
91300006,Route de Palaiseau,MASSY,91300,4872900,224500
91300007,Avenue de l'Europe,Massy,91300,4872600,228000
91300019,190 AVENUE DU MARÉCHAL LECLERC,MASSY,91300,4873900,230200
91300020,40 ROUTE DE PALAISEAU,MASSY,91300,4872852,224518
91300022,VOIE EXPRESS CD 117,Massy,91300,4873100,224200
91310002,Chemin des Échassons,LONGPONT-SUR-ORGE,91310,4865300,227400
91310004,3 rue du 8 mai 1945,Leuville-sur-Orge,91310,4862300,226700
91350002,17 ROUTE DE CORBEIL,GRIGNY,91350,4865700,238400
91360003,ROUTE de Corbeil,ÉPINAY-SUR-ORGE,91360,4866764.153721,233436.5708351
91360004,LIAISON CD 25 A CD 17,Épinay-sur-Orge,91360,4866849.5636388,233857.03993893
91370001,BD DU MARECHAL JUIN,Verrières-le-Buisson,91370,4875300,227300
91380004,7 Avenue Pierre Brossolette,Chilly-Mazarin,91380,4870100,231900
91380007,118 Rue de la Passerelle,CHILLY-MAZARIN,91380,4869900,232100
91380009,10 Rue Pierre Brossolette,Chilly-Mazarin,91380,4869900,230300
91380010,32 AV. PIERRE BROSSOLETTE,Chilly-Mazarin,91380,4870200,232000
91380011,RUE DE LONGJUMEAU RUE AMPERE,Chilly-Mazarin,91380,4871300,229800
91380012,38 ROUTE DE LONGJUMEAU,Chilly-Mazarin,91380,4870562.9088765,229628.92758557
91390003,INTERMARCHE FLOTIN,Morsang-sur-Orge,91390,4866238.1537766,235927.27991082
91400005,4 Espace trois quartiers,Gometz-la-Ville,91400,4867000,212000
91400008,17 RUE ARCHANGE,ORSAY,91400,4869762,218628
91410001,101 Avenue de Paris,DOURDAN,91410,4853100,202900
91410003,48 rue Raymond Laubier,DOURDAN,91410,4852800,202300
91410004,69 Avenue Charles de Gaulle,MORANGIS,91420,4870600,234300
91420002,RUE DE SAVIGNY,Morangis,91420,4869300,233700
91420004,avenue blaise pascal,MORANGIS,91420,4869700,233300
91430003,ROUTE NATIONALE 444,Igny,91430,4873500,222500
91450001,Rond Point des Coudray,ÉTIOLLES,91450,4863900,245800
91460008,ZAC DE LA CROIX DE BELLEJAME,Marcoussis,91460,4864065,224877
91460013,N104 LIEUDIT BEAUVERT,Marcoussis,91460,4864800,218900
91460014,F6 VOIE EXPRESS FONDS PRES,Marcoussis,91460,4863800,220200
91470007,20 RUE DE CHARTRES,LIMOURS,91470,4864167.09,206514.17
91470008,"RN 152, Route d'Arpajon",LIMOURS,91470,4864300,209200
91480002,61 Rue de Brunoy,Quincy-sous-Sénart,91480,4867700,252700
91490003,Grande Rue,Oncy-sur-École,91490,4839317,246614
91490004,ZA LE CHENET,Milly-la-Forêt,91490,4839900,243700
91490005,AV DE GANAY - RN 148,Milly-la-Forêt,91490,4840737.07208,246799.022236
91510002,10 Rue jacques Cartier,Lardy,91510,4853100,229400
91520001,22 Avenue d'Arpajon,ÉGLY,91520,4858200,223100
91540003,17 rue Faraday,MENNECY,91540,4856500,244700
91540004,Rue Jean Cocteau,Mennecy,91540,4856638.8654797,245070.39061738
91570003,ROUTE NATIONALE 118,Bièvres,91570,4874800,219700
91570004,RN118,Bièvres,91570,4874600,219700
91580001,8 avenue d'Orléans,ETRéCHY,91580,4848600,219000
91590001,26 rue Eugène Millet,LA FERTé-ALAIS,91590,4848500,234500
91590009,RN191 - ROUTE DE CORBEIL,BAULNE,91590,4850700,237442
91600005,35/37 RUE HENRI DUNANT,Savigny-sur-Orge,91600,4868000,234200
91610001,Z.A.C. de l'Aunaye,Ballancourt-sur-Essonne,91610,4853100,238800
91620001,5 RUE DE LA CROIX SAINT JACQUES,LA VILLE-DU-BOIS,91620,4867000,227700
91630001,Rue de la gare,MAROLLES-EN-HUREPOIX,91630,4856445,229216
91630007,RN 20 DIRECTION PARIS,AVRAINVILLE,91630,4856200,222700
91630008,Route Nationale 20,AVRAINVILLE,91630,4856800,223200
91640003,AUTOROUTE A10 - AIRE DE LIMOURS BRIIS SOUS FORGES,Briis-sous-Forges,91640,4863500,214800
91640004,A10 AIRE DE LIMOURS JANVRY,JANVRY,91640,4863680.905,214752.896
91650001,LE BUISSON RONDEAU,Breuillet,91650,4856900,216300
91660001,Route d'Angerville,MéRéVILLE,91660,4831300,207600
91670001,14 Rue du Pont Lafleur,ANGERVILLE,91670,4832000,200300
91700003,139 Route de Corbeil,SAINTE-GENEVIèVE-DES-BOIS,91700,4863900,233400
91700005,RN 104 ZI DES CIROLIERS,FLEURY MEROGIS,91700,4862400,237000
91700006,70 ROUTE DE CORBEIL,Sainte-Geneviève-des-Bois,91700,4864218.06,232860.11
91710001,"8, rue Berthollet",VERT-LE-PETIT,91710,4853969,236564
91760001,Route de la Ferté-Alais,ITTEVILLE,91760,4850264,234774
91800005,Centre Commercial Val d'Yerres 2,Boussy-Saint-Antoine,91800,4868000,253700
91800009,5 BD CHARLES DE GAULLE,BRUNOY,91800,4869500,250500
91800010,01 HAMEAU LACHAMBAUDIE,Brunoy,91800,4869754.6041114,250672.17962489
91814001,ROUTE DE VILLOISON,VILLABE,91100,4858400,244400
91940007,Avenue des Cévennes,Les Ulis,91940,4868200,217300
91940008,1 AV DE L OCEANIE ZAC COURTABOEU,LES ULIS,91940,4867800,219900
91940009,4 AV DE L'OCEANIE - ZAC COURTAB,LES ULIS,91940,4867800,219900
91942001,Centre Commercial Ulis 2,LES ULIS,91940,4867600,217100
92000015,93 Avenue Vladimir Illitch Lénine,Nanterre,92000,4888800,218800
92000018,47 BLD DU HAVRE,NANTERRE,92000,4891900,222300
92000019,"77, AVENUE LENINE",NANTERRE,92000,4888800,219000
92000020,141 RUE PV COUTURIER,NANTERRE,92000,4888327,220390.52
92000021,182 RUE P.VAILLANT COUTURIER,NANTERRE,92000,4888100,220600
92000024,265 AV GEORGES CLEMENCEAU,NANTERRE,92000,4888600,222200
92100010,16 Avenue André Morizet,Boulogne-Billancourt,92100,4883468,224193
92100014,29-31 AVENUE MORIZET,BOULOGNE BILLANCOURT,92100,4883585,223898
92100015,108 AV.A MORIZET,BOULOGNE BILLANCOURT,92100,4884000,223100
92100016,263 BOULEVARD JEAN JAURES,Boulogne-Billancourt,92100,4882600,224800
92110010,143/145 BLD JEAN JAURES,CLICHY,92110,4890700,230100
92110011,10 BLD DU GENERAL LECLERC,CLICHY,92110,4890000,231700
92120002,91 Avenue Aristide Briand,MONTROUGE,92120,4881468,232592
92120004,70-74 AV ARISTIDE BRIAND,MONTROUGE,92120,4881300,235700
92130005,115 Avenue du Général de Gaulle,Issy-les-Moulineaux,92130,4881800,227700
92130006,18-22 BLD DES FRERES VOISIN,Issy-les-Moulineaux,92130,4882784.166,227133.643
92140005,448 AV GENERAL DE GAULLE,Clamart,92140,4878000,223800
92140009,5 Rue de Vanves,CLAMART,92140,4881200,227100
92140014,320 AV DU GENERAL DE GAULLE,CLAMART,92140,4878500,225100
92140015,6 AVENUE CLAUDE TREBIGNAUD,CLAMART,92140,4879300,225300
92140016,1 AVENUE CLAUDE TREBIGNAUD,CLAMART,92140,4879400,225200
92150006,131 BOULEVARD HENRI SELLIER,SURESNES,92150,4886500,221900
92150008,138 BOULEVARD HENRI SELLIER,Suresnes,92150,4886200,221600
92160001,134 Rue Pascal,ANTONY,92160,4874000,231500
92160003,18 Rue Jean Moulin,Antony,92160,4875300,230800
92160006,100 AV DU PRESIDENT KENNEDY,ANTONY,92160,4873800,229500
92170002,59 RUE JEAN BLEUZEN,VANVES,92170,4882274,229497
92190003,97 TER ROUTE DU PAVE DES GARDES,MEUDON,92190,4881320.03,221690.094
92200005,RUE ACHILE PERETTI - TOTAL,Neuilly-sur-Seine,92200,4888361.34,227251.78
92200006,31 AVENUE DU ROULE,NEUILLY,92200,4888200,228000
92210003,24 Rue Pasteur,Saint-Cloud,92210,4884200,220200
92210008,35 Boulevard de la République,SAINT-CLOUD,92210,4884500,221000
92210009,65 QUAI MARCEL DASSAULT,Saint-Cloud,92210,4885500,222300
92220009,12 Avenue du Général de Gaulle,Bagneux,92220,4879700,229800
92220010,98T AV DE BOURG LA REINE,BAGNEUX,92220,4878500,230500
92230003,21 Rue Louis Calmel,GENNEVILLIERS,92230,4892600,229200
92230008,192 Avenue Louis Roche,GENNEVILLIERS,92230,4893270,230440
92230010,113 AV LAURENT CELY,GENNEVILLIERS,92230,4892082,230617
92230011,37 AVENUE LUCIEN LANTERNIER,GENNEVILLIERS,92230,4893200,229000
92240001,22 Boulevard Gabriel Péri,MALAKOFF,92240,4881915,229591
92240010,76 avenue Pierre LAROUSSE,Malakoff,92240,4882000,230500
92242003,12 Avenue Pierre Brossolette,MALAKOFF,92242,4882100,231200
92250002,13 Avenue de Verdun-1916,La Garenne-Colombes,92250,4890600,223600
92260001,21 Avenue Jeanne et Maurice Dolivet,Fontenay-aux-Roses,92260,4879300,229000
92300004,2/10 BLD FORT DE VAUX,PARIS,75017,4889300,230200
92300013,162 RUE VICTOR HUGO,Levallois-Perret,92300,4889900,229400
92300014,"106, rue du président wilson",Levallois-Perret,92300,4889600,228700
92330002,77 Avenue Ãdouard Depreux,SCEAUX,92330,4877400,228000
92340002,18 BD MARECHAL JOFFRE,Bourg-la-Reine,92340,4878600,231700
92380007,173 179 RUE DE LA PORTE JAUNE,GARCHES,92380,4885100,220400
92390001,37 Avenue de Verdun,Villeneuve-la-Garenne,92390,4893500,233100
92400013,82 Quai du Maréchal Joffre,Courbevoie,92400,4890200,227800
92400016,41 QUAI PAUL DOUMER,COURBEVOIE,92400,4889400,226000
92400017,72 BLD DE VERDUN,COURBEVOIE,92400,4890200,225900
92400018,53-55 RUE DE L'ALMA,COURBEVOIE,92400,4889685,225419
92400020,43-47 BOULEVARD DE VERDUN,COURBEVOIE,92400,4890000,226100
92410001,191 Rue de Versailles,Ville-d'Avray,92410,4881900,216800
92420002,18 Boulevard de la République,VAUCRESSON,92420,4883900,216600
92500012,119 AVENUE DU PDT POMPIDOU,Rueil-Malmaison,92500,4886843,219878
92500013,32-40 AVENUE DU 18 JUIN 1940,Rueil-Malmaison,92500,4886800,219100
92500015,246 ROUTE DE L'EMPEREUR,RUEIL MALMAISON,92500,4886200,218400
92500017,155 AVENUE PAUL DOUMER,Rueil-Malmaison,92500,4887062.22,218045.32
92600007,96 Avenue d'Argenteuil,ASNIèRES-SUR-SEINE,92600,4891500,228300
92600009,272 AVENUE DES GRESILLONS,Asnières-sur-Seine,92600,4892000,231300
92700023,64 BD CHARLES DE GAULLE,COLOMBES,92700,4891100,223500
92700024,44-50 BD DE VALMY,COLOMBES,92700,4892600,225300
92800007,Quai de Dion-Bouton,PUTEAUX,92800,4888000,224500
92800008,42 QUAI DE DION BOUTON,PUTEAUX,92800,4888300,224800
93000010,54 AVENUE LOUIS ARAGON,BOBIGNY,93000,4891400,244100
93000011,19 AV JEAN JAURES,BOBIGNY,93000,4890600,244500
93100011,16 Boulevard Aristide Briand,Montreuil,93100,4886900,244800
93100014,48-54 BOULEVARD THEOPHILE SUEUR,MONTREUIL,93100,4886885,247055
93100015,86 RUE DE PARIS,MONTREUIL,93100,4885700,243000
93100017,"151, RUE NOUVELLE France",MONTREUIL,93100,4886300,246400
93110005,12/14 BD.GABRIEL PERI - TOTAL,Rosny-sous-Bois,93110,4887800,248200
93110006,116 AVENUE DU PRESIDENT JOHN KENNEDY,ROSNY SOUS BOIS,93110,4887998.1,249274.8
93120004,AUTOROUTE A1 - AIRE DE LA COURNEUVE EST,LA COURNEUVE,93120,4893400,239000
93120005,AUTOROUTE A1 - AIRE DE LA COURNEUVE OUEST - SENS LILLE/PARIS,LA COURNEUVE,93120,4893500,239400
93130006,140 Rue de Paris,NOISY-LE-SEC,93130,4890200,246200
93130007,Rue de la Chasse,Noisy-le-Sec,93130,4888000,245700
93130009,20-30 RUE JULES AUFFRET,Noisy-le-Sec,93130,4888800,245500
93130011,107 RUE DE BREMENT,Noisy-le-Sec,93130,4888800,246000
93140002,108 Avenue Gallieni,Bondy,93140,4890573.6767977,248145.02497433
93140003,205 Avenue Gallieni,Bondy,93140,4890700,248900
93140004,175 AV MAL GALLIENI,BONDY,93140,4890700,248500
93150007,2 AV DU 8 MAI 1945,Le Blanc-Mesnil,93150,4894800,243800
93150008,1 Avenue Armand Esders,LE BLANC-MESNIL,93150,4894800,246700
93150009,140 AVENUE DE LA REPUBLIQUE,Le Blanc-Mesnil,93150,4893500,247300
93150011,192 Avenue Charles Floquet,Le Blanc-Mesnil,93150,4894091.2442423,244583.37339048
93150012,60 - 68 PAUL VAILLANT COUTURIER,Le Blanc-Mesnil,93150,4892800,247400
93160001,33 Avenue Médéric,Noisy-le-Grand,93160,4883000,256100
93160004,2 Rue des Hauts-Châteaux,Noisy-le-Grand,93160,4884300,257700
93160005,22 Route de Neuilly,Noisy-le-Grand,93160,4885100,253500
93160006,4 Boulevard du Maréchal Foch,Noisy-le-Grand,93160,4884500,252800
93160008,Rue du Centre Centre Reg Mont D'Est,Noisy-le-Grand,93160,4883812.5330121,254756.3329687
93160009,104/106 AV MEDERIC,Noisy-le-Grand,93160,4882900,256900
93170002,44-48 AVENUE DE LA REPUBLIQUE,BAGNOLET,93170,4886205,241650
93190001,2 allée de l est,LIVRY-GARGAN,93190,4892900,255500
93190002,70 Boulevard Marx Dormoy,LIVRY-GARGAN,93190,4890551.05953,252200.168155
93190004,137 Avenue Aristide Briand,LIVRY-GARGAN,93190,4891400,252600
93190006,"69, AVENUE ARISTIDE BRIAND",LIVRY GARGAN,93190,4891200,251900
93190007,41/45 BOULEVARD ROBERT SCHUMAN,Livry-Gargan,93190,4892800,254900
93200008,112 AV P. VAILLANT COUTURIER,Saint-Denis,93200,4893500,236800
93210003,207-213 AVENUE DU PDT WILSON,La plaine-saint-denis,93210,4891200,235800
93230005,22 AVENUE LENINE,ROMAINVILLE,93230,4888400,243000
93240001,80 BOULEVARD MAXIME GORKI,STAINS,93240,4894900,238500
93240007,21 AV.DE STALINGRAD - COURS ST L,STAINS,93240,4894874.99536,237988.07028
93240008,17 AVENUE MARCEL CACHIN,STAINS,93240,4895763,238253
93240009,"201-203 avenue de Stalingrad, 93240 Stains",Stains,93240,4895900,239800
93250009,32 AV DE ROSNY,VILLEMOMBLE,93250,4888500,250500
93260007,238 RUE DE PARIS,LES LILAS,93260,4888021,241759
93270001,ROUTE DES PETITS PONTS,Sevran,93270,4895100,252800
93270006,29 Avenue du Général Leclerc,SEVRAN,93270,4893900,252700
93270008,50 avenue john fitzgerald kennedy,SEVRAN,93270,4893600,251500
93290003,AV GILBERT BERGER,TREMBLAY-EN-FRANCE,93290,4894674.60327,257048.818541
93290005,DEVIATION CD 88 - 1 ROUTE DE ROI,Tremblay-en-France,93290,4898400,255000
93290006,62-68 ROUTE DES PETITS PONTS,Tremblay-en-France,93290,4896400,256400
93300001,43 Avenue du Président Roosevelt,Aubervilliers,93300,4891800,237900
93300003,100 RUE CHARLES TILLON,AUBERVILLIERS,93300,4891900,239400
93300008,55 Rue de la Commune de Paris,AUBERVILLIERS,93300,4891000,238000
93300009,62-64 AVENUE DE LA REPUBLIQUE,AUBERVILLIERS,93300,4890900,238600
93300010,126 Avenue Victor Hugo,Aubervilliers,93300,4891200,238000
93320002,262 AVENUE ARISTIDE BRIAND,Les Pavillons-sous-Bois,93320,4891000,251000
93330004,AVENUE JEAN JAURES,Neuilly-sur-Marne,93330,4886583.6168664,256269.534165
93330005,9 TER BD MARECHAL FOCH,Neuilly-sur-Marne,93330,4885427,252019
93330006,29-33 BLD DU MARECHAL FOCH,Neuilly-sur-Marne,93330,4885552.1586507,252531.54972287
93350003,7/9 AV DU 8 MAI 1945,LE BOURGET,93350,4894200,243200
93360002,3 CHEMIN DE MEAUX,Neuilly-Plaisance,93360,4886200,251000
93370001,"186, avenue jean-jaurès",MONTFERMEIL,93370,4889900,254900
93380009,"42, BOULEVARD JEAN MERMOZ",Pierrefitte-sur-Seine,93380,4896609.70452,236413.094302
93380010,185 BD JEAN MERMOZ,Pierrefitte-sur-Seine,93380,4897300,236600
93390001,12 Allée de la Fosse-Maussoin,CLICHY-SOUS-BOIS,93390,4890700,253200
93400010,56-74 AVENUE MICHELET,Saint-Ouen,93400,4890800,234400
93410002,64 Rue de Meaux,Vaujours,93410,4893500,256700
93420001,Boulevard Robert Ballanger,VILLEPINTE,93420,4896009.9,255348.3
93420004,Rue des Buttes,Villepinte,93420,4897500,249600
93420007,BD ROBERT BALLANGER D115,VILLEPINTE,93420,4895396.5389285,253368.6306402
93420008,AVENUE G CLEMENCEAU CD 40,VILLEPINTE,93420,4895700,256000
93470002,ZAC DES PRES CD N° 136,COUBRON,93470,4891500,258900
93500008,130-132 AVENUE DU GENERAL LECLERC,PANTIN,93500,4890000,241100
93600006,Rue Isaac Newton,Aulnay-sous-Bois,93600,4893022,251132
93600016,BLD MARC CHAGALL,Aulnay-sous-Bois,93600,4895144.4,248951
93600018,RUE MICHEL ANGE ROUTE N 370,Aulnay-sous-Bois,93600,4895300,248600
93600019,32 RUE JACQUES DUCLOS,Aulnay-sous-Bois,93600,4894482,249526
93600020,110 BD DE STRASBOURG,Aulnay-sous-Bois,93600,4892400,248600
93606001,ZONE DE PARINOR SECTEUR N°2,Aulnay-sous-Bois,93600,4895500,247600
93700003,"80, rue Saint Stenay",DRANCY,93700,4891800,241800
93700004,35-39 AVENUE HENRI BARBUSSE,DRANCY,93700,4891600,244400
93800003,86 Avenue de Lattre de Tassigny,Épinay-sur-Seine,93800,4896000,230400
93800005,159 Route de Saint-Leu,EPINAY SUR SEINE,93800,4895400,233500
93800006,53 ROUTE DE SAINT LEU,Épinay-sur-Seine,93800,4894900,234300
94000004,22 Avenue Pierre Brossolette,Créteil,94000,4879100,246200
94000006,69 Avenue Pierre Brossolette,Créteil,94000,4879000,246400
94000009,63 Avenue du Général de Gaulle,Créteil,94000,4879038.8298253,244517.40423071
94000010,AUTOROUTE A86 CARRE.POMPADOUR,Créteil,94000,4877736.5166952,244091.42048333
94000011,ROUTE DE CHOISY RN 186,Créteil,94000,4878292,244670
94000012,ROUTE DE CHOISY - RN186,Créteil,94000,4875300,236100
94003002,AUTOROUTE A86 AIRE DE CARREFOUR POMPADOUR,Créteil,94000,4877982.431969,244086.83431092
94012001,119 Avenue du Général de Gaulle,Créteil,94000,4878186.7204601,245789.45751426
94100005,"57, Rue Delerue",SAINT-MAUR-DES-FOSSéS,94100,4879623.7162845,249299.10965866
94100006,99/101 Avenue Foch,Saint-Maur-des-Fossés,94100,4879900,250000
94100011,57 BD DE CRETEIL,Saint-Maur-des-Fossés,94100,4879800,248100
94100013,64 AVENUE FOCH,SAINT-MAUR-DES-FOSSÉS,94100,4880057.83,249499.24
94110003,23 Avenue Paul Doumer,Arcueil,94110,4880700,233700
94110004,20 Avenue Paul Vaillant-Couturier,Arcueil,94110,4880100,234000
94110005,89 AV A. BRIAND,ARCUEIL,94110,4880400,232500
94120005,236 Avenue de la République,Fontenay-sous-Bois,94120,4885300,246600
94120010,RUE PT GAL DE GAULLE,Fontenay-sous-Bois,94120,4885300,248500
94130003,"128, BOULEVARD DE STRASBOURG",Nogent-sur-Marne,94130,4884300,248600
94140004,43 QUAI AUGUSTE BLANQUI,ALFORTVILLE,94140,4880430,241212
94150005,AUTOROUTE A106 - AIRE DE RUNGIS DELTA PONDO,RUNGIS,94150,4875758.28377,234834.600555
94150008,ROUTE NATIONALE 186,RUNGIS,94150,4875400,236200
94150009,ROUTE NATIONALE 186,RUNGIS,94150,4875300,236100
94160001,186 Avenue Gallieni,SAINT-MANDé,94160,4884700,241600
94170002,264 Avenue du Général de Gaulle,Le Perreux-sur-Marne,94170,4885100,249500
94170004,44-46 Avenue de BRY,LE PERREUX SUR MARNE,94170,4883500,249700
94190002,20 Rue Winston Churchill,Villeneuve-Saint-Georges,94190,4875400,245000
94190007,232 RUE DE PARIS,Villeneuve-Saint-Georges,94190,4874205.2731851,244691.0938728
94200008,168-180 BLD DE STALINGRAD,Ivry-sur-Seine,94200,4880595,237609
94200009,79 AV. GEORGES GOSNAT,IVRY SUR SEINE,94200,4881300,238900
94204001,10 Rue Westermeyer,IVRY-SUR-SEINE,94200,4881900,239600
94220003,114 Rue de Paris,Charenton-le-Pont,94220,4882500,240800
94220004,4 BIS AV DE LA LIBERTE,Charenton-le-Pont,94220,4882225,240285
94240004,110 Boulevard Paul Vaillant-Couturier,L'Hay-les-Roses,94240,4877700,234000
94250001,67 Avenue Raspail,Gentilly,94250,4881400,234800
94270005,Avenue de Fontainebleau,LE KREMLIN-BICêTRE,94270,4880770.6768264,236264.14755007
94290003,32 Avenue le Foll,VILLENEUVE-LE-ROI,94290,4872873.9311158,243184.46308188
94310002,8 Place Gaston Viens,Orly,94310,4874300,240800
94310004,106 AVENUE LA VICTOIRE,ORLY,94310,4874588,238308
94340007,39 RUE CHAPSAL,Joinville-le-Pont,94340,4882200,246500
94340008,17/19 BD DE L'EUROPE,JOINVILLE LE PONT,94340,4881400,246600
94350003,75 RUE DE NOISY,VILLIERS SUR MARNE,94350,4883400,254700
94370003,1 Rue de Paris,Sucy-en-Brie,94370,4877300,250000
94370005,69 Route de la Queue en Brie,Sucy-en-Brie,94370,4876100,253300
94370008,63/71 AV DU GENERAL LECLERC,Sucy-en-Brie,94370,4877700,251100
94380002,ROUTE DE LA POMPADOUR,Bonneuil-sur-Marne,94380,4876500,247800
94380003,5 AVENUE DES ROSES,BONNEUIL SUR MARNE,94380,4876669.3142123,249011.01735978
94380004,AVENUE JEAN ROSTAND,Bonneuil-sur-Marne,94380,4876736,248537
94400003,159 Avenue Rouget de l'Isle,Vitry-sur-Seine,94400,4878200,239500
94400004,2 Rue Eugène Hénaff,VITRY-SUR-SEINE,94400,4879400,241600
94400005,34 AV. HENRI BARBUSSE,Vitry-sur-Seine,94400,4879300,239000
94420001,63 avenue Maurice Berteaux,Le Plessis-Trévise,94420,4881300,256600
94420005,26 AVENUE ARDOUIN,Le Plessis-Trévise,94420,4881000,257200
94430003,85 Route de Provins Cc Pincevent,Ormesson-sur-Marne,94490,4879300,255400
94430007,79 RUE DES FUSILLES DE CHATEAUBR,Chennevières-sur-Marne,94430,4879900,254300
94440001,Rue d'Yerres,Villecresnes,94440,4872100,252500
94450004,1 BIS AV GABRIEL PERI,Limeil-Brévannes,94450,4875500,248400
94460001,44 rue Sablonnière,Valenton,94460,4874926,245465
94470002,36 Avenue du Général Leclerc,Boissy-Saint-Léger,94470,4874900,250900
94470006,55 Av du général Leclerc,Boissy-Saint-Léger,94470,4874800,251000
94500007,156 Rue Alexandre Fourny,Champigny-sur-Marne,94500,4882000,253100
94500010,247 AV CHARLES DE GAULLE,Champigny-sur-Marne,94500,4882800,251300
94500011,114 AV. DU GENERAL DE GAULLE,CHAMPIGNY SUR MARNE,94500,4882300,249500
94500014,97 AVENUE GENERAL DE GAULLE,Champigny-sur-Marne,94500,4882300,249400
94510001,2 Rue du Général de Gaulle,LA QUEUE-EN-BRIE,94510,4878900,257600
94537002,1 RUE DES LANCES,ORLY,94537,4875000,238900
94542003,"SARL Jaby, ORLY Ouest 453",ORLY,94542,4873200,236600
94550001,264 Avenue de Stalingrad,Chevilly-Larue,94550,4876700,236800
94550002,14 AV DU GENERAL DE GAULLE,Chevilly-Larue,94550,4877313,233780
94594002,103 Boulevard Circulaire E Fruileg,RUNGIS,94594,4876462.3658984,235664.44220819
94594003,RUE DU VIADUC,RUNGIS CEDEX,94594,4876047.3268084,234866.1444053
94600003,14 Boulevard de Stalingrad,Choisy-le-Roi,94600,4876800,240300
94600005,36 Avenue de Lugo,CHOISY-LE-ROI,94600,4877200,240900
94600007,33 AV.DE LUGO,Choisy-le-Roi,94600,4877100,240900
94651002,334 THAIS SUD C.C Belle Epine,Thiais,94651,4875500,237500
94700005,5 Avenue Léon Blum,Maisons-Alfort,94700,4880200,243600
94700007,99 AVENUE DU GL LECLERC,MAISONS-ALFORT,94700,4880694.77421,243827.166369
94700008,135 AV DU GENERAL LECLERC,Maisons-Alfort,94700,4880623,243809
94800007,117 BLD MAXIME GORKI,VILLEJUIF,94800,4879300,237000
94800008,60 AV DE STALINGRAD,VILLEJUIF,94800,4878541.7567889,236659.9755323
94880001,1 Rue Sadi Carnot,Noiseau,94880,4877667,255134
95000011,ANGLE AV GROUETTES BLD L'HAUTIL,Cergy,95000,4903200,206900
95100006,239 Route d'Enghien,Argenteuil,95100,4895700,228400
95100007,RN 311 QUAI ST DENIS,Argenteuil,95100,4894500,226300
95100011,2 Avenue Gabriel Péri,Argenteuil,95100,4894300,225300
95100021,63 Avenue Jean Jaurès,Argenteuil,95100,4894000,223300
95100029,141 Av. de la Division Leclerc,SARCELLES,95200,4898361.5089971,236997.124557
95100030,RUE JACQUES BREL,ARGENTEUIL,95100,4895763,227971
95100032,Rue des Grives Zac Fosse Aux Loups,Argenteuil,95100,4894500,220700
95100033,193 AVENUE HENRI BARBUSSE,ARGENTEUIL,95100,4893300,223300
95100034,176 AVE STALINGRAD,ARGENTEUIL,95100,4895500,227300
95100035,8 R DES MARTYRS CHATEAUBRIANT,ARGENTEUIL,95100,4895230.6479647,221301.57579777
95100037,5-7 BLD DES MARTYRS DE CHATEAUBRIAND,Argenteuil,95100,4895163.4109562,221229.29705522
95110006,38-42 BOULEVARD GABRIEL PERI,SANNOIS,95110,4896700,226200
95110007,82 BLD GABRIEL PERI,SANNOIS,95110,4896300,226000
95120001,Avenue du Président Georges Pompidou,ERMONT,95120,4898700,224700
95120002,16 Rue du 18 Juin,Ermont,95120,4899000,225700
95130001,9 Boulevard du Bel Air,Franconville,95130,4898600,223800
95137001,362 Rue du Général Leclerc,FRANCONVILLE,95130,4898928.5938081,220654.67998684
95140001,Boulevard de la MUETTE,GARGES-LèS-GONESSE,95140,4897500,241800
95150001,CENTRE COMMERCIAL LES PORTES DE TAVERNY,TAVERNY,95150,4901466.69398,222190.168155
95150002,180 Rue d'Herblay,TAVERNY,95150,4901600,220700
95150005,AVENUE DE LA DIVISION LECLERC,TAVERNY,95150,4901800,222000
95160003,Avenue de Domont,MONTMORENCY,95160,4901000,231300
95170001,28 Avenue de la Division Leclerc,Deuil-la-Barre,95170,4896800,231600
95170002,17 Route de Saint-Denis,Deuil-la-Barre,95170,4896100,232600
95180001,1 Côte des Auges,MENUCOURT,95180,4902938,199173
95190003,1 rue Jacques Anquetil,GOUSSAINVILLE,95190,4902200,245600
95190005,32/38 AV DE LA GARE,GOUSSAINVILLE,95190,4901562.5843572,247026.20933139
95190006,"182, RUE ALBERT SARRAUT",GOUSSAINVILLE,95190,4903800,245500
95220003,61 Boulevard DU HAVRE,Herblay,95220,4900600,217200
95220005,421 Route de Conflans,Herblay,95220,4900469,212666
95220006,"34, AV. DE LA LIBERATION",HERBLAY,95220,4900291,218698
95230006,59 Avenue Kellermann,Soisy-sous-Montmorency,95230,4897800,229200
95230008,20 AV.DE PARIS,Soisy-sous-Montmorency,95230,4898690,229595
95230010,63 AVENUE DE PARIS,SOISY-SOUS-MONTMORENCY,95230,4899075.3655031,228923.81272629
95240003,"27, 29, 31, Boulevard Clemenceau",CORMEILLES-EN-PARISIS,95240,4897100,219200
95260003,48 RUE DE L'ISLE ADAM - RN322,Beaumont-sur-Oise,95260,4913800,227500
95270001,LE CLOS PONTCEL D 316,LUZARCHES,95270,4911900,242700
95270002,ROUTE DE ROYAUMONT,VIARMES,95270,4913700,237300
95270004,RN 16,ÉPINAY-CHAMPLâTREUX,95270,4908500,241600
95270006,RN 16,CHAUMONTEL,95270,4912300,242700
95280001,Les versants de l'Hautil,Jouy-le-Moutier,95280,4901084.1476844,202983.30278809
95290001,BOULEVARD TILSIT,L'ISLE-ADAM,95290,4912400,224800
95290003,44 AVENUE DE PARIS,L'Isle-Adam,95290,4911045.09641,222459.192177
95300004,"11, AV DU GENERAL GABRIEL DELARUE",PONTOISE,95300,4904500,209600
95310003,27 Rue d'Épluches,SAINT-OUEN-L'AUMONE,95310,4905700,212400
95310010,52 RUE DE PARIS,Saint-Ouen-l'Aumône,95310,4904000,211600
95310011,RN 184 - ZI VERT GALANT,Saint-Ouen-l'Aumône,95310,4904775.666,213195.072
95320005,Boulevard André Brémond,Saint-Leu-la-Forêt,95320,4900800,224200
95320006,AV JEAN ROSTAND,Saint-Leu-la-Forêt,95320,4901300,224900
95330010,2 avenue du lycée,Domont,95330,4902800,233900
95331002,RN 1 - BP4,Domont,95331,4902800,234700
95340003,Rue du 8 Mai 1945,PERSAN,95340,4914600,228200
95340004,5 A 11 Avenue JEAN-JAURES,Persan,95340,4914666.712,228372.882
95350002,20 avenue robert schumann,SAINT-BRICE-SOUS-FORêT,95350,4900763,235163
95350004,47 AVENUE DU GENERAL DE GAULLE,Saint-Brice-sous-Forêt,95350,4899300,235900
95360001,136 Rue Jules Ferry,Montmagny,95360,4896300,233900
95370001,66 Boulevard Victor Bordier,MONTIGNY-LèS-CORMEILLES,95370,4899300,219800
95370003,211 Boulevard de Pontoise,MONTIGNY-LES-CORMEILLES,95370,4899200,218200
95370007,175 BOULEVARD DE PONTOISE,Montigny-lès-Cormeilles,95370,4898505.42078,218181.283895
95370008,177 BD VICTOR BORDIER,Montigny-lès-Cormeilles,95370,4899694,218922
95380001,zi de la briquetterie,LOUVRES,95380,4904900,249800
95380002,145 Rue de Paris,LOUVRES,95380,4904806.137,250257.752
95390001,41 Avenue du Général Leclerc,Saint-Prix,95390,4900335.2,226089.8
95400003,100 Avenue de la République,Arnouville-lès-Gonesse,95400,4898200,243100
95400004,59 Avenue Charles Vaillant,ARNOUVILLE,95400,4898600,241300
95400008,AVENUE DES ERABLES,Villiers-le-Bel,95400,4900053,239389
95420002,Route de rouen,MAGNY-EN-VEXIN,95420,4915700,178400
95420003,Route de Mantes,Magny-en-Vexin,95420,4914700,178700
95420005,RN 14,CHARMONT,95420,4913514,178964
95440001,56 Rue de la Libération,Écouen,95440,4902700,236900
95440002,Route Départementale 316,ÉCOUEN,95440,4903000,239000
95450006,RN 14 LIEUDIT LA MARLIERE,SAGY,95450,4906461.0342954,197894.64314269
95450007,RN14 - LIEU DIT LA MARLIERE,SAGY,95450,4906419.5539574,198270.89208983
95460003,ROUTE D'ECOUEN RN 370,EZANVILLE,95460,4902824.1057696,236550.05925033
95470006,2 AVENUE HENRI BARBUSSE,FOSSES,95470,4910021,252395
95470008,AUT A1 Aire de Vémars Ouest,VEMARS,95470,4907100,255100
95470009,Autoroute A1 - Aire de vémars Est,VEMARS,95470,4907200,255300
95472001,RD922,La Chapelle-en-Serval,60520,4910100,252800
95480002,AUTOROUTE A 15,Pierrelaye,95480,4901500,214600
95480003,AUTOROUTE A15 - AIRE DE PIERRELAYE,PIERRELAYE,95480,4901300,214900
95500006,1 Rue Georges Pompidou,GONESSE,95500,4898940.867009,243354.8852432
95500010,RN 370,GONESSE,95500,4896700,246500
95500011,RD 370 RUE NUNGESSER ET COLI,GONESSE,95500,4898112.74725,244507.480254
95500012,19 RUE GABRIEL PERI,GONESSE,95500,4899401,242407
95520001,chemin du Poirier Charles Guérin,OSNY,95520,4907700,207700
95520002,4 Chaussée Jules César,OSNY,95520,4905000,207500
95520004,Chemin des Hayettes,Osny,95520,4906800,208800
95520005,LIEUDIT LE CHAMP POURRI CD 915,OSNY,95520,4906100,208400
95540002,Route de Pontoise,MéRY-SUR-OISE,95540,4906100,217000
95540005,LIEUDIT LES 4 CHEMINS-RN1,MERY SUR OISE,95540,4905400,217500
95550002,ZAC DES MEUNIERS - 7 RUE STEPHANE HESSEL,Bessancourt,95550,4903300,220500
95570003,Route Nationale 1,MOISSELLES,95570,4904117.7467468,234220.49553388
95570007,RN1,Moisselles,95570,4904100,234300
95570009,9 RD 104,ATTAINVILLE,95570,4906000,234800
95600001,48 AVENUE KELLERMANN,EAUBONNE,95600,4897800,229100
95600002,5 Avenue Voltaire,Eaubonne,95600,4899400,228000
95610007,"RN184, direction St germain",ERAGNY-SUR-OISE,95610,4902600,210300
95610008,ROUTE NATIONALE 184,Eragny-sur-Oise,95610,4902600,210400
95640001,BOULEVARD GAMBETTA,MARINES,95640,4914700,197500
95640002,Boulevard Gambetta,Marines,95640,4914672.5,197444.2
95650002,CD 916 - ROUTE DE GISORS,GENICOURT,95650,4908200,206900
95712003,VOIE P5 ET F2 BP 20212,Roissy-en-France,95700,4900000,252300
95712004,1 RUE DE L'OR - BP.20212,Roissy-en-France,95700,4900910,253736
95740005,14 AVENUE DU GENERAL DE GAULLE,FREPILLON,95740,4904800,220100
95800001,RUE NEUVE,PUISEUX-PONTOISE,95650,4905600,201900
95800003,Boulevard d'Osny,Cergy,95800,4905299.3645837,204632.81651542
95870009,151 Avenue Gabriel Péri,BEZONS,95870,4893600,220800
95870010,179 avenue Gabriel Péri,Bezons,95870,4893688.8607759,220698.30018219
